word	code	red	green	blue	hex	count
00000000	0	194	87	87	#c25757	90711
00000001	1	69	168	194	#45a8c2	22775
00000010	2	194	111	51	#c26f33	18281
00000011	3	33	92	194	#215cc2	43892
00000100	4	209	191	94	#d1bf5e	14681
00000101	5	82	75	209	#524bd1	7269
00000110	6	168	209	55	#a8d137	15643
00000111	7	118	36	209	#7624d1	30115
00001000	8	140	224	101	#8ce065	23520
00001001	9	210	80	224	#d250e0	11723
00001010	10	59	224	77	#3be04d	6074
00001011	11	224	38	165	#e026a5	11117
00001100	12	108	240	178	#6cf0b2	25705
00001101	13	240	85	125	#f0557d	10302
00001110	14	63	240	231	#3ff0e7	16074
00001111	15	240	73	41	#f04929	43923
00010000	16	87	154	194	#579ac2	10414
00010001	17	194	142	69	#c28e45	7824
00010010	18	51	80	194	#3350c2	10095
00010011	19	193	194	33	#c1c221	10174
00010100	20	119	94	209	#775ed1	3590
00010101	21	151	209	75	#97d14b	1861
00010110	22	154	55	209	#9a37d1	6482
00010111	23	61	209	36	#3dd124	5081
00011000	24	224	101	217	#e065d9	4533
00011001	25	80	224	120	#50e078	8592
00011010	26	224	59	144	#e03b90	876
00011011	27	38	224	168	#26e0a8	2447
00011100	28	240	108	120	#f06c78	18893
00011101	29	85	222	240	#55def0	12562
00011110	30	240	121	63	#f0793f	12508
00011111	31	41	132	240	#2984f0	53950
00100000	32	194	167	87	#c2a757	0
00100001	33	69	74	194	#454ac2	0
00100010	34	169	194	51	#a9c233	0
00100011	35	95	33	194	#5f21c2	0
00100100	36	141	209	94	#8dd15e	0
00100101	37	183	75	209	#b74bd1	0
00100110	38	55	209	57	#37d139	2099
00100111	39	209	36	170	#d124aa	0
00101000	40	101	224	155	#65e09b	0
00101001	41	224	80	131	#e05083	4
00101010	42	59	224	201	#3be0c9	49927
00101011	43	224	51	38	#e03326	6
00101100	44	108	203	240	#6ccbf0	309
00101101	45	240	161	85	#f0a155	10
00101110	46	63	116	240	#3f74f0	15
00101111	47	240	223	41	#f0df29	0
00110000	48	101	87	194	#6557c2	102
00110001	49	152	194	69	#98c245	94
00110010	50	129	51	194	#8133c2	0
00110011	51	72	194	33	#48c221	48323
00110100	52	206	94	209	#ce5ed1	20561
00110101	53	75	209	99	#4bd163	16101
00110110	54	209	55	149	#d13795	20956
00110111	55	36	209	140	#24d18c	53
00111000	56	224	101	124	#e0657c	5296
00111001	57	80	221	224	#50dde0	17662
00111010	58	224	98	59	#e0623b	8347
00111011	59	38	141	224	#268de0	9951
00111100	60	240	194	108	#f0c26c	6901
00111101	61	85	106	240	#556af0	3095
00111110	62	226	240	63	#e2f03f	1726
00111111	63	98	41	240	#6229f0	2122
01000000	64	141	194	87	#8dc257	0
01000001	65	158	69	194	#9e45c2	0
01000010	66	62	194	51	#3ec233	0
01000011	67	194	33	172	#c221ac	0
01000100	68	94	209	134	#5ed186	0
01000101	69	209	75	134	#d14b86	0
01000110	70	55	209	173	#37d1ad	0
01000111	71	209	36	40	#d12428	0
01001000	72	101	201	224	#65c9e0	0
01001001	73	224	138	80	#e08a50	0
01001010	74	59	124	224	#3b7ce0	0
01001011	75	224	191	38	#e0bf26	0
01001100	76	112	108	240	#706cf0	0
01001101	77	202	240	85	#caf055	0
01001110	78	143	63	240	#8f3ff0	0
01001111	79	108	240	41	#6cf029	0
01010000	80	180	87	194	#b457c2	0
01010001	81	69	194	80	#45c250	0
01010010	82	194	51	151	#c23397	0
01010011	83	33	194	115	#21c273	0
01010100	84	209	94	126	#d15e7e	0
01010101	85	75	209	200	#4bd1c8	0
01010110	86	209	77	55	#d14d37	0
01010111	87	36	148	209	#2494d1	0
01011000	88	224	170	101	#e0aa65	0
01011001	89	80	113	224	#5071e0	0
01011010	90	224	222	59	#e0de3b	0
01011011	91	75	38	224	#4b26e0	0
01011100	92	186	240	108	#baf06c	0
01011101	93	181	85	240	#b555f0	0
01011110	94	93	240	63	#5df03f	0
01011111	95	240	41	232	#f029e8	0
01100000	96	87	194	114	#57c272	0
01100001	97	194	69	136	#c24588	0
01100010	98	51	194	147	#33c293	0
01100011	99	194	33	52	#c22134	0
01100100	100	94	198	209	#5ec6d1	0
01100101	101	209	116	75	#d1744b	0
01100110	102	55	130	209	#3782d1	0
01100111	103	209	162	36	#d1a224	0
01101000	104	101	109	224	#656de0	0
01101001	105	203	224	80	#cbe050	0
01101010	106	118	59	224	#763be0	0
01101011	107	118	224	38	#76e026	0
01101100	108	211	108	240	#d36cf0	0
01101101	109	87	240	85	#57f055	0
01101110	110	240	63	204	#f03fcc	0
01101111	111	41	240	123	#29f07b	0
01110000	112	194	87	127	#c2577f	0
01110001	113	69	194	173	#45c2ad	0
01110010	114	194	58	51	#c23a33	0
01110011	115	33	152	194	#2198c2	0
01110100	116	209	148	94	#d1945e	0
01110101	117	75	118	209	#4b76d1	0
01110110	118	209	192	55	#d1c037	0
01110111	119	53	36	209	#3524d1	0
01111000	120	186	224	101	#bae065	0
01111001	121	156	80	224	#9c50e0	0
01111010	122	103	224	59	#67e03b	0
01111011	123	214	38	224	#d626e0	0
01111100	124	108	240	128	#6cf080	0
01111101	125	240	85	183	#f055b7	0
01111110	126	63	240	165	#3ff0a5	0
01111111	127	240	41	83	#f02953	0
10000000	128	87	194	194	#57c2c2	0
10000001	129	194	95	69	#c25f45	0
10000010	130	51	134	194	#3386c2	0
10000011	131	194	135	33	#c28721	0
10000100	132	94	112	209	#5e70d1	0
10000101	133	202	209	75	#cad14b	0
10000110	134	96	55	209	#6037d1	0
10000111	135	126	209	36	#7ed124	0
10001000	136	186	101	224	#ba65e0	0
10001001	137	95	224	80	#5fe050	0
10001010	138	224	59	206	#e03bce	0
10001011	139	38	224	98	#26e062	0
10001100	140	240	108	170	#f06caa	0
10001101	141	85	240	200	#55f0c8	0
10001110	142	240	63	71	#f03f47	0
10001111	143	41	207	240	#29cff0	0
10010000	144	194	127	87	#c27f57	0
10010001	145	69	121	194	#4579c2	0
10010010	146	194	165	51	#c2a533	0
10010011	147	34	33	194	#2221c2	0
10010100	148	184	209	94	#b8d15e	0
10010101	149	132	75	209	#844bd1	0
10010110	150	110	209	55	#6ed137	0
10010111	151	183	36	209	#b724d1	0
10011000	152	101	224	109	#65e06d	0
10011001	153	224	80	185	#e050b9	0
10011010	154	59	224	139	#3be08b	0
10011011	155	224	38	95	#e0265f	0
10011100	156	108	240	227	#6cf0e3	0
10011101	157	240	104	85	#f06855	0
10011110	158	63	182	240	#3fb6f0	0
10011111	159	240	148	41	#f09429	0
10100000	160	87	114	194	#5772c2	0
10100001	161	194	189	69	#c2bd45	0
10100010	162	76	51	194	#4c33c2	0
10100011	163	132	194	33	#84c221	0
10100100	164	162	94	209	#a25ed1	0
10100101	165	101	209	75	#65d14b	0
10100110	166	209	55	207	#d137cf	0
10100111	167	36	209	75	#24d14b	0
10101000	168	224	101	170	#e065aa	0
10101001	169	80	224	174	#50e0ae	0
10101010	170	224	59	82	#e03b52	0
10101011	171	38	211	224	#26d3e0	0
10101100	172	240	145	108	#f0916c	0
10101101	173	85	164	240	#55a4f0	0
10101110	174	240	187	63	#f0bb3f	0
10101111	175	41	58	240	#293af0	0
10110000	176	180	194	87	#b4c257	0
10110001	177	111	69	194	#6f45c2	0
10110010	178	116	194	51	#74c233	0
10110011	179	155	33	194	#9b21c2	0
10110100	180	98	209	94	#62d15e	0
10110101	181	209	75	185	#d14bb9	0
10110110	182	55	209	115	#37d173	0
10110111	183	209	36	105	#d12469	0
10111000	184	101	224	201	#65e0c9	0
10111001	185	224	83	80	#e05350	0
10111010	186	59	186	224	#3bbae0	0
10111011	187	224	121	38	#e07926	0
10111100	188	108	153	240	#6c99f0	0
10111101	189	240	219	85	#f0db55	0
10111110	190	77	63	240	#4d3ff0	0
10111111	191	182	240	41	#b6f029	0
11000000	192	141	87	194	#8d57c2	0
11000001	193	105	194	69	#69c245	0
11000010	194	183	51	194	#b733c2	0
11000011	195	33	194	54	#21c236	0
11000100	196	209	94	170	#d15eaa	0
11000101	197	75	209	149	#4bd195	0
11000110	198	209	55	91	#d1375b	0
11000111	199	36	209	205	#24d1cd	0
11001000	200	224	124	101	#e07c65	0
11001001	201	80	167	224	#50a7e0	0
11001010	202	224	160	59	#e0a03b	0
11001011	203	38	72	224	#2648e0	0
11001100	204	236	240	108	#ecf06c	0
11001101	205	123	85	240	#7b55f0	0
11001110	206	160	240	63	#a0f03f	0
11001111	207	173	41	240	#ad29f0	0
11010000	208	101	194	87	#65c257	0
11010001	209	194	69	183	#c245b7	0
11010010	210	51	194	93	#33c25d	0
11010011	211	194	33	112	#c22170	0
11010100	212	94	209	177	#5ed1b1	0
11010101	213	209	75	84	#d14b54	0
11010110	214	55	187	209	#37bbd1	0
11010111	215	209	97	36	#d16124	0
11011000	216	101	155	224	#659be0	0
11011001	217	224	192	80	#e0c050	0
11011010	218	59	62	224	#3b3ee0	0
11011011	219	188	224	38	#bce026	0
11011100	220	161	108	240	#a16cf0	0
11011101	221	145	240	85	#91f055	0
11011110	222	209	63	240	#d13ff0	0
11011111	223	41	240	49	#29f031	0
11100000	224	194	87	167	#c257a7	0
11100001	225	69	194	127	#45c27f	0
11100010	226	194	51	98	#c23362	0
11100011	227	33	194	175	#21c2af	0
11100100	228	209	105	94	#d1695e	0
11100101	229	75	168	209	#4ba8d1	0
11100110	230	209	134	55	#d18637	0
11100111	231	36	83	209	#2453d1	0
11101000	232	224	217	101	#e0d965	0
11101001	233	101	80	224	#6550e0	0
11101010	234	165	224	59	#a5e03b	0
11101011	235	144	38	224	#9026e0	0
11101100	236	137	240	108	#89f06c	0
11101101	237	238	85	240	#ee55f0	0
11101110	238	63	240	99	#3ff063	0
11101111	239	240	41	157	#f0299d	0
11110000	240	87	194	154	#57c29a	0
11110001	241	194	69	90	#c2455a	0
11110010	242	51	187	194	#33bbc2	0
11110011	243	194	74	33	#c24a21	0
11110100	244	94	155	209	#5e9bd1	0
11110101	245	209	166	75	#d1a64b	0
11110110	246	55	72	209	#3748d1	0
11110111	247	191	209	36	#bfd124	0
11111000	248	140	101	224	#8c65e0	0
11111001	249	149	224	80	#95e050	0
11111010	250	180	59	224	#b43be0	0
11111011	251	48	224	38	#30e026	0
11111100	252	240	108	219	#f06cdb	0
11111101	253	85	240	142	#55f08e	0
11111110	254	240	63	138	#f03f8a	0
11111111	255	41	240	198	#29f0c6	0
