sorted_index	source_event_index	event_time	x	z	s	next_r	next_x
1	2269	18703.197317966238	1.458539664662	1.286219535398	2.127337953391	4.790498337416	-2.188720707951
2	1927	15882.929230271773	1.464911508393	1.290244271868	2.145965727423	4.581370094160	-2.140413533446
3	1686	13903.260386401527	1.465044524888	1.287998415200	2.146355459903	4.594926888851	-2.143578057560
4	1086	8964.114572945653	1.465166167583	1.290405422738	2.146711898628	4.576254346423	-2.139218162419
5	1323	10913.037672970169	1.468479132699	1.290204462989	2.156430963172	4.529045923490	-2.128155521453
6	2391	19711.598896867054	1.469706193773	1.293276937764	2.160036296014	4.495422887955	-2.120241233434
7	1593	13137.913242329278	1.472206383047	1.292599827039	2.167391634285	4.468175969188	-2.113806038687
8	1555	12824.014208100212	1.472295817250	1.294915991103	2.167654973491	4.455340482366	-2.110767747140
9	1095	9038.831280341163	1.473829405895	1.295887192204	2.172173117680	4.433012909581	-2.105472134601
10	1247	10286.073964802183	1.476947624611	1.297862938113	2.181374285843	4.390157220795	-2.095270202335
11	2119	17465.136200622630	1.477516431829	1.296014827100	2.183054806324	4.392497265510	-2.095828539149
12	1670	13771.412027992319	1.482663714578	1.301488259517	2.198291690526	4.318300348839	-2.078052056335
13	2272	18735.065380292559	1.484599351753	1.300579078632	2.204035235225	4.303893610219	-2.074582755693
14	1811	14926.451568432294	1.491664945815	1.307206438590	2.225064310575	4.217136324021	-2.053566732303
15	1732	14278.936657383194	1.491670667803	1.307209921915	2.225081381182	4.217076103666	-2.053552069870
16	1794	14786.731162655924	1.493320966111	1.306195949444	2.230007507827	4.206963753719	-2.051088431472
17	1982	16336.368154009853	1.493400601306	1.308310134679	2.230245355982	4.198874800728	-2.049115614290
18	2420	19950.491167654469	1.493734647795	1.308522784499	2.231243198023	4.195398146602	-2.048267108217
19	1901	15670.320096248865	1.494913207066	1.309272464253	2.234765496660	4.183229615390	-2.045294505784
20	1441	11884.596520418623	1.495781370295	1.309825088838	2.237361907722	4.174356735878	-2.043124258551
21	2004	16517.138992496621	1.497355003890	1.310826759240	2.242072007676	4.158463742327	-2.039231164515
22	1147	9467.879070066158	1.499161848066	1.311977138141	2.247486246696	4.140500384751	-2.034821954066
23	2111	17399.101662165398	1.500847189376	1.313050848689	2.252542285858	4.124001326480	-2.030763729851
24	2059	16970.056734249847	1.502560144700	1.314142390060	2.257686988442	4.107471533959	-2.026689797171
25	2201	18143.616287974906	1.502984980716	1.312433880867	2.258963852259	4.109758726102	-2.027253986579
26	2023	16673.699302326677	1.503215589805	1.314560012413	2.259657109434	4.101207877557	-2.025143915270
27	2130	17555.120942900441	1.508900545263	1.318185941288	2.276780855496	4.048170120002	-2.012006491044
28	2259	18620.903679446539	1.509337997925	1.316539784133	2.278101191981	4.050061129500	-2.012476367439
29	1320	10888.361079415770	1.519971832441	1.325259800020	2.310314371414	3.950495681733	-1.987585389797
30	1590	13113.231163428498	1.521102279388	1.324153741226	2.313752144361	3.946062493155	-1.986469857097
31	1791	14762.029516854827	1.523411704127	1.327460904262	2.320783220271	3.921403197827	-1.980253316580
32	2198	18118.904656011557	1.524735640511	1.328308476941	2.324818773443	3.910344695746	-1.977459151473
33	2256	18596.185379029004	1.525602561308	1.328863596155	2.327463175068	3.903143468177	-1.975637483998
34	1587	13088.500256935669	1.527201827441	1.329887918306	2.332345421739	3.889939480508	-1.972292949972
35	1501	12381.546466746315	1.530289475875	1.331866483139	2.341785879973	3.864730852534	-1.965891872035
36	1451	11966.760438088362	1.533431100117	1.333880904399	2.351410938806	3.839444500178	-1.959450050442
37	2405	19827.055086215059	1.537383570028	1.336417053711	2.363548241392	3.808116601363	-1.951439622782
38	1759	14500.060754964583	1.537689911697	1.336613705516	2.364490264536	3.805709955983	-1.950822892008
39	1504	12406.303015326448	1.543943085526	1.338976564882	2.383760251342	3.761426253193	-1.939439675059
40	1178	9722.245171403882	1.549431512118	1.344159994440	2.400738010744	3.715574708585	-1.927582607461
41	1039	8578.253733458865	1.549469362185	1.344184476511	2.400855304350	3.715290009612	-1.927508757337
42	2339	19285.752526522298	1.551123701113	1.345249152947	2.405984736156	3.702896190228	-1.924291087707
43	2073	17085.280758347340	1.551535316488	1.345514108586	2.407261838308	3.699823256225	-1.923492463262
44	1539	12693.550448595159	1.552260618436	1.345981035619	2.409513027546	3.694418761962	-1.922087084906
45	1620	13360.205534192864	1.553646113326	1.346873159673	2.413816245452	3.684130893364	-1.919408995854
46	1509	12447.115202912844	1.555984466931	1.348379258544	2.421087661330	3.666872536333	-1.914907970722
47	1236	10196.229820968874	1.557232471924	1.349183552896	2.424972971614	3.657713457217	-1.912514956077
48	1971	16246.515740829094	1.557248042884	1.349193587507	2.425021467066	3.657599411966	-1.912485140326
49	1769	14582.104864791676	1.557463271884	1.349332293739	2.425691843266	3.656023591580	-1.912073113555
50	1365	11258.805499165621	1.560399211393	1.351224968285	2.434845698915	3.634631537406	-1.906470964218
51	2320	19129.781545335620	1.561912879265	1.352201188575	2.439571842413	3.623676294804	-1.903595622711
52	1422	11728.538850050507	1.562522388813	1.351072787798	2.441476215543	3.622906376804	-1.903393384670
53	2294	18916.113716022981	1.562972118328	1.352884501973	2.442881842672	3.616039037508	-1.901588556315
54	1386	11430.653654383797	1.564955321004	1.354164240939	2.449085156738	3.601802748393	-1.897841602556
55	1009	8331.683254493129	1.566817863064	1.355366567137	2.454918216016	3.588505514017	-1.894335111330
56	1406	11594.715743650460	1.567088703014	1.355541438485	2.455767003115	3.586577674877	-1.893826199755
57	1454	11991.545189494647	1.567298848786	1.354188188330	2.456425681407	3.588580853235	-1.894354996624
58	1849	15239.568802455884	1.567518996588	1.355819281975	2.457115804664	3.583517819657	-1.893018177318
59	1395	11504.382947082411	1.577294970735	1.362137907089	2.487859424706	3.514938550612	-1.874816937893
60	1225	10105.888066298472	1.577781215989	1.361033298718	2.489393565528	3.514808430364	-1.874782235451
61	1998	16468.092935899327	1.578485946888	1.362908495842	2.491617884522	3.506700570360	-1.872618639862
62	2367	19515.083013483250	1.581696363094	1.364986469302	2.501763385024	3.484613260849	-1.866711884799
63	1284	10590.329908241218	1.582127468791	1.363874710385	2.503127327504	3.484795590290	-1.866760721220
64	1713	14124.850690374858	1.582928294683	1.365784230622	2.505661986108	3.476182591161	-1.864452356903
65	1936	15957.796814520208	1.584290359852	1.366666480184	2.509975944321	3.466889720957	-1.861958571225
66	1292	10655.559827696166	1.585064272308	1.367167867752	2.512428747348	3.461622692726	-1.860543655152
67	2241	18472.922108682847	1.585691669767	1.367574498827	2.514418071567	3.457359443427	-1.859397602297
68	1215	10023.644098496110	1.585898080719	1.367708252685	2.515072722428	3.455958274930	-1.859020783889
69	1876	15463.947589325606	1.588373072801	1.369312450047	2.522929018400	3.439208412565	-1.854510289150
70	2375	19580.317614735563	1.588853467770	1.369623801904	2.524455342046	3.435968290117	-1.853636504312
71	1475	12164.675968285932	1.588989420861	1.369712060783	2.524887379609	3.435051643997	-1.853389231650
72	1861	15340.615911090632	1.589079039491	1.369770169121	2.525172193749	3.434447713031	-1.853226298386
73	2226	18349.388811724057	1.591158951054	1.371119051414	2.531786807520	3.420464858485	-1.849449879960
74	1565	12906.546672936525	1.592194689052	1.371790954840	2.535083927845	3.413525428473	-1.847572847948
75	2352	19391.743655649974	1.592266668685	1.371837654309	2.535313144204	3.413043743154	-1.847442487103
76	1634	13474.828677867565	1.592616406938	1.372064569060	2.536427019649	3.410704368296	-1.846809239823
77	1263	10417.327635828404	1.592763652894	1.372160108637	2.536896053980	3.409719976131	-1.846542708992
78	1276	10524.381730676754	1.593512334270	1.372645926673	2.539281559471	3.404719569240	-1.845188220546
79	2408	19851.878982034144	1.596762767161	1.373456730870	2.549651334592	3.385927758972	-1.840089062783
80	2104	17341.906395921207	1.597734097951	1.374093445641	2.552754247757	3.379476899346	-1.838335360957
81	1358	11201.587882858907	1.598715313575	1.376023916265	2.555890653860	3.370185983817	-1.835806630290
82	1762	14524.887876413814	1.599047787734	1.374954730806	2.556953827457	3.370772964950	-1.835966493417
83	1842	15182.346097190550	1.599368656286	1.375165126058	2.557980098711	3.368650599797	-1.835388405705
84	1256	10360.088120699458	1.600413772668	1.377127479927	2.561324243744	3.358992339661	-1.832755395480
85	2140	17637.625810172663	1.604708531189	1.379919272132	2.575089470072	3.330856935385	-1.825063542835
86	1068	8815.529863279315	1.605302817702	1.380305762222	2.576997136521	3.326982302215	-1.824001727580
87	1925	15867.014877983564	1.610817013562	1.383893819974	2.594731451181	3.291239344421	-1.814177318903
88	1553	12808.102161214283	1.613257291658	1.385483012730	2.602599089088	3.275537980463	-1.809844739325
89	1093	9022.919659425474	1.613764728210	1.385813542218	2.604236598016	3.272281811498	-1.808944944297
90	1245	10270.162283878835	1.615186009511	1.385549523208	2.608825845321	3.265666041650	-1.807115392456
91	1668	13755.501646113169	1.617077140268	1.386792774991	2.614938477576	3.253555821899	-1.803761575680
92	1730	14263.028633568714	1.619683521387	1.389671065539	2.623374709453	3.234518560543	-1.798476733389
93	1980	16320.459510652692	1.620637163697	1.389134154172	2.626464816355	3.230868363113	-1.797461644407
94	1899	15654.412453523635	1.620762187946	1.390374548808	2.626870069877	3.227678458863	-1.796574089444
95	1145	9451.971797683003	1.622176852467	1.391297469519	2.631457740679	3.218726691292	-1.794081015811
96	2021	16657.792245653742	1.623528075376	1.392179038990	2.635843411534	3.210196854965	-1.791702222738
97	2128	17539.213960609559	1.625425198468	1.393417363033	2.642007075813	3.198253162214	-1.788366059344
98	1176	9706.330730865515	1.639021092871	1.402303717718	2.686390142875	3.113727204999	-1.764575644454
99	1507	12431.197486599036	1.641569358457	1.402926779420	2.694749958625	3.100165205798	-1.760728600835
100	2365	19499.151403932861	1.650243716768	1.408655393123	2.723304324733	3.047238363635	-1.745634086410
101	1711	14108.918913253645	1.650336366148	1.409716251193	2.723610121431	3.044714181333	-1.744910937937
102	1934	15941.864106792129	1.650797685830	1.410018862141	2.725132999540	3.041924555907	-1.744111394352
103	1290	10639.626583105332	1.651059857014	1.410190801536	2.725998651444	3.040340107089	-1.743657107085
104	2373	19564.381656792244	1.652343879111	1.411033017062	2.730240294836	3.032588590938	-1.741432913131
105	1356	11185.643566937457	1.656003375469	1.412463291349	2.742347179564	3.012462906647	-1.735644810048
106	1923	15851.060360328531	1.659798004968	1.415926156571	2.754929417296	2.987864077672	-1.728543918352
107	1728	14247.065216121688	1.662811874844	1.417906334871	2.764943331122	2.969911214435	-1.723343034464
108	1897	15638.447896673521	1.663178678720	1.418147415433	2.766163317349	2.967731238983	-1.722710433875
109	2019	16641.824123891765	1.664420220406	1.418033929110	2.770294670097	2.962145450484	-1.721088449350
110	1174	9690.344975456770	1.669391614863	1.422233313342	2.786868363773	2.930968424505	-1.712007133310
111	1709	14092.918159358511	1.673244576336	1.424769329031	2.799747412237	2.908320685605	-1.705379924124
112	1726	14231.046210748487	1.677493579501	1.427568182169	2.813984709265	2.883474892924	-1.698079766361
113	1895	15622.428326781090	1.677618536062	1.427650448088	2.814403952538	2.882746396855	-1.697865246966
114	1707	14076.882464451841	1.681046752045	1.429910162454	2.825918182560	2.862800918117	-1.691981358679
115	1893	15606.384735118671	1.682808145505	1.430228566156	2.831843254578	2.854162004141	-1.689426531146
116	1705	14060.833413161125	1.683703381653	1.431662293865	2.834857077389	2.847403278203	-1.687425043729
117	1181	9747.221828235337	1.686410280620	1.432621420998	2.843979634580	2.833303951579	-1.683242095356
118	1042	8603.230967421172	1.686690947045	1.432807918812	2.844926350845	2.831682678870	-1.682760434188
119	1183	9763.284317095775	1.688215976809	1.434640175343	2.850073184354	2.821364760362	-1.679691864707
120	1044	8619.294989423935	1.689041933616	1.435185496117	2.852862653513	2.816614400690	-1.678277212111
121	1185	9779.357840279432	1.694306171928	1.438662952118	2.870673404233	2.786449544258	-1.669266169386
122	1607	13254.447810811151	1.696117782455	1.439860474307	2.876815531962	2.776112736522	-1.666167079414
123	1778	14656.228057475113	1.696390413769	1.439257879040	2.877740435926	2.775994527763	-1.666131605775
124	1820	15000.600728673029	1.696665830643	1.440222802682	2.878674940871	2.772990086946	-1.665229739990
125	1046	8635.373241957708	1.696734362107	1.440268046305	2.878907495553	2.772599876414	-1.665112571694
126	1194	9852.259923406486	1.697173289417	1.440558327242	2.880397174311	2.770100522671	-1.664361896545
127	1741	14353.088409040856	1.697466130186	1.440751962914	2.881391263129	2.768433826381	-1.663861119920
128	2342	19310.755653771808	1.698934076093	1.440950921632	2.886376994910	2.761498159071	-1.661775604307
129	2034	16764.717843003735	1.700944026629	1.443052414155	2.893210581725	2.748683601175	-1.657915438488
130	2076	17110.290543257750	1.701977040400	1.442977144560	2.896725846048	2.744213836303	-1.656566882532
131	1542	12718.572180312691	1.707335805687	1.446547639721	2.914995553380	2.713925901172	-1.647399739338
132	1912	15761.422532508657	1.707383799645	1.446579630592	2.915159439290	2.713655495125	-1.647317666731
133	1719	14174.314556830699	1.711917812550	1.450320124995	2.930662596924	2.686889793009	-1.639173509123
134	1187	9795.468126679576	1.712223075450	1.450522430339	2.931707860105	2.685182131641	-1.638652535360
135	1331	10980.209383282558	1.716845299974	1.452890776356	2.947557784043	2.660640050327	-1.631146851245
136	1609	13270.569900919358	1.717559496129	1.454061805399	2.950010622744	2.655423824164	-1.629547122413
137	1623	13385.250873765923	1.717560828525	1.453368421299	2.950015199683	2.656654130760	-1.629924578243
138	1780	14672.350732109551	1.717620566536	1.454102329111	2.950220410587	2.655084311783	-1.629442945237
139	1822	15016.726470665335	1.719174579705	1.455133649284	2.955561235503	2.646452885625	-1.626792207267
140	1048	8651.499443173971	1.719376501882	1.455267675088	2.956255555223	2.645332466076	-1.626447806133
141	1196	9868.389080786346	1.720670367250	1.456126588395	2.960706512732	2.638159163004	-1.624241103717
142	1743	14369.219552294509	1.721533689551	1.456699798311	2.963678244260	2.633378643978	-1.622768820251
143	2344	19326.895624125646	1.725130611832	1.459088918733	2.976075627880	2.613511049745	-1.616635719556
144	1031	8513.354761547893	1.726317982307	1.459877965136	2.980173776038	2.606970064583	-1.614611428358
145	2036	16780.873422870805	1.731795565285	1.463519756091	2.999115879942	2.576907536846	-1.605274910053
146	2078	17126.452315972416	1.734126208332	1.465070350533	3.007193706424	2.564171594791	-1.601303092731
147	1512	12472.202853145584	1.734783440347	1.464880601896	3.009473584903	2.561679741828	-1.600524833243
148	1019	8415.318540106437	1.736081817254	1.465749676862	3.013980076200	2.554593744637	-1.598309652301
149	1373	11324.658602372292	1.736589168488	1.466709699750	3.015741940109	2.550748118781	-1.597106170166
150	2276	18768.583156597590	1.738856390650	1.467607381997	3.023621547306	2.539485500638	-1.593576324071
151	1156	9542.578220334492	1.738857356634	1.467608028912	3.023624906720	2.539480248681	-1.593574676217
152	1519	12529.469908476005	1.739052872768	1.467738967042	3.024304894281	2.538417362138	-1.593241150027
153	1674	13804.939052751661	1.739435162624	1.467994999433	3.025634684971	2.536339779754	-1.592589017843
154	2085	17183.734222629646	1.740534579300	1.468731396681	3.029460621739	2.530369811971	-1.590713617208
155	2098	17293.119543657653	1.743591338239	1.470779466550	3.040110754782	2.513809283876	-1.585499695325
156	1239	10221.341398626724	1.743958411537	1.471025502598	3.041390941171	2.511824302179	-1.584873591861
157	1974	16271.627623182607	1.744072805993	1.471102170581	3.041789952604	2.511205883997	-1.584678479691
158	1350	11136.735460651973	1.744812606852	1.471597992323	3.044371033031	2.507208441703	-1.583416698694
159	1772	14607.220974645052	1.745653832170	1.472161918636	3.047307301771	2.502666810387	-1.581981924798
160	1464	12075.193347743982	1.746981414081	1.473051976762	3.051944061143	2.495508054363	-1.579717713506
161	1111	9171.602209507060	1.748049139218	1.473767944510	3.055675793122	2.489758112968	-1.577896737105
162	2178	17955.382795475645	1.749346713505	1.474638162141	3.060213924052	2.482779511404	-1.575683823425
163	1544	12734.775436966722	1.750004131449	1.475650427901	3.062514460087	2.478269959154	-1.574252190456
164	1914	15777.626179201059	1.750146575352	1.475745472764	3.063013035218	2.477506062880	-1.574009549806
165	1693	13962.637074039301	1.750937783122	1.476273492100	3.065783120363	2.473265063636	-1.572661776618
166	2209	18210.249414404683	1.752203473429	1.476554727052	3.070217012296	2.467450173465	-1.570811947200
167	1205	9942.232556127612	1.752941692235	1.477050113054	3.072804576377	2.463496724999	-1.569553033509
168	2310	19048.337717383871	1.753356352035	1.477328368629	3.074258497222	2.461277512834	-1.568845917493
169	2386	19671.466424789676	1.754754511380	1.478266844978	3.079163395208	2.453801952275	-1.566461602554
170	2193	18078.716888436855	1.757345228320	1.480006225905	3.088262251498	2.439980527358	-1.562043702128
171	2400	19786.851034182018	1.757939626856	1.480405399146	3.090351731670	2.436814946351	-1.561030091430
172	2334	19245.529185837266	1.758584800540	1.480838710455	3.092620500689	2.433381287130	-1.559929898146
173	1470	12124.390465945264	1.760359195622	1.482030668384	3.098864497609	2.423950305333	-1.556904077114
174	1251	10319.781148480039	1.760893318510	1.482389494030	3.100745279172	2.421115070627	-1.555993274609
175	1140	9411.620251307735	1.761908877064	1.483071878691	3.104322891077	2.415728768236	-1.554261486442
176	2123	17498.855335630407	1.762060222145	1.483173580797	3.104856226465	2.414926580208	-1.554003404182
177	1721	14190.558245860379	1.764310013129	1.485207351536	3.112789822428	2.402140378519	-1.549883988729
178	1189	9811.714522510623	1.765218057730	1.485814739466	3.115994791337	2.397348149413	-1.548337220832
179	1815	14960.056638227989	1.765359670361	1.485391334264	3.116494765736	2.397471273952	-1.548376980568
180	1736	14312.541883050246	1.765396479038	1.485416081620	3.116624728200	2.397276898559	-1.548314211831
181	1026	8472.714655171198	1.766718709275	1.486305137547	3.121294997704	2.390299809273	-1.546059445582
182	1368	11283.982347288322	1.767186961235	1.486620053178	3.122949755961	2.387831341219	-1.545260929817
183	1958	16139.610767225742	1.771017597901	1.489196892200	3.136503332075	2.367685469545	-1.538728523667
184	1798	14820.366591301103	1.771939535155	1.489817263752	3.139769716247	2.362849564237	-1.537156323943
185	1001	8266.750139569393	1.774763140631	1.491717891664	3.149784205342	2.348069031363	-1.532341029720
186	1986	16370.026590242252	1.777688935375	1.493688086336	3.160177950955	2.332802124756	-1.527351342932
187	2323	19154.992078332551	1.778265800423	1.494076668809	3.162229256955	2.329797791005	-1.526367515052
188	1333	10996.496820092181	1.778330025108	1.494595586547	3.162457678200	2.328677280451	-1.526000419545
189	1942	16007.502930978959	1.778343272163	1.494604508563	3.162504793647	2.328608332438	-1.525977828292
190	1425	11753.753118427356	1.779045719682	1.494602050516	3.165003672718	2.325739042762	-1.525037390611
191	2424	19984.161188780301	1.780299841819	1.495446974646	3.169467526782	2.319219892190	-1.522898516708
192	1625	13401.545235622554	1.780470842151	1.496031078592	3.170076419751	2.317558770539	-1.522353037419
193	1611	13286.866049877222	1.781132343195	1.496474741433	3.172432423976	2.314128510906	-1.521225989426
194	1782	14688.647477894712	1.781314929780	1.496597209221	3.173082879058	2.313182136120	-1.520914901012
195	1306	10773.424263158078	1.781801554921	1.496458937943	3.174816781118	2.311425577916	-1.520337323727
196	1489	12280.466171723767	1.782738732724	1.497552375521	3.178157389155	2.305808816557	-1.518488991253
197	1824	15033.038620525431	1.785964896086	1.499717371941	3.189670610053	2.289144876856	-1.512992028021
198	2297	18941.348849909540	1.786010300189	1.499296304549	3.189832792382	2.289650092289	-1.513158977864
199	1099	9072.752802859759	1.786230688380	1.499444905573	3.190620072112	2.288512679969	-1.512783090852
200	1649	13599.316570571596	1.786246890810	1.499455832230	3.190677954927	2.288429068348	-1.512755455567
201	1050	8667.813625553938	1.786569645286	1.500123340321	3.191831097457	2.286027807690	-1.511961576129
202	1661	13698.310814905557	1.789140058778	1.501407377030	3.201022149923	2.273523232879	-1.507820689896
203	1905	15704.034392683838	1.790093808840	1.502050866582	3.204435844447	2.268620041445	-1.506193892381
204	1198	9884.716459061621	1.790447840520	1.502727742133	3.205703469623	2.266088086072	-1.505353143310
205	2163	17829.642095635179	1.791156468587	1.503203839622	3.208241494960	2.262453917880	-1.504145577356
206	1745	14385.555903238941	1.793038620870	1.504468512763	3.214987495930	2.252815567609	-1.500938229112
207	1435	11836.199451124763	1.796305068477	1.506243926222	3.226711899036	2.236816119078	-1.495598916514
208	1445	11918.346882799789	1.797870886392	1.507301542184	3.232339724136	2.228833721733	-1.492927902389
209	2067	17036.855858858686	1.798781301787	1.507916617396	3.235614171659	2.224198964996	-1.491374857303
210	1380	11382.218726980067	1.799580731708	1.508456738953	3.238490809933	2.220133229319	-1.490011150736
211	1389	11455.937268109596	1.800494226171	1.509074047949	3.241779458474	2.215491838810	-1.488452833922
212	1559	12858.083089154808	1.802438520167	1.510388145436	3.248784618982	2.205629229843	-1.485136098088
213	2346	19343.270853926540	1.803861125631	1.511748318763	3.253914960561	2.197788656998	-1.482494066429
214	2220	18300.914417681655	1.804257794064	1.511618121444	3.255346187441	2.196420579789	-1.482032583916
215	2235	18424.443003136312	1.805080691911	1.512174544454	3.258316304308	2.192261661016	-1.480628805952
216	1033	8529.743373534935	1.807444457237	1.514161523383	3.266855465997	2.179717968431	-1.476386794993
217	1117	9220.991714550582	1.812018928724	1.516868843424	3.283412598055	2.157352359316	-1.468792823824
218	1597	13172.081416989202	1.812573542401	1.517244269628	3.285422846610	2.154574025680	-1.467846730991
219	2008	16550.962444871362	1.813115243427	1.517611002901	3.287386885948	2.151862088487	-1.466922659341
220	1457	12016.878374172375	1.814004319453	1.518212991478	3.290611670994	2.147414776304	-1.465406010737
221	1012	8357.015471752531	1.814081487682	1.518265243684	3.290891643952	2.147028988898	-1.465274373248
222	1409	11620.055291215738	1.816056299959	1.519602628937	3.298060484621	2.137168211461	-1.461905678032
223	1298	10705.439178516917	1.816580121752	1.520320416325	3.299963338745	2.133984293590	-1.460816310694
224	2170	17887.383554247481	1.816862999527	1.520149053358	3.300991159051	2.133146743133	-1.460529610495
225	1852	15264.920138269377	1.819193354213	1.521727896601	3.309464460014	2.121551287500	-1.456554594754
226	1963	16180.655180125239	1.822062069562	1.524020523520	3.319910185337	2.106775935312	-1.451473711547
227	1579	13022.715963738932	1.822297426025	1.523831752394	3.320767908899	2.106155903844	-1.451260108955
228	2038	16797.327523769607	1.824051636768	1.525364195424	3.327164373595	2.096945123144	-1.448083258361
229	1130	9329.112657118461	1.824506942916	1.525329891898	3.328825584748	2.095232158929	-1.447491678363
230	2080	17142.936267506004	1.831159983920	1.530168544205	3.353146886708	2.062013992146	-1.435971445449
231	1151	9501.799495075347	1.832325561227	1.530635066338	3.357416962326	2.056812280063	-1.434159084643
232	1514	12488.693116035771	1.832556069442	1.531112774732	3.358261747650	2.055189112237	-1.433593077633
233	2305	19007.508226352911	1.835404005230	1.532725529111	3.368707862414	2.041786577859	-1.428910976184
234	2188	18037.870059012621	1.835813149404	1.533003450472	3.370209919523	2.039793896433	-1.428213533206
235	2395	19746.001594527392	1.835870371303	1.533042302811	3.370420020227	2.039515314760	-1.428116001857
236	1135	9370.753233930016	1.836232689259	1.533288417736	3.371750489102	2.037751698009	-1.427498405607
237	1021	8431.826138297323	1.836536117877	1.533805820564	3.372864912268	2.035797110544	-1.426813621516
238	1375	11341.175481134302	1.838702409459	1.535272342419	3.380826550551	2.025282844793	-1.423124325136
239	1574	12981.558058805489	1.839992780198	1.535843326549	3.385573431182	2.019496702429	-1.421089969857
240	1803	14861.523574368766	1.843153884376	1.538287511283	3.397216241490	2.003767779915	-1.415545046939
241	2286	18851.089643148345	1.843560951036	1.538563340299	3.398716980185	2.001806448854	-1.414852094339
242	1166	9625.088060980072	1.844153328208	1.538964768397	3.400901497942	1.998954094213	-1.413843730478
243	2278	18785.129189101521	1.845072506721	1.539587706699	3.404292555058	1.994532523904	-1.412279194743
244	1158	9559.124266559287	1.845075486455	1.539589726332	3.404303550717	1.994518198790	-1.412274123104
245	2043	16839.066014766438	1.845399057667	1.539519211241	3.405497682039	1.993403021813	-1.411879251853
246	1521	12546.018736795128	1.845678702203	1.539998599664	3.406529871764	1.991619372414	-1.411247452580
247	1676	13821.493349596745	1.846858822047	1.540798626739	3.410887508574	1.985954749299	-1.409239067476
248	2247	18522.966118476124	1.847995224812	1.541569185139	3.415086350930	1.980508195331	-1.407305295709
249	1832	15099.280963096448	1.850114269520	1.542727553332	3.422922810282	1.970794492076	-1.403849882315
250	2087	17200.304460915726	1.850257655444	1.543103614861	3.423453391530	1.969689167766	-1.403456150995
251	2115	17433.126448655545	1.851765545294	1.543851634188	3.429035634737	1.962910304313	-1.401039008848
252	1221	10073.747887448753	1.858435500217	1.548654775152	3.453782508468	1.930854833029	-1.389552026025
253	2100	17309.735839084187	1.859748157040	1.549546466268	3.458663207615	1.924661732355	-1.387321783998
254	1241	10237.963402812671	1.860892067499	1.550323699762	3.462919286882	1.919273954462	-1.385378632166
255	1976	16288.251414417566	1.861248736976	1.550566069069	3.464246860894	1.917595813705	-1.384772838304
256	2361	19466.889790726171	1.863260811110	1.551684238562	3.471740850217	1.908514037518	-1.381489789147
257	1352	11153.370901688812	1.863557548664	1.552135321713	3.472846737182	1.906753118383	-1.380852315920
258	2015	16609.534686748480	1.864184219569	1.552313999770	3.475182804489	1.904182130887	-1.379921059658
259	1774	14623.869861216854	1.866187715280	1.553923699245	3.482656588662	1.894444487059	-1.376388203618
260	1327	10947.802133493937	1.867594558234	1.554640498128	3.487909433945	1.888233207779	-1.374129982127
261	1107	9139.111633931368	1.869623025164	1.556024842973	3.495490256223	1.878784144851	-1.370687471618
262	2205	18177.746884475000	1.869893037729	1.556209145628	3.496499972548	1.877528482644	-1.370229354029
263	1466	12091.863893069296	1.870349100009	1.556754761662	3.498205755906	1.875065260645	-1.369330223374
264	1657	13665.691910159907	1.872292786987	1.557847456148	3.505480280205	1.866390738420	-1.366159118998
265	2063	17004.203310829555	1.872918688370	1.558274851699	3.507824413247	1.863492335343	-1.365097921522
266	1113	9188.290575779714	1.873705714079	1.559039694398	3.510773102973	1.859519997544	-1.363642180905
267	2184	18005.073623459011	1.875318816041	1.559914139691	3.516820661798	1.852403162952	-1.361030184438
268	2180	17972.093316478637	1.877797062040	1.561826431466	3.526121806204	1.840677916248	-1.356715856857
269	1061	8758.943645031990	1.880374361777	1.563582854918	3.535807740427	1.828869196931	-1.352356904419
270	1546	12751.500319096052	1.880451424238	1.563635365338	3.536097558918	1.828516867377	-1.352226633141
271	1916	15794.353565473129	1.880901878595	1.563942423319	3.537791876901	1.826458090494	-1.351465164366
272	2027	16707.897221972275	1.881365942057	1.564046773585	3.539537807931	1.824644305984	-1.350793953934
273	1695	13979.378497382631	1.883407151822	1.565650575544	3.547222499535	1.815034569111	-1.347232188270
274	2211	18227.010728191999	1.886854540403	1.568002193038	3.560220056641	1.799389984377	-1.341413427835
275	1207	9959.007466708643	1.889206820992	1.569607525629	3.569102412483	1.788765553048	-1.337447401974
276	1398	11530.058007285512	1.890516782396	1.570307292553	3.574053704521	1.783143233604	-1.335343863432
277	2312	19065.120353309550	1.890530281857	1.570510994681	3.574104746619	1.782806163195	-1.335217646376
278	1228	10131.565028688436	1.890654324105	1.570401453214	3.574573773257	1.782524217150	-1.335112061645
279	2051	16905.323234282518	1.891138426638	1.570926228200	3.576404548708	1.780072170230	-1.334193453076
280	2266	18679.872222785274	1.893317868258	1.572414592641	3.584652550264	1.770297409461	-1.330525238190
281	2388	19688.275588729870	1.895004905211	1.573567024784	3.591043590773	1.762756130783	-1.327688265664
282	1808	14903.129222726613	1.898385204172	1.575696936669	3.603866383418	1.747965032268	-1.322106286298
283	2001	16493.816346048698	1.899247121134	1.576287701215	3.607139627134	1.744141015300	-1.320659310837
284	2195	18095.577245721885	1.903347514422	1.579270531761	3.622731760656	1.725792516019	-1.313694224703
285	1584	13065.172106011431	1.903776518438	1.579393310548	3.624365032158	1.724144016771	-1.313066645974
286	2402	19803.723527989372	1.905271508985	1.580586952462	3.630059522948	1.717347509040	-1.310476061987
287	2336	19262.415024640726	1.907364222985	1.582019264864	3.638038279122	1.708196747312	-1.306980010296
288	1968	16223.175069469060	1.908349428976	1.582530783944	3.641797543073	1.704125970406	-1.305421759588
289	2291	18892.769826942535	1.909222003646	1.583129687749	3.645128659207	1.700326214578	-1.303965572620
290	1006	8308.337074768609	1.909757637647	1.583657975327	3.647174234549	1.697776209488	-1.302987417241
291	1472	12141.313958845600	1.913144005644	1.585977554242	3.660119986331	1.683116303121	-1.297349722750
292	1253	10336.716257775433	1.914890981397	1.587174677628	3.666807470637	1.675592535130	-1.294446806605
293	2137	17614.249935200914	1.915548045248	1.587625030910	3.669324313653	1.672769694222	-1.293355981245
294	1065	8792.153398451712	1.915686827829	1.587569217694	3.669856022316	1.672379066738	-1.293204959292
295	1550	12784.717768762319	1.916903674341	1.588405302988	3.674519696703	1.667159911997	-1.291185467699
296	1090	8999.534741023468	1.916981320807	1.588458650063	3.674817384323	1.666827342539	-1.291056676734
297	1142	9428.577821158729	1.918222202460	1.589458319283	3.679576418010	1.661321071373	-1.288922445834
298	2125	17515.816295385324	1.918719734390	1.589799492853	3.681485419137	1.659198159305	-1.288098660548
299	1931	15918.433982748376	1.922652427704	1.592357156518	3.696592357754	1.642685639213	-1.281672984506
300	1287	10616.196089350013	1.922692597849	1.592384789511	3.696746825825	1.642515691613	-1.281606683664
301	2370	19540.949341853095	1.922889352078	1.592520101535	3.697503460335	1.641683554409	-1.281281996443
302	1920	15827.617126567178	1.924031658480	1.593305763760	3.701897822834	1.636859613321	-1.279398144958
303	1171	9666.886803256795	1.925501980511	1.594317209092	3.707557876953	1.630668802937	-1.276976430063
304	1723	14207.574640500583	1.926701195804	1.595276257917	3.712177497912	1.625456941094	-1.274934092843
305	1702	14037.351056052814	1.927653329701	1.595930064291	3.715847359506	1.621472408391	-1.273370491409
306	1604	13230.942520704444	1.929597714917	1.597135826302	3.723347341415	1.613534405941	-1.270249741563
307	1817	14977.094396843708	1.929640503699	1.597294885058	3.723512473517	1.613185153479	-1.270112260188
308	1191	9828.752612026728	1.929718284525	1.597348315093	3.723812657629	1.612861574348	-1.269984871700
309	1738	14329.580530962254	1.929763169164	1.597379148023	3.723985889061	1.612674875428	-1.269911365186
310	2031	16741.203142114588	1.930337083252	1.597644819128	3.726201254980	1.610458962003	-1.269038597523
311	1716	14150.777380808413	1.932017709926	1.598801985835	3.732692431470	1.603488795537	-1.266289380646
312	1028	8489.785751050695	1.934182403321	1.600415937273	3.741061569317	1.594392672426	-1.262692627850
313	1370	11301.065174373060	1.935753593738	1.601496122793	3.747141975669	1.587941151644	-1.260135370365
314	1690	13939.007033908960	1.937983419603	1.602911773179	3.755779734658	1.578982476656	-1.256575694758
315	1939	15983.794323841954	1.942157459156	1.605789333696	3.771975596155	1.562062695877	-1.249825066110
316	1486	12256.743836592832	1.942825168066	1.606249803903	3.774569633672	1.559373990351	-1.248748970110
317	2160	17805.892553828635	1.944067312221	1.607216149114	3.779397714447	1.554245690957	-1.246693904275
318	1295	10681.599653450981	1.947944328837	1.609781548129	3.794487108248	1.538929742694	-1.240536070695
319	1960	16156.794624031978	1.948736190309	1.610431653601	3.797572739419	1.535664112377	-1.239219154297
320	1800	14837.576205048750	1.951897490197	1.612610194448	3.809903812239	1.523229506365	-1.234191843420
321	2283	18827.140500785081	1.951990107325	1.612574544826	3.810265379094	1.522991338018	-1.234095352077
322	1163	9601.136333635406	1.952078493823	1.612635580086	3.810610446048	1.522645365641	-1.233955171650
323	2244	18498.997429664065	1.952651216595	1.613031097323	3.812846773669	1.520405889007	-1.233047399335
324	1218	10049.731339523618	1.954202876845	1.614102804338	3.818908883868	1.514359146216	-1.230593005919
325	1058	8734.817512159256	1.957438173641	1.616338115197	3.831564203628	1.501849925904	-1.225499867770
326	2048	16881.138473161500	1.959011125921	1.617425257368	3.837724591481	1.495817370721	-1.223036128134
327	2263	18655.675172993633	1.959328321112	1.617644515012	3.838967469912	1.494604846429	-1.222540325073
328	1003	8284.042497983415	1.961677414301	1.619356528691	3.848178277780	1.485560579249	-1.218835747444
329	2134	17589.918868017201	1.962536097212	1.619862400563	3.851547932859	1.482419072796	-1.217546332915
330	1699	14012.939797719415	1.964259246471	1.621054216671	3.858314387346	1.475931677731	-1.214879285251
331	2157	17781.363405499695	1.966538246149	1.622713376608	3.867272673568	1.467317688791	-1.211328893732
332	2154	17756.653421039806	1.969654155414	1.624787439490	3.879537491938	1.455895837041	-1.206605087442
333	1526	12588.194270329945	1.970327359350	1.625253487657	3.882189903003	1.453425818612	-1.205581112415
334	1529	12612.947782026482	1.971521436195	1.626157310001	3.886896773378	1.448971170176	-1.203732183742
335	1988	16387.411453549634	1.971981307766	1.626475258032	3.888710278178	1.447296953783	-1.203036555464
336	1879	15490.188066377421	1.972950628255	1.627069955876	3.892534181532	1.443866929861	-1.201610140545
337	2325	19172.396074596807	1.974035185721	1.627895577129	3.896814914465	1.439859631534	-1.199941511714
338	1335	11013.907833433288	1.974803622247	1.628427088800	3.899849346438	1.437094098704	-1.198788596335
339	1944	16024.914390030082	1.974850941823	1.628459820811	3.900036242420	1.436924107022	-1.198717692796
340	2378	19606.590256541953	1.976624055722	1.629614710930	3.907042657658	1.430662907416	-1.196103217710
341	1427	11771.183482830660	1.976824376233	1.629825099856	3.907834614469	1.429866792648	-1.195770376221
342	1478	12190.957873079142	1.977666326316	1.630336977757	3.911164098243	1.426956206363	-1.194552722303
343	1864	15366.903959192632	1.978353774947	1.630813419442	3.913883658846	1.424521199729	-1.193533074418
344	1752	14444.302864083149	1.980288152617	1.632154299881	3.921541167396	1.417711942559	-1.190677094161
345	1532	12637.784481789598	1.980636321608	1.632463481824	3.922920238473	1.416416321868	-1.190132900927
346	1627	13419.030456662926	1.982498613797	1.633752988637	3.930300753709	1.409934988477	-1.187406833599
347	1991	16412.281102501416	1.984106921480	1.634866932525	3.936680275863	1.404386420163	-1.185068107816
348	1613	13304.375158797273	1.984899796772	1.635416185329	3.939827203227	1.401668002279	-1.183920606408
349	1784	14706.163264126237	1.985564608271	1.635876779050	3.942466813619	1.399397388560	-1.182961279400
350	1308	10790.952739467535	1.986801196907	1.636733634226	3.947378996032	1.395195340571	-1.181183872465
351	1491	12298.035322830730	1.990780186935	1.639491841053	3.963205752695	1.381868085142	-1.175528853385
352	1882	15515.128377614203	1.991299781953	1.639852147871	3.965274821606	1.380150083356	-1.174797890429
353	1124	9280.308814212358	1.993992343490	1.641664174306	3.976005465897	1.371391486400	-1.171064253745
354	2229	18375.828811557963	1.994450823171	1.641982644674	3.977834086048	1.369903923911	-1.170428948681
355	1344	11088.684294626109	1.998972653319	1.645124694227	3.995891668719	1.355464826145	-1.164244315487
356	2328	19197.424929939101	1.999858326623	1.645790968324	3.999433326563	1.352635188711	-1.163028455676
357	1643	13551.092152011854	2.001016052736	1.646545224505	4.004065243306	1.349082145852	-1.161499955166
358	2299	18959.044239981944	2.002449528504	1.647590528237	4.009804114205	1.344610009544	-1.159573201460
359	1568	12933.069855656537	2.002583495127	1.647635155011	4.010340654954	1.344248144616	-1.159417157289
360	1826	15050.737986825030	2.002820185683	1.647848003450	4.011288696179	1.343474191246	-1.159083340940
361	2355	19418.272827756577	2.003151981381	1.648030512921	4.012617860511	1.342508452643	-1.158666670205
362	1101	9090.457582331863	2.003284275335	1.648170401357	4.013147887806	1.342056406082	-1.158471581905
363	1651	13617.022043131308	2.003345710883	1.648213081639	4.013394037315	1.341869084740	-1.158390730600
364	1052	8685.538989140961	2.005114515644	1.649442068705	4.020484220845	1.336512607818	-1.156076384941
365	1338	11039.001982053253	2.005869837906	1.649966979126	4.023513806621	1.334247109817	-1.155096147434
366	1637	13501.387359629733	2.005920668562	1.649956462639	4.023717728564	1.334140539767	-1.155050016132
367	1947	16050.012673302708	2.006242353004	1.650225878310	4.025008378987	1.333134666225	-1.154614509793
368	1076	8883.702857144712	2.006548211825	1.650393096164	4.026235726379	1.332268453754	-1.154239339892
369	1266	10443.898948834823	2.007089640081	1.650769842943	4.028408823322	1.330660670198	-1.153542660762
370	1681	13864.067054426718	2.008331008117	1.651633739247	4.033393438164	1.327000528809	-1.151955089754
371	1417	11689.250609857043	2.012275967371	1.654380122506	4.049254568858	1.315615644979	-1.147002896674
372	1279	10551.019266518582	2.013065375769	1.654929871997	4.052432207121	1.313383523470	-1.146029460123
373	1663	13716.146569062765	2.014466531160	1.655945401305	4.058075405166	1.309423361880	-1.144300380967
374	1888	15566.925845205405	2.017184677674	1.657799544252	4.069034023844	1.301992927629	-1.141049046987
375	1907	15721.916186235505	2.018202947034	1.658546235273	4.073143135416	1.299211536576	-1.139829608571
376	1200	9902.622531707821	2.020148891198	1.659901339379	4.081001542610	1.294038589267	-1.137558169619
377	2381	19631.851795489958	2.020227305796	1.659955956240	4.081318367085	1.293832261896	-1.137467477291
378	1953	16099.953013094562	2.020946507168	1.660421621060	4.084224784834	1.291978844604	-1.136652473100
379	1430	11796.467486880563	2.022046368276	1.661223075029	4.088671515456	1.289092719017	-1.135382190726
380	2215	18261.157185404671	2.022411302584	1.661442987184	4.090147476820	1.288182746652	-1.134981386038
381	2165	17847.584124117700	2.022962079565	1.661861067185	4.092375575358	1.286741078047	-1.134346101526
382	1481	12216.327628509986	2.028777865008	1.665915084301	4.115939625547	1.272353738764	-1.127986586252
383	1747	14403.598555659104	2.030546073679	1.667148346405	4.123117357332	1.268171464570	-1.126131193321
384	1867	15392.350374054949	2.034520526326	1.669921577889	4.139273772042	1.259106509327	-1.122099153073
385	2411	19878.802914811771	2.036181908578	1.671055017076	4.146036764821	1.255476984728	-1.120480693599
386	1082	8933.885904984163	2.038991611254	1.673018471228	4.157486790764	1.249493542680	-1.117807471204
387	1437	11854.428988042089	2.043578982170	1.676248366330	4.176215056369	1.240229494160	-1.113655913719
388	2107	17368.944905547163	2.044410662711	1.676807532632	4.179614957808	1.238638261723	-1.112941266070
389	2252	18566.085500282134	2.048787257180	1.679869770285	4.197529225183	1.230537626005	-1.109296004683
390	1447	11936.680660394140	2.050320492127	1.680962427255	4.203814120435	1.227829100734	-1.108074501437
391	1755	14469.992545817846	2.051200444665	1.681578090302	4.207423264195	1.226315351453	-1.107391236850
392	2069	17055.254180595257	2.054318019726	1.683759954498	4.220222526170	1.221147160530	-1.105055274876
393	1535	12663.526264421289	2.054494470387	1.683883476576	4.220947528852	1.220863722108	-1.104927021168
394	1765	14552.098694968970	2.055815846170	1.684791457177	4.226378793365	1.218782033577	-1.103984616549
395	1361	11228.810183111091	2.056599173355	1.685340269459	4.229600159846	1.217567373974	-1.103434354175
396	1382	11400.676380366665	2.057879467756	1.686253697694	4.234867903810	1.215613840308	-1.102548792711
397	1845	15209.602546981827	2.058657224212	1.686782458451	4.238069566799	1.214466768460	-1.102028478969
398	1391	11474.466052718204	2.062012203621	1.689149100386	4.251894327880	1.209684300308	-1.099856490779
399	1211	9993.789402538703	2.066005803444	1.691935366386	4.268379979864	1.204455390686	-1.097476829225
400	1872	15434.118188911680	2.067556030687	1.693023073631	4.274787940029	1.202551546770	-1.096609113025
401	1857	15310.794946402853	2.068064359280	1.693379789290	4.276890194126	1.201942787210	-1.096331513371
402	1561	12876.776850937174	2.071057369667	1.695492303500	4.289278628454	1.198506931749	-1.094763413597
403	1630	13445.069790520596	2.071680241654	1.695929422582	4.291859023660	1.197825892424	-1.094452325332
404	1259	10387.573360564022	2.071944267641	1.696103319572	4.292953048209	1.197545668661	-1.094324297757
405	1272	10494.694829571716	2.075649092676	1.698705314487	4.308319155928	1.193750649794	-1.092588966535
406	2348	19362.111695642849	2.078540843777	1.700746684431	4.320332039247	1.191051319923	-1.091352976778
407	2222	18319.782813472324	2.079876421331	1.701685040107	4.325885928008	1.189883661788	-1.090817886628
408	2237	18443.398253475883	2.083997042928	1.704581277176	4.343043674933	1.186580090054	-1.089302570480
409	1994	16438.642620805560	2.087590590748	1.707108474632	4.358034474580	1.184056705463	-1.088143697065
410	1402	11565.354240633062	2.091873729642	1.710116058905	4.375935700767	1.181467937128	-1.086953511944
411	2316	19100.454385983452	2.093525842545	1.711279427013	4.382850453404	1.180585434037	-1.086547483563
412	1232	10166.931507850297	2.094916581866	1.712258950585	4.388675484977	1.179891596455	-1.086228151198
413	1616	13330.928154236712	2.095927448594	1.712976541582	4.392911869770	1.179413500876	-1.086008057464
414	1035	8548.999588655322	2.097055776247	1.713771283715	4.397642928692	1.178908716771	-1.085775629111
415	1497	12352.386831827285	2.101723540520	1.717055947813	4.417241840775	1.177117277793	-1.084950357294
416	1787	14732.899915822612	2.103242181956	1.718131017012	4.423627675958	1.176632702733	-1.084727017610
417	1316	10859.245852532642	2.103979203321	1.718646558964	4.426728488009	1.176416032980	-1.084627140072
418	2055	16941.008681212901	2.107505601991	1.721134245764	4.441579862422	1.175525936113	-1.084216738532
419	2416	19921.474007054527	2.109186787545	1.722320662252	4.448668904753	1.175187315398	-1.084060568141
420	2143	17666.149018165292	2.115923349514	1.727077454037	4.477131621020	1.174357563825	-1.083677795207
421	1311	10818.112008432028	2.117888565389	1.728468286846	4.485451975406	1.174267034222	-1.083636024790
422	1071	8844.282981474200	2.123049245474	1.732114018441	4.507338098706	1.174337547320	-1.083668559717
423	1119	9241.032042574998	2.123776279711	1.732629925579	4.510425686261	1.174381758707	-1.083688958469
424	1599	13192.258605630299	2.127567066030	1.735311246131	4.526541620457	1.174745657048	-1.083856843429
425	2010	16571.287370348145	2.131415277500	1.738034675606	4.542931085161	1.175333940729	-1.084128193863
426	1459	12037.484918498119	2.138108924510	1.742775431041	4.571509773068	1.176850701017	-1.084827498277
427	1014	8377.649303143648	2.138715817490	1.743205485396	4.574105347981	1.177017736164	-1.084904482507
428	1837	15145.067465347880	2.146145406320	1.748472772147	4.605940105068	1.179435993019	-1.086018412836
429	1411	11641.661907249958	2.156367579982	1.755730094431	4.649921139998	1.183809093059	-1.088029913678
430	2148	17709.529146256235	2.157387509410	1.756454557411	4.654320865760	1.184306928691	-1.088258668098
431	1300	10727.588175108764	2.163516132486	1.760811207720	4.680802055528	1.187517481271	-1.089732756813
432	2172	17909.717964756066	2.165613904006	1.762303257012	4.689883581226	1.188699654434	-1.090275036142
433	2092	17247.485668580579	2.166266808679	1.762767664133	4.692711886386	1.189075955109	-1.090447593931
