a	c	b	status	events	word	code	period	gamma	first_time	last_time	min_y	max_y
0.3	2	0.3	ok	8	10101010	170	2	0.33203125	121.592849642	162.349484552	-2.52032264935	-2.5195673365
0.3	2.16666666667	0.3	ok	8	10101010	170	2	0.33203125	122.266278559	163.249771408	-2.69727052048	-2.69644035736
0.3	2.33333333333	0.3	ok	8	10101010	170	2	0.33203125	122.845889622	164.025051611	-2.87805558432	-2.8774113174
0.3	2.5	0.3	ok	8	10101010	170	2	0.33203125	123.352099131	164.702985514	-3.06248598683	-3.06103995947
0.3	2.66666666667	0.3	ok	8	10101010	170	2	0.33203125	123.799806838	165.301468121	-3.2562566163	-3.24005033446
0.3	2.83333333333	0.3	ok	8	10101010	170	2	0.33203125	124.202930011	165.81946027	-3.51144515596	-3.35805576342
0.3	3	0.3	ok	8	10101010	170	2	0.33203125	124.560121878	166.209613483	-3.89368146828	-3.29065006447
0.3	3.16666666667	0.3	ok	8	10101010	170	2	0.33203125	124.867341405	166.554873763	-4.23520499067	-3.21186547583
0.3	3.33333333333	0.3	ok	8	10101010	170	2	0.33203125	125.162293468	166.920218999	-4.51912954116	-3.19105483431
0.3	3.5	0.3	ok	8	01100110	102	4	0.3984375	125.456850658	167.301538978	-4.77683870223	-3.19853140916
0.3	3.66666666667	0.3	ok	8	10011001	153	4	0.59765625	125.751389503	167.692149754	-5.0221158839	-3.22053639853
0.3	3.83333333333	0.3	ok	8	10011001	153	4	0.59765625	126.038074839	168.070593015	-5.30961306216	-3.13630612636
0.3	4	0.3	ok	8	10100101	165	8	0.64453125	126.313480621	168.437995385	-5.6068133831	-3.01436618713
0.3	4.16666666667	0.3	ok	8	10100110	166	8	0.39453125	126.582637566	168.829049421	-5.81767267757	-3.09144472649
0.3	4.33333333333	0.3	ok	8	10010101	149	8	0.66015625	126.888728314	169.174387025	-6.17150026187	-2.79375875084
0.3	4.5	0.3	ok	8	01010110	86	8	0.4140625	127.060628357	169.68938472	-6.4497222809	-2.68034451975
0.3	4.66666666667	0.3	ok	8	10101101	173	8	0.70703125	127.349862823	170.107037762	-6.5746552183	-2.99059335631
0.3	4.83333333333	0.3	ok	8	10010101	149	8	0.66015625	127.611442731	170.371043443	-6.85392561258	-2.86959379677
0.3	5	0.3	ok	8	01101101	109	8	0.7109375	128.060676792	170.907534976	-7.26862549123	-2.34873814961
0.3	5.16666666667	0.3	ok	8	10001110	142	8	0.44140625	128.439754483	171.51380451	-7.61109203567	-2.03113636845
0.3	5.33333333333	0.3	ok	8	10011100	156	8	0.22265625	128.495996949	171.825714968	-7.90150725368	-1.87074822756
0.3	5.5	0.3	ok	8	01001000	72	8	0.0703125	128.906076682	172.500537337	-8.09466479592	-2.01725861491
0.3	5.66666666667	0.3	ok	8	10010001	145	8	0.53515625	129.224544379	172.864631291	-8.42233722563	-1.78142125048
0.3	5.83333333333	0.3	ok	8	01011000	88	8	0.1015625	129.817062461	173.343293953	-8.78998013236	-2.41796139617
0.3	6	0.3	ok	8	11101001	233	8	0.58984375	130.623862904	174.286444004	-8.60979948606	-1.57651569477
0.3	6.16666666667	0.3	ok	8	01010101	85	2	0.6640625	131.04829217	174.7463884	-9.27854846851	-1.68246070413
0.3	6.33333333333	0.3	ok	8	00111010	58	8	0.359375	131.624630737	176.328148634	-9.67516611876	-1.66347986845
0.3	6.5	0.3	ok	8	10011100	156	8	0.22265625	131.790433072	176.520758182	-9.9055116756	-1.87513096138
0.3	6.66666666667	0.3	ok	8	00100101	37	8	0.640625	133.378211631	177.13056814	-9.27913451116	-3.26765709069
0.3	6.83333333333	0.3	ok	8	11100011	227	8	0.77734375	135.091956508	180.661606958	-10.2592396	-2.33932799313
0.3	7	0.3	ok	8	11000111	199	8	0.88671875	138.339546417	185.044795594	-10.8905274658	-2.80723244339
0.3125	2	0.3	ok	8	10101010	170	2	0.33203125	121.197600577	161.816562237	-2.56000526841	-2.55931261583
0.3125	2.16666666667	0.3	ok	8	10101010	170	2	0.33203125	121.912641604	162.773228813	-2.73536186574	-2.73451308409
0.3125	2.33333333333	0.3	ok	8	10101010	170	2	0.33203125	122.528557096	163.597724907	-2.91483311099	-2.91397464072
0.3125	2.5	0.3	ok	8	10101010	170	2	0.33203125	123.067429065	164.317409847	-3.10423492709	-3.09056018491
0.3125	2.66666666667	0.3	ok	8	10101010	170	2	0.33203125	123.548263213	164.92535496	-3.37520350825	-3.18492723863
0.3125	2.83333333333	0.3	ok	8	10101010	170	2	0.33203125	123.946322472	165.327973675	-3.79485123539	-3.04480816483
0.3125	3	0.3	ok	8	10101010	170	2	0.33203125	124.270641436	165.70092974	-4.11547347079	-2.97573854441
0.3125	3.16666666667	0.3	ok	8	10011001	153	4	0.59765625	124.592918126	166.107155176	-4.38592795416	-2.95921787935
0.3125	3.33333333333	0.3	ok	8	01100110	102	4	0.3984375	124.92081887	166.536709051	-4.63531634913	-2.96616918291
0.3125	3.5	0.3	ok	8	01100110	102	4	0.3984375	125.253338094	166.982827819	-4.88170570316	-2.9724340982
0.3125	3.66666666667	0.3	ok	8	01011010	90	8	0.3515625	125.559867864	167.383649871	-5.21737380299	-2.75612198588
0.3125	3.83333333333	0.3	ok	8	01011001	89	8	0.6015625	125.87355489	167.803830241	-5.50442069572	-2.63525759681
0.3125	4	0.3	ok	8	10010101	149	8	0.66015625	126.244754261	168.361681548	-5.79106514546	-2.49371301924
0.3125	4.16666666667	0.3	ok	8	10100101	165	8	0.64453125	126.47404819	168.832842958	-6.00136464187	-2.5446795435
0.3125	4.33333333333	0.3	ok	8	01101101	109	8	0.7109375	126.878930272	169.409587002	-6.36879367382	-2.15847412908
0.3125	4.5	0.3	ok	8	01101101	109	8	0.7109375	127.325450444	169.681296567	-6.63902725895	-2.03175201834
0.3125	4.66666666667	0.3	ok	8	10010001	145	8	0.53515625	127.780656591	170.330951679	-6.9530545119	-1.77293670978
0.3125	4.83333333333	0.3	ok	8	00110110	54	8	0.421875	127.857290676	170.775347953	-6.95743503302	-2.45506327653
0.3125	5	0.3	ok	8	00110001	49	8	0.546875	128.515572605	171.721127644	-7.51591974292	-1.44113470361
0.3125	5.16666666667	0.3	ok	8	00110001	49	8	0.546875	128.899073814	172.466231825	-7.86026735484	-1.09772352563
0.3125	5.33333333333	0.3	ok	8	01000110	70	8	0.3828125	129.218201077	172.644385889	-7.98069553198	-1.46245850986
0.3125	5.5	0.3	ok	8	00100001	33	8	0.515625	130.405953537	174.796452487	-8.46629491761	-0.820999676415
0.3125	5.66666666667	0.3	ok	8	01011001	89	8	0.6015625	130.678236032	174.691413828	-8.73667202934	-0.90729993166
0.3125	5.83333333333	0.3	ok	8	10111011	187	4	0.86328125	132.656339115	177.962534013	-8.95436278446	-1.10434972288
0.3125	6	0.3	ok	8	00101101	45	8	0.703125	132.272064267	175.871024147	-9.22572486391	-3.34055650017
0.3125	6.16666666667	0.3	ok	8	11001111	207	8	0.94921875	134.297691136	179.422181632	-9.42979713216	-1.51887638447
0.3125	6.33333333333	0.3	ok	8	01111000	120	8	0.1171875	134.445680146	180.3679821	-9.85377576505	-1.97982056989
0.3125	6.5	0.3	ok	8	01110000	112	8	0.0546875	138.791632798	185.703694	-10.2162176736	-1.97218421935
0.3125	6.66666666667	0.3	ok	8	11010001	209	8	0.54296875	138.391504421	183.818700732	-10.4706671866	-2.89763281323
0.3125	6.83333333333	0.3	ok	8	00000100	4	8	0.125	136.561907145	183.157880284	-10.8851472844	-2.44666568576
0.3125	7	0.3	ok	8	00110010	50	8	0.296875	136.604802745	181.172297091	-9.93813806656	-3.29874107093
0.325	2	0.3	ok	8	10101010	170	2	0.33203125	120.809452421	161.294208564	-2.59496087294	-2.59448224365
0.325	2.16666666667	0.3	ok	8	10101010	170	2	0.33203125	121.567338392	162.308721283	-2.76900729369	-2.76826855335
0.325	2.33333333333	0.3	ok	8	10101010	170	2	0.33203125	122.221556095	163.184239687	-2.94737306557	-2.94568230418
0.325	2.5	0.3	ok	8	10101010	170	2	0.33203125	122.800341645	163.943701374	-3.15970025649	-3.09669441121
0.325	2.66666666667	0.3	ok	8	10101010	170	2	0.33203125	123.313397576	164.420602258	-3.65845019983	-2.85547497218
0.325	2.83333333333	0.3	ok	8	10101010	170	2	0.33203125	123.640215633	164.780382715	-3.97675431026	-2.77439866539
0.325	3	0.3	ok	8	01100110	102	4	0.3984375	123.96992719	165.205489717	-4.23959726828	-2.75546950806
0.325	3.16666666667	0.3	ok	8	10011001	153	4	0.59765625	124.319170206	165.671426376	-4.48824395486	-2.74991610861
0.325	3.33333333333	0.3	ok	8	10011001	153	4	0.59765625	124.70243136	166.225999844	-4.81161895132	-2.57003827708
0.325	3.5	0.3	ok	8	01101001	105	8	0.5859375	125.078021709	166.76463453	-5.07968711428	-2.48434727987
0.325	3.66666666667	0.3	ok	8	10011001	153	4	0.59765625	125.434454872	167.188910567	-5.16929359181	-2.83117228706
0.325	3.83333333333	0.3	ok	8	00101001	41	8	0.578125	125.353691036	167.865490251	-5.67123058978	-2.10523422272
0.325	4	0.3	ok	8	01101101	109	8	0.7109375	126.126840683	168.349359484	-5.96017721619	-1.94826686245
0.325	4.16666666667	0.3	ok	8	11000111	199	8	0.88671875	126.198621745	168.751138777	-6.27538646551	-1.68177714501
0.325	4.33333333333	0.3	ok	8	01110010	114	8	0.3046875	126.807283878	169.271817795	-6.57744055114	-1.43154722646
0.325	4.5	0.3	ok	8	10010010	146	8	0.28515625	127.199080824	169.372971165	-6.87445198735	-1.18345791991
0.325	4.66666666667	0.3	ok	8	10001011	139	8	0.81640625	127.707489115	170.51927545	-7.18777332525	-1.15441563415
0.325	4.83333333333	0.3	ok	8	00001110	14	8	0.4375	127.77865677	171.384631732	-7.32486643304	-0.72301746512
0.325	5	0.3	ok	8	10111100	188	8	0.23828125	129.221084325	172.750666566	-7.71146450259	-0.618259534163
0.325	5.16666666667	0.3	ok	8	11100001	225	8	0.52734375	132.800918942	177.236381808	-8.02295267579	-0.411181538744
0.325	5.33333333333	0.3	ok	8	00000001	1	8	0.5	132.365756341	177.970471275	-8.39032075601	-0.591429012134
0.325	5.5	0.3	ok	8	00000010	2	8	0.25	133.454924304	179.22410499	-8.70642487684	-1.08960522714
0.325	5.66666666667	0.3	ok	8	10001110	142	8	0.44140625	134.883949133	179.079967412	-8.43129267627	-1.44371002978
0.325	5.83333333333	0.3	ok	8	10000111	135	8	0.87890625	134.976321868	182.716719831	-9.37696900318	-1.85194461823
0.325	6	0.3	ok	8	10000100	132	8	0.12890625	136.625735884	183.048155462	-9.40933667958	-1.37672144191
0.325	6.16666666667	0.3	ok	8	11111100	252	8	0.24609375	137.47791068	185.104061311	-10.0035403162	-2.21032670568
0.325	6.33333333333	0.3	ok	8	01011000	88	8	0.1015625	139.469061228	185.604158008	-10.3023875606	-2.40749469593
0.325	6.5	0.3	ok	8	00011011	27	8	0.84375	139.897793209	186.083329541	-10.4923400936	-3.01533028658
0.325	6.66666666667	0.3	ok	8	11001001	201	8	0.57421875	137.609604488	182.008350118	-9.43334478125	-3.06691032174
0.325	6.83333333333	0.3	ok	8	10110000	176	8	0.05078125	136.922822859	185.536165275	-11.3016304788	-2.56611016448
0.325	7	0.3	ok	8	11001111	207	8	0.94921875	145.436153533	196.938198975	-11.5941294244	-5.84409868389
0.3375	2	0.3	ok	8	10101010	170	2	0.33203125	120.42561574	160.779394215	-2.62660069628	-2.62571863213
0.3375	2.16666666667	0.3	ok	8	10101010	170	2	0.33203125	121.223274777	161.85030176	-2.8008936702	-2.79478782872
0.3375	2.33333333333	0.3	ok	8	10101010	170	2	0.33203125	121.884669296	162.776506946	-3.04202987229	-2.9037778605
0.3375	2.5	0.3	ok	8	10101010	170	2	0.33203125	122.293221673	163.453643721	-3.51530523101	-2.68627622652
0.3375	2.66666666667	0.3	ok	8	10101010	170	2	0.33203125	122.61531041	163.957518581	-3.8258233882	-2.60317093229
0.3375	2.83333333333	0.3	ok	8	00110011	51	4	0.796875	123.001444614	164.509262689	-4.08606825453	-2.57628095875
0.3375	3	0.3	ok	8	11001100	204	4	0.19921875	123.448075854	165.137600932	-4.35044731154	-2.51454230284
0.3375	3.16666666667	0.3	ok	8	10010110	150	8	0.41015625	124.154400573	165.41517333	-4.67390596368	-2.32944160719
0.3375	3.33333333333	0.3	ok	8	01100101	101	8	0.6484375	124.491403574	165.74674944	-4.94946730497	-2.21252544507
0.3375	3.5	0.3	ok	8	10011010	154	8	0.34765625	124.882019453	166.281837921	-5.18478213107	-2.17145721073
0.3375	3.66666666667	0.3	ok	8	10010101	149	8	0.66015625	125.184863213	166.887251057	-5.40863634714	-2.15887958605
0.3375	3.83333333333	0.3	ok	8	11100011	227	8	0.77734375	124.578801307	166.811343893	-5.86552688994	-1.53005638983
0.3375	4	0.3	ok	8	11010110	214	8	0.41796875	125.408983727	168.032255073	-6.16632882904	-1.64293122611
0.3375	4.16666666667	0.3	ok	8	10010001	145	8	0.53515625	126.418844114	168.512551193	-6.45069347136	-1.06217812833
0.3375	4.33333333333	0.3	ok	8	10001011	139	8	0.81640625	126.709544572	168.582184198	-6.75312520556	-0.786931392657
0.3375	4.5	0.3	ok	8	11000010	194	8	0.26171875	126.861560977	169.097222006	-7.10537400682	-0.403371574624
0.3375	4.66666666667	0.3	ok	8	01110001	113	8	0.5546875	127.687447936	169.911751063	-7.24772239091	-0.504170548338
0.3375	4.83333333333	0.3	ok	8	01111110	126	8	0.4921875	125.664342746	168.270743071	-7.59448968191	-0.0803790462477
0.3375	5	0.3	ok	8	01100001	97	8	0.5234375	132.573567541	176.177722139	-7.70645730618	-0.424675672249
0.3375	5.16666666667	0.3	ok	8	00100100	36	8	0.140625	135.185193454	178.606499662	-8.3615694772	-2.39780108985
0.3375	5.33333333333	0.3	ok	8	11101110	238	4	0.46484375	139.499428899	185.894658922	-8.68765072067	-1.02711660449
0.3375	5.5	0.3	ok	8	01000010	66	8	0.2578125	140.269163658	185.634957418	-8.60324107533	-1.08651876632
0.3375	5.66666666667	0.3	ok	8	11110101	245	8	0.68359375	138.715642694	183.745886096	-8.76238348409	-1.13597191388
0.3375	5.83333333333	0.3	ok	8	11101111	239	8	0.96484375	136.273154879	184.356665933	-9.54733225437	-2.76163383169
0.3375	6	0.3	ok	8	11000000	192	8	0.01171875	147.459806074	195.707218753	-9.9032776172	-3.30918503169
0.3375	6.16666666667	0.3	ok	8	00111100	60	8	0.234375	149.785727447	202.226797011	-10.3447440964	-5.08132996263
0.3375	6.33333333333	0.3	ok	8	00011000	24	8	0.09375	140.185850748	190.325491333	-10.639132883	-3.99802697612
0.3375	6.5	0.3	ok	8	10110110	182	8	0.42578125	139.281326193	185.387689176	-11.0066814423	-3.05329733017
0.3375	6.66666666667	0.3	ok	8	01011011	91	8	0.8515625	142.113212746	188.174086431	-11.2992104531	-3.47443350708
0.3375	6.83333333333	0.3	ok	8	10000111	135	8	0.87890625	137.767476851	186.588214522	-11.3907418052	-2.7072451483
0.3375	7	0.3	ok	8	01101101	109	8	0.7109375	143.765891562	188.706947171	-10.0320166186	-3.06536721073
0.35	2	0.3	ok	8	10101010	170	2	0.33203125	120.037241375	160.264056387	-2.65524504807	-2.65167269944
0.35	2.16666666667	0.3	ok	8	10101010	170	2	0.33203125	120.821744657	161.368202839	-2.89020263639	-2.75309431317
0.35	2.33333333333	0.3	ok	8	10101010	170	2	0.33203125	121.220663944	162.069644165	-3.34384635526	-2.56509323597
0.35	2.5	0.3	ok	8	10101010	170	2	0.33203125	121.526897276	162.567682181	-3.66582339609	-2.4619983069
0.35	2.66666666667	0.3	ok	8	00110011	51	4	0.796875	121.917662593	163.138455467	-3.9276885939	-2.4223251622
0.35	2.83333333333	0.3	ok	8	11001100	204	4	0.19921875	122.392697084	163.757442223	-4.19985329404	-2.34433718627
0.35	3	0.3	ok	8	01001011	75	8	0.8203125	122.983016819	164.378012414	-4.52243883856	-2.14350919713
0.35	3.16666666667	0.3	ok	8	01001011	75	8	0.8203125	123.551601925	165.21100247	-4.79128997554	-2.02449487447
0.35	3.33333333333	0.3	ok	8	01101100	108	8	0.2109375	124.059485273	165.282152136	-5.12708230611	-1.7472441688
0.35	3.5	0.3	ok	8	10100100	164	8	0.14453125	124.292339224	165.6649404	-5.42390783349	-1.53350160562
0.35	3.66666666667	0.3	ok	8	00011100	28	8	0.21875	123.546211145	165.407524396	-5.70991022885	-1.33050915044
0.35	3.83333333333	0.3	ok	8	11001011	203	8	0.82421875	124.409794249	166.700243379	-5.61374043958	-2.1024266083
0.35	4	0.3	ok	8	00100100	36	8	0.140625	124.33254034	166.420765254	-6.20822139598	-1.05220823771
0.35	4.16666666667	0.3	ok	8	01111000	120	8	0.1171875	123.364774843	164.004569867	-6.69460413228	-0.569297602723
0.35	4.33333333333	0.3	ok	8	00000001	1	8	0.5	125.390247916	166.136342498	-7.01631947841	-0.516233462294
0.35	4.5	0.3	ok	8	00000111	7	8	0.875	125.622278249	165.632688662	-7.30474001767	-0.460450077389
0.35	4.66666666667	0.3	ok	8	00111111	63	8	0.984375	122.458252626	163.004090417	-7.49838473538	-0.437555473635
0.35	4.83333333333	0.3	ok	8	10111101	189	8	0.73828125	128.46155611	168.351445524	-7.97757094123	-0.990204638581
0.35	5	0.3	ok	8	00011111	31	8	0.96875	125.422230714	165.723487357	-8.28833498233	-1.20091248495
0.35	5.16666666667	0.3	ok	8	10001001	137	8	0.56640625	133.392987257	177.166426838	-8.13904924533	-0.903972636266
0.35	5.33333333333	0.3	ok	8	01110000	112	8	0.0546875	133.937268552	176.379199508	-8.99726269141	-1.84346073108
0.35	5.5	0.3	ok	8	00000000	0	1	0	121.350539452	166.163725543	-9.32569403874	-1.87154160012
0.35	5.66666666667	0.3	ok	8	00001111	15	8	0.9375	137.301411813	178.448399257	-9.67046413139	-1.06917763701
0.35	5.83333333333	0.3	ok	8	11000000	192	8	0.01171875	125.705313838	178.49896216	-9.81890150648	-3.99828124687
0.35	6	0.3	ok	8	10000100	132	8	0.12890625	122.482623766	164.117588527	-10.3427844963	-3.01830558194
0.35	6.16666666667	0.3	ok	8	10000001	129	8	0.50390625	124.530076532	166.448627274	-10.6934584545	-3.34467697438
0.35	6.33333333333	0.3	ok	8	00001101	13	8	0.6875	118.344401136	158.302848663	-11.0343970632	-2.93045376476
0.35	6.5	0.3	ok	8	10010110	150	8	0.41015625	124.86481137	171.06440531	-10.9782669923	-2.96118074981
0.35	6.66666666667	0.3	ok	8	10101100	172	8	0.20703125	134.0515574	180.146640835	-10.307818447	-2.68879111908
0.35	6.83333333333	0.3	ok	8	00111011	59	8	0.859375	128.143278904	175.929854527	-11.2331464851	-2.83938669807
0.35	7	0.3	ok	8	00100101	37	8	0.640625	125.447648366	171.37164231	-11.6062868561	-3.35172698872
0.3625	2	0.3	ok	8	10101010	170	2	0.33203125	119.607895002	159.724303169	-2.70501722928	-2.64830188169
0.3625	2.16666666667	0.3	ok	8	10101010	170	2	0.33203125	120.115516948	160.603182246	-3.13778915102	-2.50156004313
0.3625	2.33333333333	0.3	ok	8	10101010	170	2	0.33203125	120.366503061	161.057500438	-3.49631040133	-2.35460291257
0.3625	2.5	0.3	ok	8	11001100	204	4	0.19921875	120.745728509	161.6270615	-3.76605458941	-2.29457250568
0.3625	2.66666666667	0.3	ok	8	11001100	204	4	0.19921875	121.210152885	162.312926102	-4.02367404931	-2.22420622352
0.3625	2.83333333333	0.3	ok	8	11010010	210	8	0.29296875	121.664273221	163.110990983	-4.36188096883	-2.00311514566
0.3625	3	0.3	ok	8	00101011	43	8	0.828125	122.238626362	163.900567553	-4.59038773922	-1.81021901634
0.3625	3.16666666667	0.3	ok	8	01011001	89	8	0.6015625	123.197072488	163.942394739	-4.90668835369	-1.72588835324
0.3625	3.33333333333	0.3	ok	8	10010010	146	8	0.28515625	123.375064564	163.728015571	-5.25450984216	-1.42623428272
0.3625	3.5	0.3	ok	8	00111000	56	8	0.109375	121.853904739	163.084305759	-5.61290877191	-1.13702667012
0.3625	3.66666666667	0.3	ok	8	00011001	25	8	0.59375	122.34039237	164.685257381	-5.29941894742	-0.975217649469
0.3625	3.83333333333	0.3	ok	8	11110101	245	8	0.68359375	123.53880171	164.568197806	-6.23605220585	-0.811196585702
0.3625	4	0.3	ok	8	11001000	200	8	0.07421875	124.222594004	166.491873717	-6.15118370178	-1.05816709501
0.3625	4.16666666667	0.3	ok	8	10010100	148	8	0.16015625	121.158804992	163.400695131	-6.11718185288	-1.75210043713
0.3625	4.33333333333	0.3	ok	8	01101111	111	8	0.9609375	119.609051066	160.468086688	-6.91212957392	-0.460973392375
0.3625	4.5	0.3	ok	8	11101100	236	8	0.21484375	122.580452707	162.698918077	-7.49344296615	-0.765263074242
0.3625	4.66666666667	0.3	ok	8	00001011	11	8	0.8125	109.569992361	153.083302587	-6.94900737361	-0.345409797616
0.3625	4.83333333333	0.3	ok	8	00011111	31	8	0.96875	125.390828836	158.330085486	-8.26734491696	-1.62134443163
0.3625	5	0.3	ok	8	00111111	63	8	0.984375	127.537794597	175.701071365	-7.88515031595	-0.200010835197
0.3625	5.16666666667	0.3	ok	8	11101100	236	8	0.21484375	131.070734194	166.971100794	-8.88477481781	-1.33486347727
0.3625	5.33333333333	0.3	ok	8	01111101	125	8	0.7421875	126.728706097	166.635476308	-9.20570036495	-1.61006553371
0.3625	5.5	0.3	ok	8	00011001	25	8	0.59375	126.825474898	166.63787848	-9.64833359842	-2.71445490311
0.3625	5.66666666667	0.3	ok	8	00000010	2	8	0.25	133.774115383	181.354555904	-8.87827809299	-1.35324278832
0.3625	5.83333333333	0.3	ok	8	10000011	131	8	0.75390625	128.069588615	165.73589639	-10.3438140721	-2.0444935447
0.3625	6	0.3	ok	8	11110001	241	8	0.55859375	116.241708575	166.193628579	-10.442581002	-2.10770036247
0.3625	6.16666666667	0.3	ok	8	10000111	135	8	0.87890625	124.57257061	165.978571214	-10.9476418214	-2.07294329783
0.3625	6.33333333333	0.3	ok	8	01100000	96	8	0.0234375	123.102697785	165.480409295	-11.1439502331	-2.45483537811
0.3625	6.5	0.3	ok	8	01011000	88	8	0.1015625	133.908799586	175.586876249	-11.6230685674	-4.73994568406
0.3625	6.66666666667	0.3	ok	8	01001101	77	8	0.6953125	110.006853562	154.767071822	-9.42379201561	-2.89680635462
0.3625	6.83333333333	0.3	ok	8	00111000	56	8	0.109375	117.168481275	165.304113743	-12.4669740618	-3.44036726065
0.3625	7	0.3	ok	8	11111111	255	1	0.99609375	92.2789603703	125.268087876	-12.4294306897	-4.37505300394
0.375	2	0.3	ok	8	10101010	170	2	0.33203125	118.97440609	159.032504891	-2.87343603407	-2.50744347079
0.375	2.16666666667	0.3	ok	8	10101010	170	2	0.33203125	119.139200198	159.435388203	-3.31073519164	-2.29015993109
0.375	2.33333333333	0.3	ok	8	00110011	51	4	0.796875	119.429291111	159.912761436	-3.60101595715	-2.19792903983
0.375	2.5	0.3	ok	8	00110011	51	4	0.796875	119.904748521	160.598908446	-3.84455565203	-2.15014068323
0.375	2.66666666667	0.3	ok	8	00101101	45	8	0.703125	120.359759644	161.45419284	-4.20089442632	-1.90841457085
0.375	2.83333333333	0.3	ok	8	01001100	76	8	0.1953125	121.387134411	162.098934322	-4.50924705033	-1.72356996773
0.375	3	0.3	ok	8	11010110	214	8	0.41796875	121.418142434	162.671486136	-4.4911048386	-1.60518454074
0.375	3.16666666667	0.3	ok	8	11011011	219	8	0.85546875	121.247787274	162.680404935	-5.0419178715	-1.32910004179
0.375	3.33333333333	0.3	ok	8	10001110	142	8	0.44140625	121.594539267	160.08541379	-5.45525778544	-1.16698479276
0.375	3.5	0.3	ok	8	00111111	63	8	0.984375	119.962706596	160.57046445	-5.73269497668	-1.04271110986
0.375	3.66666666667	0.3	ok	8	11100011	227	8	0.77734375	121.640453335	163.239864108	-5.87739309723	-0.936149142147
0.375	3.83333333333	0.3	ok	8	11111100	252	8	0.24609375	121.235064578	161.87019098	-6.36431498543	-0.975172772504
0.375	4	0.3	ok	8	11111110	254	8	0.49609375	120.623534402	158.767973798	-6.72911516449	-0.82200808325
0.375	4.16666666667	0.3	ok	8	01110001	113	8	0.5546875	110.965112368	148.475846188	-7.149190964	-1.41824605821
0.375	4.33333333333	0.3	ok	8	00000000	0	1	0	111.821893147	153.686489356	-7.34344488208	-0.409828271864
0.375	4.5	0.3	ok	8	10000001	129	8	0.50390625	118.126194746	159.66909206	-6.99887759908	-0.277294024981
0.375	4.66666666667	0.3	ok	8	10000000	128	8	0.00390625	119.988625279	158.190881846	-7.42832956775	-0.153890857848
0.375	4.83333333333	0.3	ok	8	01110111	119	4	0.9296875	129.026360886	165.19374108	-8.31923258678	-1.8380974853
0.375	5	0.3	ok	8	01110001	113	8	0.5546875	122.112568503	162.283418475	-8.89374791601	-0.775095412993
0.375	5.16666666667	0.3	ok	8	00000101	5	8	0.625	120.144147876	160.348497018	-8.86076297035	-0.821748110378
0.375	5.33333333333	0.3	ok	8	11101111	239	8	0.96484375	120.838204449	152.854548424	-9.61392223331	-1.85464180659
0.375	5.5	0.3	ok	8	10000010	130	8	0.25390625	121.416746728	161.672041564	-9.29373033846	-1.35690976208
0.375	5.66666666667	0.3	ok	8	00110111	55	8	0.921875	117.687929344	157.625053373	-9.4626889333	-2.37668621907
0.375	5.83333333333	0.3	ok	8	00000000	0	1	0	120.547366892	152.473332333	-10.6959532865	-3.51170309036
0.375	6	0.3	ok	8	00010111	23	8	0.90625	116.739156373	158.328013299	-10.5131106395	-2.54379436816
0.375	6.16666666667	0.3	ok	8	00000000	0	1	0	111.582750462	143.292893438	-11.2397832515	-5.01338003813
0.375	6.33333333333	0.3	ok	8	01100110	102	4	0.3984375	99.3891529399	130.95934122	-11.6221133185	-5.41846126596
0.375	6.5	0.3	ok	8	00110011	51	4	0.796875	105.176733361	132.241829465	-11.9476449422	-5.68551777252
0.375	6.66666666667	0.3	ok	8	00001110	14	8	0.4375	119.775426963	162.814146373	-11.3857541812	-3.00016945828
0.375	6.83333333333	0.3	ok	8	11001100	204	4	0.19921875	92.4397703077	119.24917454	-12.6654642394	-5.63276522909
0.375	7	0.3	ok	8	00111111	63	8	0.984375	92.3034125005	119.059059669	-13.0698719003	-4.98449733596
0.3875	2	0.3	ok	8	01010101	85	2	0.6640625	117.964784124	157.840026418	-3.08240540193	-2.29011219035
0.3875	2.16666666667	0.3	ok	8	00110011	51	4	0.796875	118.016774063	158.04922016	-3.42821671412	-2.14225957135
0.3875	2.33333333333	0.3	ok	8	00110011	51	4	0.796875	118.378581176	158.608383609	-3.68527514385	-2.06993678185
0.3875	2.5	0.3	ok	8	00110011	51	4	0.796875	119.018749763	159.369095119	-3.97896626429	-1.93233838258
0.3875	2.66666666667	0.3	ok	8	00110100	52	8	0.171875	119.77818689	160.183596901	-4.33567453771	-1.70656492097
0.3875	2.83333333333	0.3	ok	8	01001101	77	8	0.6953125	120.838456559	161.509603258	-4.58327683611	-1.59478210863
0.3875	3	0.3	ok	8	01001100	76	8	0.1953125	120.629822875	161.545533566	-4.5749440047	-1.87824070024
0.3875	3.16666666667	0.3	ok	8	10110110	182	8	0.42578125	121.377308332	162.173830932	-5.02716748567	-1.4022389265
0.3875	3.33333333333	0.3	ok	8	01110001	113	8	0.5546875	117.610725533	156.865614279	-5.63486234628	-1.21364520548
0.3875	3.5	0.3	ok	8	00011111	31	8	0.96875	117.966536883	154.039778067	-5.99244684909	-1.18085732727
0.3875	3.66666666667	0.3	ok	8	11101110	238	4	0.46484375	118.932191958	156.474684025	-6.33691807216	-0.913596210032
0.3875	3.83333333333	0.3	ok	8	10011111	159	8	0.97265625	119.96325762	158.221027175	-6.30213734429	-0.803891312807
0.3875	4	0.3	ok	8	00010111	23	8	0.90625	118.48001176	160.723616053	-6.22792419222	-0.694983784819
0.3875	4.16666666667	0.3	ok	8	11110100	244	8	0.18359375	117.31402357	154.011098614	-7.24078805062	-1.87474374342
0.3875	4.33333333333	0.3	ok	8	00111110	62	8	0.484375	116.279358689	155.525586813	-7.74959812075	-1.11610114891
0.3875	4.5	0.3	ok	8	01111111	127	8	0.9921875	115.402096523	149.111671307	-8.1108567799	-0.553427714444
0.3875	4.66666666667	0.3	ok	8	10111000	184	8	0.11328125	118.3433549	154.559170515	-8.12812225906	-1.32276484594
0.3875	4.83333333333	0.3	ok	8	11001110	206	8	0.44921875	104.553842044	144.729763011	-8.08737468594	-1.77314949596
0.3875	5	0.3	ok	8	11111100	252	8	0.24609375	106.647493445	152.115420403	-9.20084867422	-0.286163880122
0.3875	5.16666666667	0.3	ok	8	11111010	250	8	0.37109375	120.133298772	156.096564291	-9.22179651766	-1.75054703295
0.3875	5.33333333333	0.3	ok	8	11110100	244	8	0.18359375	109.428396043	154.42849232	-8.45696468629	-0.788297767823
0.3875	5.5	0.3	ok	8	11001100	204	4	0.19921875	107.290743274	135.216585747	-10.1554184357	-4.64853841988
0.3875	5.66666666667	0.3	ok	8	00110011	51	4	0.796875	105.97766579	133.720059027	-10.4971226145	-4.9199594455
0.3875	5.83333333333	0.3	ok	8	00111100	60	8	0.234375	98.0379688327	125.617485302	-10.8957563836	-4.78678520301
0.3875	6	0.3	ok	8	01100001	97	8	0.5234375	103.511223742	135.279661257	-11.2614201133	-4.50050199393
0.3875	6.16666666667	0.3	ok	8	00110011	51	4	0.796875	102.107100571	144.833901901	-10.4294654838	-2.24306542112
0.3875	6.33333333333	0.3	ok	8	11100110	230	8	0.40234375	115.308955803	153.182353696	-12.0236555706	-4.46297989897
0.3875	6.5	0.3	ok	8	01110011	115	8	0.8046875	105.287839166	143.13132658	-12.3459709381	-3.62858732145
0.3875	6.66666666667	0.3	ok	8	00010000	16	8	0.03125	121.213067884	157.124599377	-12.8726117908	-3.99557039872
0.3875	6.83333333333	0.3	ok	8	00011111	31	8	0.96875	121.33817915	169.943573678	-10.1745008142	-3.25414687879
0.3875	7	0.3	ok	8	11101001	233	8	0.58984375	122.236973673	163.830777843	-13.578359019	-5.38833222983
0.4	2	0.3	ok	8	01010101	85	2	0.6640625	116.716942469	156.285756995	-3.2234675102	-2.14399211784
0.4	2.16666666667	0.3	ok	8	11001100	204	4	0.19921875	116.716483328	156.414633261	-3.5253670864	-2.02922095355
0.4	2.33333333333	0.3	ok	8	00110011	51	4	0.796875	117.150392432	157.06747533	-3.76068448789	-1.96204695292
0.4	2.5	0.3	ok	8	00110011	51	4	0.796875	117.778196736	157.582442617	-4.14165276282	-1.74769462258
0.4	2.66666666667	0.3	ok	8	01001011	75	8	0.8203125	118.574489539	158.363494116	-4.44960279525	-1.61009247037
0.4	2.83333333333	0.3	ok	8	11011101	221	4	0.73046875	119.533658627	160.1484583	-4.7650401169	-1.49344280102
0.4	3	0.3	ok	8	00110110	54	8	0.421875	119.115360113	158.347214599	-4.95765188333	-1.38318443828
0.4	3.16666666667	0.3	ok	8	00111000	56	8	0.109375	116.569815805	156.611438221	-5.19558529311	-1.26893814301
0.4	3.33333333333	0.3	ok	8	11011110	222	8	0.48046875	116.510619501	157.011938106	-5.69562438665	-1.39918345757
0.4	3.5	0.3	ok	8	11101110	238	4	0.46484375	117.267936176	154.543719279	-6.1864017449	-1.70019721172
0.4	3.66666666667	0.3	ok	8	10001111	143	8	0.94140625	117.161587357	154.536264923	-6.49521312043	-1.66737532123
0.4	3.83333333333	0.3	ok	8	00100111	39	8	0.890625	113.817537821	153.354384252	-6.80688724693	-1.61882608357
0.4	4	0.3	ok	8	11111110	254	8	0.49609375	116.314056828	154.469195444	-6.7567214208	-0.961738103052
0.4	4.16666666667	0.3	ok	8	01110010	114	8	0.3046875	115.459699985	154.909765947	-7.32133444476	-1.76015158826
0.4	4.33333333333	0.3	ok	8	10111111	191	8	0.98828125	114.087313643	154.244563734	-7.212087971	-0.919097342624
0.4	4.5	0.3	ok	8	00001010	10	8	0.3125	110.151534486	150.122141844	-8.24579484198	-1.95052909912
0.4	4.66666666667	0.3	ok	8	11111111	255	1	0.99609375	104.478139467	142.23320142	-8.60265405507	-0.138967912619
0.4	4.83333333333	0.3	ok	8	11001100	204	4	0.19921875	114.09001506	142.715756907	-8.98363618279	-4.1073653622
0.4	5	0.3	ok	8	11001100	204	4	0.19921875	111.316780294	139.707098887	-9.35656432353	-4.26106732624
0.4	5.16666666667	0.3	ok	8	00111100	60	8	0.234375	99.594309462	127.798077584	-9.73200647669	-4.07553669943
0.4	5.33333333333	0.3	ok	8	11100000	224	8	0.02734375	95.1416687007	127.442904013	-10.0986042419	-3.63487461286
0.4	5.5	0.3	ok	8	00000000	0	1	0	120.274317693	154.73390114	-9.5151647665	-3.04249994958
0.4	5.66666666667	0.3	ok	8	00001100	12	8	0.1875	108.613522713	145.006839219	-9.64759511386	-1.94613279313
0.4	5.83333333333	0.3	ok	8	11101100	236	8	0.21484375	120.628938167	156.877854511	-11.2781442011	-2.0007247828
0.4	6	0.3	ok	8	10111110	190	8	0.48828125	107.342338173	143.19061062	-11.4485378372	-3.78904369341
0.4	6.16666666667	0.3	ok	8	10110111	183	8	0.92578125	114.037200532	149.93119951	-11.9013266978	-3.75331479732
0.4	6.33333333333	0.3	ok	8	10000000	128	8	0.00390625	124.628304938	162.525353859	-12.0049394291	-3.18962178539
0.4	6.5	0.3	ok	8	11111011	251	8	0.87109375	121.634063016	153.15748928	-12.8540280514	-4.03772686683
0.4	6.66666666667	0.3	ok	8	11111011	251	8	0.87109375	105.128285793	147.437545686	-11.4749677658	-3.60510146843
0.4	6.83333333333	0.3	ok	8	00011100	28	8	0.21875	114.888873676	146.712412164	-13.6952309542	-4.43481161136
0.4	7	0.3	ok	8	10001111	143	8	0.94140625	123.04751773	160.855555227	-14.0374233829	-4.66734101457
0.4125	2	0.3	ok	8	01010101	85	2	0.6640625	115.270563182	154.442643155	-3.33594595522	-2.0486392237
0.4125	2.16666666667	0.3	ok	8	11001100	204	4	0.19921875	115.154405329	154.42245459	-3.61823596866	-1.94618608569
0.4125	2.33333333333	0.3	ok	8	11001100	204	4	0.19921875	115.632839585	155.152946262	-3.8347732544	-1.87593804371
0.4125	2.5	0.3	ok	8	11001100	204	4	0.19921875	116.191671938	155.622957744	-4.19530259554	-1.71214403171
0.4125	2.66666666667	0.3	ok	8	11110000	240	8	0.05859375	115.755901017	154.67206565	-4.60950266834	-1.6390641754
0.4125	2.83333333333	0.3	ok	8	00001111	15	8	0.9375	115.149321737	153.664127254	-4.96149879627	-1.64255103947
0.4125	3	0.3	ok	8	11110000	240	8	0.05859375	118.560323449	156.769577904	-5.28034592599	-1.66881477785
0.4125	3.16666666667	0.3	ok	8	11110100	244	8	0.18359375	118.376378839	158.108187619	-5.46330053987	-1.54892349031
0.4125	3.33333333333	0.3	ok	8	00011000	24	8	0.09375	116.888670989	153.563934243	-6.00078268322	-1.20781090723
0.4125	3.5	0.3	ok	8	11111000	248	8	0.12109375	114.921583628	150.61232446	-6.38808966743	-1.13396730507
0.4125	3.66666666667	0.3	ok	8	11110000	240	8	0.05859375	111.289426386	146.262677646	-6.73688502748	-1.15883676782
0.4125	3.83333333333	0.3	ok	8	11111100	252	8	0.24609375	111.331077693	146.832774593	-7.14174741627	-0.810273987696
0.4125	4	0.3	ok	8	00000000	0	1	0	103.084556695	137.104236791	-7.31817102812	-1.75219521214
0.4125	4.16666666667	0.3	ok	8	00000000	0	1	0	99.1563161156	128.700450955	-7.76538533026	-3.48342627227
0.4125	4.33333333333	0.3	ok	8	01001111	79	8	0.9453125	103.453602068	136.139655008	-8.24527006614	-3.18967901388
0.4125	4.5	0.3	ok	8	11000000	192	8	0.01171875	115.352606375	144.390823213	-8.55430050792	-3.30272933515
0.4125	4.66666666667	0.3	ok	8	00111111	63	8	0.984375	105.107140012	134.696850895	-8.90508254024	-0.174390795339
0.4125	4.83333333333	0.3	ok	8	01100110	102	4	0.3984375	118.024087366	150.542240842	-9.28663105873	-4.09404369822
0.4125	5	0.3	ok	8	00111110	62	8	0.484375	112.703738011	151.215115189	-9.8374236176	-1.31691713113
0.4125	5.16666666667	0.3	ok	8	10000000	128	8	0.00390625	129.604795496	168.405278832	-8.86133574022	-2.74734651096
0.4125	5.33333333333	0.3	ok	8	00110011	51	4	0.796875	115.058867711	143.031871258	-10.2304537066	-4.85245086208
0.4125	5.5	0.3	ok	8	01101100	108	8	0.2109375	112.291388367	144.158699447	-10.8563963521	-4.5941591515
0.4125	5.66666666667	0.3	ok	8	11000110	198	8	0.38671875	119.957674887	151.908068741	-11.3694519751	-3.65561085785
0.4125	5.83333333333	0.3	ok	8	01000000	64	8	0.0078125	108.911032724	145.141023534	-11.2901363479	-3.30229630745
0.4125	6	0.3	ok	8	11000000	192	8	0.01171875	103.047833755	148.387634748	-12.2263942017	-2.99467191372
0.4125	6.16666666667	0.3	ok	8	00000000	0	1	0	109.929520277	148.675528941	-12.5022753691	-3.03149190946
0.4125	6.33333333333	0.3	ok	8	11111000	248	8	0.12109375	113.467709124	145.189914158	-13.047309405	-3.58907383343
0.4125	6.5	0.3	ok	8	00011100	28	8	0.21875	119.001376273	153.483914222	-13.3424038985	-5.66802224458
0.4125	6.66666666667	0.3	ok	8	00000000	0	1	0	107.385227776	146.824790648	-13.4683337443	-4.18851928098
0.4125	6.83333333333	0.3	ok	8	11011000	216	8	0.10546875	109.009538619	147.111631434	-13.0752216115	-3.8496592202
0.4125	7	0.3	ok	8	00111000	56	8	0.109375	116.778561531	150.173656881	-14.4276644311	-4.28529608731
0.425	2	0.3	ok	8	11001100	204	4	0.19921875	113.604492358	152.2800253	-3.43965452432	-1.99803113365
0.425	2.16666666667	0.3	ok	8	11001100	204	4	0.19921875	113.173604354	151.855983561	-3.72252366479	-1.90309431483
0.425	2.33333333333	0.3	ok	8	00110011	51	4	0.796875	113.614221766	152.573746438	-3.92423611932	-1.81827990415
0.425	2.5	0.3	ok	8	00110011	51	4	0.796875	114.607189494	154.063420234	-4.08753745928	-1.75057324321
0.425	2.66666666667	0.3	ok	8	00111100	60	8	0.234375	114.230705371	153.981474492	-4.58060264398	-1.62039741593
0.425	2.83333333333	0.3	ok	8	11110111	247	8	0.93359375	112.519149059	151.435193104	-5.06901997635	-1.49545214726
0.425	3	0.3	ok	8	01111101	125	8	0.7421875	116.390446722	154.770950792	-5.40958200151	-1.41506253025
0.425	3.16666666667	0.3	ok	8	00100101	37	8	0.640625	112.442136784	153.06562842	-4.86405873982	-1.2817926005
0.425	3.33333333333	0.3	ok	8	00000011	3	8	0.75	109.81398528	145.992690882	-6.09168645978	-1.14063241237
0.425	3.5	0.3	ok	8	00000111	7	8	0.875	105.488842411	139.612434636	-6.50563867647	-1.70002336773
0.425	3.66666666667	0.3	ok	8	00110011	51	4	0.796875	108.580428636	138.914448223	-6.87735555231	-3.1162587057
0.425	3.83333333333	0.3	ok	8	10011001	153	4	0.59765625	102.583083708	136.12645213	-7.24185911696	-3.32128685836
0.425	4	0.3	ok	8	00001111	15	8	0.9375	99.5274312432	129.367129745	-7.64158594753	-2.81613563633
0.425	4.16666666667	0.3	ok	8	11111001	249	8	0.62109375	111.669551422	144.939732928	-8.02388473152	-2.70256352551
0.425	4.33333333333	0.3	ok	8	10001100	140	8	0.19140625	114.614344433	147.553035392	-8.39462811123	-0.866359711047
0.425	4.5	0.3	ok	8	11001111	207	8	0.94921875	105.068827793	138.653985336	-8.71770444134	-0.343837471909
0.425	4.66666666667	0.3	ok	8	11101100	236	8	0.21484375	107.786347447	143.899317679	-9.36881395837	-3.73282399346
0.425	4.83333333333	0.3	ok	8	00010001	17	4	0.53125	107.284091242	143.225508483	-9.69745731947	-3.54523485971
0.425	5	0.3	ok	8	01000111	71	8	0.8828125	104.266293006	140.38992513	-9.53565577878	-1.30865714525
0.425	5.16666666667	0.3	ok	8	00011000	24	8	0.09375	109.212927983	141.636956525	-10.361186304	-3.03639837378
0.425	5.33333333333	0.3	ok	8	00100001	33	8	0.515625	116.270194647	157.546469413	-8.71689261859	-1.00901729965
0.425	5.5	0.3	ok	8	00000011	3	8	0.75	126.777166218	164.00650655	-11.2106804786	-2.21178213214
0.425	5.66666666667	0.3	ok	8	00101111	47	8	0.953125	126.879256983	164.250122594	-11.5552751659	-3.05029191668
0.425	5.83333333333	0.3	ok	8	00011011	27	8	0.84375	119.828651099	153.333991346	-12.0290540225	-5.66406786498
0.425	6	0.3	ok	8	00000011	3	8	0.75	119.818412808	160.392096976	-12.5920312507	-2.70765888249
0.425	6.16666666667	0.3	ok	8	00011101	29	8	0.71875	113.412279871	152.692720739	-12.6836427448	-4.96762210868
0.425	6.33333333333	0.3	ok	8	11011110	222	8	0.48046875	101.892207965	141.525302107	-13.3105143372	-5.57561485958
0.425	6.5	0.3	ok	8	10000000	128	8	0.00390625	101.379293526	145.814859217	-13.7167650004	-3.1340105983
0.425	6.66666666667	0.3	ok	8	00011111	31	8	0.96875	103.557046249	131.829025657	-14.1468658245	-5.30723340796
0.425	6.83333333333	0.3	ok	8	11110000	240	8	0.05859375	110.323664855	142.520859511	-14.6678243741	-4.80589290487
0.425	7	0.3	ok	8	10001111	143	8	0.94140625	98.1626215702	130.95396129	-14.0257687363	-4.0902669194
0.4375	2	0.3	ok	8	10011001	153	4	0.59765625	111.775336055	149.865985863	-3.53740965513	-1.99999040073
0.4375	2.16666666667	0.3	ok	8	00000000	0	1	0	110.609580692	148.466325075	-3.85346503275	-1.93975405892
0.4375	2.33333333333	0.3	ok	8	11111111	255	1	0.99609375	110.21488226	148.111618673	-4.09183254486	-1.85386633987
0.4375	2.5	0.3	ok	8	11001100	204	4	0.19921875	111.360780767	150.085105522	-4.17704146747	-1.71469421437
0.4375	2.66666666667	0.3	ok	8	11001100	204	4	0.19921875	111.78094	151.351275276	-4.33559293476	-1.63300777214
0.4375	2.83333333333	0.3	ok	8	00001100	12	8	0.1875	106.179660951	145.372630319	-4.8735394156	-1.59164070717
0.4375	3	0.3	ok	8	11111111	255	1	0.99609375	100.773814155	135.850271279	-5.5771119782	-2.47436516872
0.4375	3.16666666667	0.3	ok	8	01100110	102	4	0.3984375	99.1372947201	133.674029344	-5.95050410522	-2.77625713856
0.4375	3.33333333333	0.3	ok	8	11100001	225	8	0.52734375	98.0835885523	132.274386566	-6.33723544907	-2.77264708355
0.4375	3.5	0.3	ok	8	01100001	97	8	0.5234375	97.4838465669	131.456675307	-6.68754733019	-2.6615546649
0.4375	3.66666666667	0.3	ok	8	11111100	252	8	0.24609375	102.464451654	137.339981288	-6.88190474115	-1.15528893373
0.4375	3.83333333333	0.3	ok	8	00000011	3	8	0.75	100.297045278	130.74072762	-7.38131694435	-1.78725345653
0.4375	4	0.3	ok	8	11011011	219	8	0.85546875	108.593255955	140.986454168	-8.05195744293	-3.46516548204
0.4375	4.16666666667	0.3	ok	8	10100000	160	8	0.01953125	104.528635293	141.189183202	-8.40074902175	-1.00438820911
0.4375	4.33333333333	0.3	ok	8	01100110	102	4	0.3984375	106.056761706	142.359018249	-8.8643187486	-1.28709856974
0.4375	4.5	0.3	ok	8	11110001	241	8	0.55859375	104.746929029	141.378188864	-8.59764751488	-1.8836311494
0.4375	4.66666666667	0.3	ok	8	01110011	115	8	0.8046875	107.237706809	139.587964518	-8.73238737386	-2.89333985569
0.4375	4.83333333333	0.3	ok	8	00001100	12	8	0.1875	108.503133307	141.344521729	-9.77448009305	-1.44297512145
0.4375	5	0.3	ok	8	00010011	19	8	0.78125	112.325898253	150.597828974	-10.4726823582	-3.85159563197
0.4375	5.16666666667	0.3	ok	8	11110100	244	8	0.18359375	101.787093248	144.015575578	-10.9113987754	-1.81854152651
0.4375	5.33333333333	0.3	ok	8	00010111	23	8	0.90625	105.567208782	141.660876623	-10.2162293294	-2.93262059291
0.4375	5.5	0.3	ok	8	00100001	33	8	0.515625	104.61576795	136.333140494	-11.8178396788	-4.46858337202
0.4375	5.66666666667	0.3	ok	8	00011100	28	8	0.21875	112.75181992	153.066685657	-11.5940741085	-3.13850159134
0.4375	5.83333333333	0.3	ok	8	11100111	231	8	0.90234375	102.313730386	130.004040396	-12.365163378	-3.46831735583
0.4375	6	0.3	ok	8	11110110	246	8	0.43359375	107.318315124	144.190671489	-13.0928309001	-2.33889132077
0.4375	6.16666666667	0.3	ok	8	11111100	252	8	0.24609375	112.027398991	140.781794206	-13.4216580149	-4.11772667214
0.4375	6.33333333333	0.3	ok	8	00000000	0	1	0	104.697335162	134.979222926	-13.5191650631	-4.47443177111
0.4375	6.5	0.3	ok	8	11000011	195	8	0.76171875	97.5799135933	130.293419805	-14.3414432896	-4.95750509947
0.4375	6.66666666667	0.3	ok	8	10000111	135	8	0.87890625	96.5951569864	130.315254091	-14.6632780558	-4.96014093662
0.4375	6.83333333333	0.3	ok	8	11110000	240	8	0.05859375	98.6773412658	134.569113377	-15.0091895097	-5.72175004565
0.4375	7	0.3	ok	8	00111111	63	8	0.984375	95.4529644653	124.546773477	-15.6200457899	-5.31404226359
0.45	2	0.3	ok	8	10011001	153	4	0.59765625	110.069374209	147.580645451	-3.61705020565	-2.05121261707
0.45	2.16666666667	0.3	ok	8	01100110	102	4	0.3984375	108.203691813	145.241746367	-3.97065287811	-2.06767331564
0.45	2.33333333333	0.3	ok	8	01100110	102	4	0.3984375	106.242398825	142.758163642	-4.31471651722	-2.13661242999
0.45	2.5	0.3	ok	8	10011001	153	4	0.59765625	104.097501506	140.058220224	-4.66179444272	-2.26352302366
0.45	2.66666666667	0.3	ok	8	01100110	102	4	0.3984375	102.227875811	137.664126393	-5.00682624392	-2.42742400828
0.45	2.83333333333	0.3	ok	8	10000111	135	8	0.87890625	101.219563158	136.360028752	-5.39941570961	-2.38836792918
0.45	3	0.3	ok	8	00111000	56	8	0.109375	109.60869957	147.166716486	-5.82101392763	-1.42907481865
0.45	3.16666666667	0.3	ok	8	01000101	69	8	0.6328125	112.582128184	153.102734776	-6.10159756157	-1.26138995459
0.45	3.33333333333	0.3	ok	8	10110011	179	8	0.80078125	117.26423103	150.73362803	-6.28992030478	-3.19555633112
0.45	3.5	0.3	ok	8	11000111	199	8	0.88671875	110.091992925	142.7479753	-7.08356657241	-2.87588917362
0.45	3.66666666667	0.3	ok	8	11011000	216	8	0.10546875	107.563316964	140.51892123	-7.46573373478	-1.85508619365
0.45	3.83333333333	0.3	ok	8	11001111	207	8	0.94921875	104.038356838	140.498593472	-7.89387950918	-0.670125983943
0.45	4	0.3	ok	8	00000100	4	8	0.125	107.686801104	140.873710342	-8.31488749661	-0.463786232094
0.45	4.16666666667	0.3	ok	8	00000010	2	8	0.25	107.467252943	140.367223222	-8.6738413865	-0.835416740665
0.45	4.33333333333	0.3	ok	8	00000111	7	8	0.875	107.987484989	146.348409038	-6.76727872125	-0.416104502257
0.45	4.5	0.3	ok	8	11101111	239	8	0.96484375	105.540293791	138.105781224	-9.51626632217	-2.39121741463
0.45	4.66666666667	0.3	ok	8	11011100	220	8	0.23046875	100.531912562	132.723072977	-10.0411209015	-1.76133962865
0.45	4.83333333333	0.3	ok	8	10001111	143	8	0.94140625	100.963078163	135.507399287	-10.4171278032	-3.70573354392
0.45	5	0.3	ok	8	10110000	176	8	0.05078125	96.6223425789	128.958067862	-9.3046109604	-2.43663298025
0.45	5.16666666667	0.3	ok	8	00010000	16	8	0.03125	114.159840093	156.962556101	-9.72039463121	-2.2249863481
0.45	5.33333333333	0.3	ok	8	11010100	212	8	0.16796875	92.3531458954	128.027763676	-10.1737030574	-5.40733953693
0.45	5.5	0.3	ok	8	10001111	143	8	0.94140625	94.4082540769	122.273575077	-12.0968004	-3.65924350456
0.45	5.66666666667	0.3	ok	8	11011111	223	8	0.98046875	97.1642828584	128.825585463	-12.4696193168	-1.93215147906
0.45	5.83333333333	0.3	ok	8	11111000	248	8	0.12109375	104.886746201	138.966948399	-11.9328922647	-3.19990394499
0.45	6	0.3	ok	8	00011100	28	8	0.21875	108.31645929	131.200888259	-12.8108327103	-5.3058262775
0.45	6.16666666667	0.3	ok	8	00000100	4	8	0.125	93.3057296696	120.671313417	-13.9273753771	-4.7926576417
0.45	6.33333333333	0.3	ok	8	10000111	135	8	0.87890625	84.9574258089	117.549229515	-13.7433234938	-3.13069073785
0.45	6.5	0.3	ok	8	01000000	64	8	0.0078125	96.2223666487	129.614799359	-14.5105034566	-4.60329791087
0.45	6.66666666667	0.3	ok	8	11111000	248	8	0.12109375	104.684887912	127.111609827	-14.5266223203	-4.19409721206
0.45	6.83333333333	0.3	ok	8	00011110	30	8	0.46875	105.856780823	141.913936702	-15.788787084	-5.65307013068
0.45	7	0.3	ok	8	10001111	143	8	0.94140625	92.6418604649	121.201410027	-16.0507579714	-5.61943881906
0.4625	2	0.3	ok	8	10011001	153	4	0.59765625	108.798405733	145.837699407	-3.66861832912	-2.11974735192
0.4625	2.16666666667	0.3	ok	8	01100110	102	4	0.3984375	107.042043561	143.755635225	-4.09603452255	-2.06839380677
0.4625	2.33333333333	0.3	ok	8	01111000	120	8	0.1171875	105.242403939	141.663899447	-4.46321750699	-2.02485195947
0.4625	2.5	0.3	ok	8	01100110	102	4	0.3984375	103.677810788	139.255255899	-4.75516380215	-2.37973080544
0.4625	2.66666666667	0.3	ok	8	01100111	103	8	0.8984375	104.263194027	139.96009225	-5.16211771838	-1.77826402522
0.4625	2.83333333333	0.3	ok	8	00110011	51	4	0.796875	109.868646424	149.023262568	-4.48894151754	-1.50643934202
0.4625	3	0.3	ok	8	00011001	25	8	0.59375	103.646874197	141.06100673	-4.93434126723	-1.41489461997
0.4625	3.16666666667	0.3	ok	8	11001000	200	8	0.07421875	107.062270528	140.24184366	-6.21785527759	-2.25521039347
0.4625	3.33333333333	0.3	ok	8	01100111	103	8	0.8984375	105.328179445	139.035327543	-6.77689054061	-1.86669730378
0.4625	3.5	0.3	ok	8	00011110	30	8	0.46875	105.78661092	141.242623055	-7.19725460147	-0.715788280457
0.4625	3.66666666667	0.3	ok	8	00111111	63	8	0.984375	103.237589078	133.931225318	-7.61268768896	-0.702102219896
0.4625	3.83333333333	0.3	ok	8	11111111	255	1	0.99609375	105.216725971	136.454637864	-8.11795078749	-0.888722729864
0.4625	4	0.3	ok	8	10111110	190	8	0.48828125	98.5731638143	129.374601653	-8.55638170034	-0.132547601726
0.4625	4.16666666667	0.3	ok	8	00110111	55	8	0.921875	101.13606915	133.679755262	-9.03249622921	-1.1888913721
0.4625	4.33333333333	0.3	ok	8	00010111	23	8	0.90625	111.036829903	143.339405254	-9.49707389553	-3.19329833726
0.4625	4.5	0.3	ok	8	00001100	12	8	0.1875	109.646450778	143.012092647	-9.40692749779	-0.368402242679
0.4625	4.66666666667	0.3	ok	8	00001100	12	8	0.1875	107.843235331	142.170644077	-9.31627061375	-1.36068868212
0.4625	4.83333333333	0.3	ok	8	01100000	96	8	0.0234375	99.828541074	138.541699159	-9.73549454238	-1.45441033986
0.4625	5	0.3	ok	8	01111111	127	8	0.9921875	95.2465041391	123.435769248	-10.7409418992	-3.26859506969
0.4625	5.16666666667	0.3	ok	8	11100000	224	8	0.02734375	88.4203459244	117.800824241	-11.3237429501	-3.00555116888
0.4625	5.33333333333	0.3	ok	8	11000001	193	8	0.51171875	103.332947375	143.206511905	-10.4665301465	-2.7953497427
0.4625	5.5	0.3	ok	8	01111111	127	8	0.9921875	91.6969266583	114.912326598	-12.2232762484	-4.00562384999
0.4625	5.66666666667	0.3	ok	8	10000001	129	8	0.50390625	92.5965152868	120.584314736	-13.0122555815	-4.243229731
0.4625	5.83333333333	0.3	ok	8	11010000	208	8	0.04296875	98.7817357592	136.107884897	-11.2225513387	-3.17122345907
0.4625	6	0.3	ok	8	01111111	127	8	0.9921875	96.5102645841	131.344105375	-11.9938331029	-2.60464256877
0.4625	6.16666666667	0.3	ok	8	00000010	2	8	0.25	93.5623992811	115.934607493	-14.2979540042	-5.01058639485
0.4625	6.33333333333	0.3	ok	8	11011111	223	8	0.98046875	87.4404641134	126.367890724	-13.496271471	-3.87921219417
0.4625	6.5	0.3	ok	8	11000000	192	8	0.01171875	90.0747081728	117.883991484	-15.2881162306	-4.7998396414
0.4625	6.66666666667	0.3	short	0		0	0	NaN	NaN	NaN	NaN	NaN
0.4625	6.83333333333	0.3	short	0		0	0	NaN	NaN	NaN	NaN	NaN
0.4625	7	0.3	ok	8	00000001	1	8	0.5	84.4822110429	108.470256741	-15.8807773096	-8.37746740856
0.475	2	0.3	ok	8	01101001	105	8	0.5859375	109.199590962	145.894030737	-3.85164599991	-2.04325435596
0.475	2.16666666667	0.3	ok	8	10100110	166	8	0.39453125	108.41406815	146.004328907	-4.25856602322	-1.96243157759
0.475	2.33333333333	0.3	ok	8	10010001	145	8	0.53515625	108.497183707	144.834771287	-4.59663096829	-1.83809194745
0.475	2.5	0.3	ok	8	00101001	41	8	0.578125	109.32587389	145.103284896	-4.99053894903	-2.40039679411
0.475	2.66666666667	0.3	ok	8	01000111	71	8	0.8828125	106.700375876	142.358695067	-5.45530460845	-2.0363776465
0.475	2.83333333333	0.3	ok	8	11111110	254	8	0.49609375	103.926038794	138.983805415	-5.75742897387	-1.53780812676
0.475	3	0.3	ok	8	11110111	247	8	0.93359375	105.147801722	139.900858763	-6.29155404467	-1.06963221047
0.475	3.16666666667	0.3	ok	8	10010000	144	8	0.03515625	101.203442393	134.696412306	-6.6419681192	-1.17529330716
0.475	3.33333333333	0.3	ok	8	11000000	192	8	0.01171875	97.4932241881	132.480938275	-7.03686169141	-0.870576246332
0.475	3.5	0.3	ok	8	11111000	248	8	0.12109375	95.6427979257	125.549153292	-7.44605599273	-1.7959612427
0.475	3.66666666667	0.3	ok	8	10010001	145	8	0.53515625	98.6055234373	131.20719056	-8.02760476694	-3.07500745599
0.475	3.83333333333	0.3	ok	8	00011000	24	8	0.09375	100.029242401	132.672017619	-8.14134163312	-0.991687046035
0.475	4	0.3	ok	8	11111111	255	1	0.99609375	97.6946927643	127.161481316	-8.77242485161	-0.811679157539
0.475	4.16666666667	0.3	ok	8	10000000	128	8	0.00390625	90.6208603856	124.487990007	-8.76420066003	-0.723093061279
0.475	4.33333333333	0.3	ok	8	01011100	92	8	0.2265625	92.2343680295	128.40262582	-7.99254363579	-2.29783747364
0.475	4.5	0.3	ok	8	11111101	253	8	0.74609375	97.6067191771	125.876806198	-9.68622552881	-3.4267780709
0.475	4.66666666667	0.3	ok	8	11100011	227	8	0.77734375	110.141414722	151.300867109	-10.7665417161	-0.989793917538
0.475	4.83333333333	0.3	ok	8	10111100	188	8	0.23828125	94.6793329294	126.612247705	-10.474802906	-2.93155431366
0.475	5	0.3	short	0		0	0	NaN	NaN	NaN	NaN	NaN
0.475	5.16666666667	0.3	ok	8	11111100	252	8	0.24609375	90.2499490125	114.769589259	-11.7911132515	-4.77065789925
0.475	5.33333333333	0.3	ok	8	11100000	224	8	0.02734375	97.7737400331	126.950853522	-14.7258490852	-4.06379546233
0.475	5.5	0.3	ok	8	10100000	160	8	0.01953125	103.991745887	141.530870573	-11.8898016117	-3.38212891649
0.475	5.66666666667	0.3	ok	8	00000000	0	1	0	86.7446438068	110.082664111	-14.0105170521	-3.88470774632
0.475	5.83333333333	0.3	short	0		0	0	NaN	NaN	NaN	NaN	NaN
0.475	6	0.3	short	0		0	0	NaN	NaN	NaN	NaN	NaN
0.475	6.16666666667	0.3	short	0		0	0	NaN	NaN	NaN	NaN	NaN
0.475	6.33333333333	0.3	short	0		0	0	NaN	NaN	NaN	NaN	NaN
0.475	6.5	0.3	short	0		0	0	NaN	NaN	NaN	NaN	NaN
0.475	6.66666666667	0.3	short	0		0	0	NaN	NaN	NaN	NaN	NaN
0.475	6.83333333333	0.3	short	0		0	0	NaN	NaN	NaN	NaN	NaN
0.475	7	0.3	short	0		0	0	NaN	NaN	NaN	NaN	NaN
0.4875	2	0.3	ok	8	10010110	150	8	0.41015625	110.638659423	147.741925662	-3.90400800987	-2.12592575763
0.4875	2.16666666667	0.3	ok	8	01001001	73	8	0.5703125	109.270363761	144.971300283	-4.40332235852	-2.03907196476
0.4875	2.33333333333	0.3	ok	8	01110111	119	4	0.9296875	105.798799819	142.685993793	-4.773602986	-1.75833705496
0.4875	2.5	0.3	ok	8	11000111	199	8	0.88671875	105.558116302	138.627657814	-5.22478332049	-1.38579533227
0.4875	2.66666666667	0.3	ok	8	01101011	107	8	0.8359375	104.87719337	141.333700141	-5.22230749458	-2.34932437207
0.4875	2.83333333333	0.3	ok	8	11111011	251	8	0.87109375	99.9161961921	134.472820406	-6.04324989503	-1.1633776134
0.4875	3	0.3	ok	8	00000000	0	1	0	101.834182384	133.748910535	-6.39814997935	-1.08357854274
0.4875	3.16666666667	0.3	ok	8	00000111	7	8	0.875	99.0835886805	126.631073462	-6.81078810869	-1.72710702992
0.4875	3.33333333333	0.3	ok	8	11111000	248	8	0.12109375	100.143168974	134.304930356	-7.18917248588	-0.654883806242
0.4875	3.5	0.3	ok	8	00001110	14	8	0.4375	95.0528036798	132.441797472	-6.54666791943	-1.34993448663
0.4875	3.66666666667	0.3	ok	8	00011111	31	8	0.96875	95.4590321642	126.57237609	-7.67584757835	-1.01586547033
0.4875	3.83333333333	0.3	ok	8	11111101	253	8	0.74609375	95.9114029354	124.405820741	-8.75670365802	-3.00042674517
0.4875	4	0.3	short	2	00	0	0	NaN	83.3303333207	85.3862811526	-11.3421116458	-9.86386720003
0.4875	4.16666666667	0.3	ok	8	00001100	12	8	0.1875	83.0828552274	117.562775723	-9.0804680776	-1.13410780584
0.4875	4.33333333333	0.3	ok	8	11111111	255	1	0.99609375	81.3952252986	101.728163673	-9.50820922641	-3.16990038294
0.4875	4.5	0.3	ok	8	11011000	216	8	0.10546875	82.755195545	115.099320023	-10.4133421487	-3.19296455232
0.4875	4.66666666667	0.3	short	2	00	0	0	NaN	86.1043307315	87.9721214839	-16.1232513211	-13.0179000977
0.4875	4.83333333333	0.3	short	0		0	0	NaN	NaN	NaN	NaN	NaN
0.4875	5	0.3	short	0		0	0	NaN	NaN	NaN	NaN	NaN
0.4875	5.16666666667	0.3	short	0		0	0	NaN	NaN	NaN	NaN	NaN
0.4875	5.33333333333	0.3	short	5	00000	0	0	NaN	82.399996992	94.3861847151	-21.4020133615	-3.98730410763
0.4875	5.5	0.3	short	0		0	0	NaN	NaN	NaN	NaN	NaN
0.4875	5.66666666667	0.3	short	0		0	0	NaN	NaN	NaN	NaN	NaN
0.4875	5.83333333333	0.3	short	0		0	0	NaN	NaN	NaN	NaN	NaN
0.4875	6	0.3	short	0		0	0	NaN	NaN	NaN	NaN	NaN
0.4875	6.16666666667	0.3	short	0		0	0	NaN	NaN	NaN	NaN	NaN
0.4875	6.33333333333	0.3	short	0		0	0	NaN	NaN	NaN	NaN	NaN
0.4875	6.5	0.3	short	0		0	0	NaN	NaN	NaN	NaN	NaN
0.4875	6.66666666667	0.3	short	0		0	0	NaN	NaN	NaN	NaN	NaN
0.4875	6.83333333333	0.3	short	0		0	0	NaN	NaN	NaN	NaN	NaN
0.4875	7	0.3	short	0		0	0	NaN	NaN	NaN	NaN	NaN
0.5	2	0.3	ok	8	10100110	166	8	0.39453125	109.223198957	145.986464772	-3.85018740536	-2.20585870617
0.5	2.16666666667	0.3	ok	8	00111111	63	8	0.984375	104.606963063	136.923761257	-4.56124181209	-1.67673135777
0.5	2.33333333333	0.3	ok	8	01011001	89	8	0.6015625	103.06836327	139.632681725	-4.53139278448	-2.45257329854
0.5	2.5	0.3	ok	8	11111100	252	8	0.24609375	100.048974648	133.478007407	-5.31303118043	-1.38603470464
0.5	2.66666666667	0.3	ok	8	00000000	0	1	0	101.108174242	131.188003708	-5.62521561271	-1.36374506705
0.5	2.83333333333	0.3	ok	8	11110111	247	8	0.93359375	103.169049758	136.712173985	-6.04740871536	-0.976442699328
0.5	3	0.3	ok	8	00111111	63	8	0.984375	96.1497472072	126.535063275	-6.63001029963	-1.15863347867
0.5	3.16666666667	0.3	ok	8	10011000	152	8	0.09765625	91.3506989522	123.306298942	-6.77306892981	-0.819928534962
0.5	3.33333333333	0.3	ok	8	11111111	255	1	0.99609375	91.3626808105	118.275214453	-7.34380165809	-2.08664306272
0.5	3.5	0.3	short	0		0	0	NaN	NaN	NaN	NaN	NaN
0.5	3.66666666667	0.3	short	0		0	0	NaN	NaN	NaN	NaN	NaN
0.5	3.83333333333	0.3	short	0		0	0	NaN	NaN	NaN	NaN	NaN
0.5	4	0.3	short	0		0	0	NaN	NaN	NaN	NaN	NaN
0.5	4.16666666667	0.3	short	0		0	0	NaN	NaN	NaN	NaN	NaN
0.5	4.33333333333	0.3	short	0		0	0	NaN	NaN	NaN	NaN	NaN
0.5	4.5	0.3	short	0		0	0	NaN	NaN	NaN	NaN	NaN
0.5	4.66666666667	0.3	short	0		0	0	NaN	NaN	NaN	NaN	NaN
0.5	4.83333333333	0.3	short	0		0	0	NaN	NaN	NaN	NaN	NaN
0.5	5	0.3	short	0		0	0	NaN	NaN	NaN	NaN	NaN
0.5	5.16666666667	0.3	short	0		0	0	NaN	NaN	NaN	NaN	NaN
0.5	5.33333333333	0.3	short	0		0	0	NaN	NaN	NaN	NaN	NaN
0.5	5.5	0.3	short	0		0	0	NaN	NaN	NaN	NaN	NaN
0.5	5.66666666667	0.3	short	0		0	0	NaN	NaN	NaN	NaN	NaN
0.5	5.83333333333	0.3	short	0		0	0	NaN	NaN	NaN	NaN	NaN
0.5	6	0.3	short	0		0	0	NaN	NaN	NaN	NaN	NaN
0.5	6.16666666667	0.3	short	0		0	0	NaN	NaN	NaN	NaN	NaN
0.5	6.33333333333	0.3	short	0		0	0	NaN	NaN	NaN	NaN	NaN
0.5	6.5	0.3	short	0		0	0	NaN	NaN	NaN	NaN	NaN
0.5	6.66666666667	0.3	short	0		0	0	NaN	NaN	NaN	NaN	NaN
0.5	6.83333333333	0.3	short	0		0	0	NaN	NaN	NaN	NaN	NaN
0.5	7	0.3	short	0		0	0	NaN	NaN	NaN	NaN	NaN
0.5125	2	0.3	ok	8	01001111	79	8	0.9453125	102.942380964	135.995274459	-4.28442887246	-1.78878805317
0.5125	2.16666666667	0.3	ok	8	10010110	150	8	0.41015625	103.38491291	138.71927821	-4.3888129253	-1.75310083356
0.5125	2.33333333333	0.3	ok	8	00011000	24	8	0.09375	100.605300397	130.628313241	-5.00386985135	-1.64024665637
0.5125	2.5	0.3	ok	8	00000100	4	8	0.125	101.576378046	133.393759583	-5.27166581416	-1.50358391696
0.5125	2.66666666667	0.3	ok	8	11111000	248	8	0.12109375	96.383851155	128.147604347	-5.78929158196	-1.22917835868
0.5125	2.83333333333	0.3	ok	8	00111110	62	8	0.484375	96.2805494514	126.219481574	-6.24988512603	-1.98373058478
0.5125	3	0.3	ok	8	11111101	253	8	0.74609375	99.2250255954	133.498693929	-6.95522644715	-1.64645519431
0.5125	3.16666666667	0.3	short	0		0	0	NaN	NaN	NaN	NaN	NaN
0.5125	3.33333333333	0.3	short	0		0	0	NaN	NaN	NaN	NaN	NaN
0.5125	3.5	0.3	short	0		0	0	NaN	NaN	NaN	NaN	NaN
0.5125	3.66666666667	0.3	short	0		0	0	NaN	NaN	NaN	NaN	NaN
0.5125	3.83333333333	0.3	short	0		0	0	NaN	NaN	NaN	NaN	NaN
0.5125	4	0.3	short	0		0	0	NaN	NaN	NaN	NaN	NaN
0.5125	4.16666666667	0.3	short	0		0	0	NaN	NaN	NaN	NaN	NaN
0.5125	4.33333333333	0.3	short	0		0	0	NaN	NaN	NaN	NaN	NaN
0.5125	4.5	0.3	short	0		0	0	NaN	NaN	NaN	NaN	NaN
0.5125	4.66666666667	0.3	short	0		0	0	NaN	NaN	NaN	NaN	NaN
0.5125	4.83333333333	0.3	short	0		0	0	NaN	NaN	NaN	NaN	NaN
0.5125	5	0.3	short	0		0	0	NaN	NaN	NaN	NaN	NaN
0.5125	5.16666666667	0.3	short	0		0	0	NaN	NaN	NaN	NaN	NaN
0.5125	5.33333333333	0.3	short	0		0	0	NaN	NaN	NaN	NaN	NaN
0.5125	5.5	0.3	short	0		0	0	NaN	NaN	NaN	NaN	NaN
0.5125	5.66666666667	0.3	short	0		0	0	NaN	NaN	NaN	NaN	NaN
0.5125	5.83333333333	0.3	short	0		0	0	NaN	NaN	NaN	NaN	NaN
0.5125	6	0.3	short	0		0	0	NaN	NaN	NaN	NaN	NaN
0.5125	6.16666666667	0.3	short	0		0	0	NaN	NaN	NaN	NaN	NaN
0.5125	6.33333333333	0.3	short	0		0	0	NaN	NaN	NaN	NaN	NaN
0.5125	6.5	0.3	short	0		0	0	NaN	NaN	NaN	NaN	NaN
0.5125	6.66666666667	0.3	short	0		0	0	NaN	NaN	NaN	NaN	NaN
0.5125	6.83333333333	0.3	short	0		0	0	NaN	NaN	NaN	NaN	NaN
0.5125	7	0.3	short	0		0	0	NaN	NaN	NaN	NaN	NaN
0.525	2	0.3	ok	8	11111000	248	8	0.12109375	97.6534195976	128.61609859	-4.43155388338	-1.80132704149
0.525	2.16666666667	0.3	ok	8	00001110	14	8	0.4375	99.8498865765	130.635557835	-4.731088761	-1.13526175869
0.525	2.33333333333	0.3	short	0		0	0	NaN	NaN	NaN	NaN	NaN
0.525	2.5	0.3	short	0		0	0	NaN	NaN	NaN	NaN	NaN
0.525	2.66666666667	0.3	ok	8	11101111	239	8	0.96484375	96.7644667273	125.946384788	-8.06357450188	-2.17773436945
0.525	2.83333333333	0.3	short	0		0	0	NaN	NaN	NaN	NaN	NaN
0.525	3	0.3	short	0		0	0	NaN	NaN	NaN	NaN	NaN
0.525	3.16666666667	0.3	short	0		0	0	NaN	NaN	NaN	NaN	NaN
0.525	3.33333333333	0.3	short	0		0	0	NaN	NaN	NaN	NaN	NaN
0.525	3.5	0.3	short	0		0	0	NaN	NaN	NaN	NaN	NaN
0.525	3.66666666667	0.3	short	0		0	0	NaN	NaN	NaN	NaN	NaN
0.525	3.83333333333	0.3	short	0		0	0	NaN	NaN	NaN	NaN	NaN
0.525	4	0.3	short	0		0	0	NaN	NaN	NaN	NaN	NaN
0.525	4.16666666667	0.3	short	0		0	0	NaN	NaN	NaN	NaN	NaN
0.525	4.33333333333	0.3	short	0		0	0	NaN	NaN	NaN	NaN	NaN
0.525	4.5	0.3	short	0		0	0	NaN	NaN	NaN	NaN	NaN
0.525	4.66666666667	0.3	short	0		0	0	NaN	NaN	NaN	NaN	NaN
0.525	4.83333333333	0.3	short	0		0	0	NaN	NaN	NaN	NaN	NaN
0.525	5	0.3	short	0		0	0	NaN	NaN	NaN	NaN	NaN
0.525	5.16666666667	0.3	short	0		0	0	NaN	NaN	NaN	NaN	NaN
0.525	5.33333333333	0.3	short	0		0	0	NaN	NaN	NaN	NaN	NaN
0.525	5.5	0.3	short	0		0	0	NaN	NaN	NaN	NaN	NaN
0.525	5.66666666667	0.3	short	0		0	0	NaN	NaN	NaN	NaN	NaN
0.525	5.83333333333	0.3	short	0		0	0	NaN	NaN	NaN	NaN	NaN
0.525	6	0.3	short	0		0	0	NaN	NaN	NaN	NaN	NaN
0.525	6.16666666667	0.3	short	0		0	0	NaN	NaN	NaN	NaN	NaN
0.525	6.33333333333	0.3	short	0		0	0	NaN	NaN	NaN	NaN	NaN
0.525	6.5	0.3	short	0		0	0	NaN	NaN	NaN	NaN	NaN
0.525	6.66666666667	0.3	short	0		0	0	NaN	NaN	NaN	NaN	NaN
0.525	6.83333333333	0.3	short	0		0	0	NaN	NaN	NaN	NaN	NaN
0.525	7	0.3	short	0		0	0	NaN	NaN	NaN	NaN	NaN
0.5375	2	0.3	short	0		0	0	NaN	NaN	NaN	NaN	NaN
0.5375	2.16666666667	0.3	short	0		0	0	NaN	NaN	NaN	NaN	NaN
0.5375	2.33333333333	0.3	short	0		0	0	NaN	NaN	NaN	NaN	NaN
0.5375	2.5	0.3	short	0		0	0	NaN	NaN	NaN	NaN	NaN
0.5375	2.66666666667	0.3	short	0		0	0	NaN	NaN	NaN	NaN	NaN
0.5375	2.83333333333	0.3	short	0		0	0	NaN	NaN	NaN	NaN	NaN
0.5375	3	0.3	short	0		0	0	NaN	NaN	NaN	NaN	NaN
0.5375	3.16666666667	0.3	short	0		0	0	NaN	NaN	NaN	NaN	NaN
0.5375	3.33333333333	0.3	short	0		0	0	NaN	NaN	NaN	NaN	NaN
0.5375	3.5	0.3	short	0		0	0	NaN	NaN	NaN	NaN	NaN
0.5375	3.66666666667	0.3	short	0		0	0	NaN	NaN	NaN	NaN	NaN
0.5375	3.83333333333	0.3	short	0		0	0	NaN	NaN	NaN	NaN	NaN
0.5375	4	0.3	short	0		0	0	NaN	NaN	NaN	NaN	NaN
0.5375	4.16666666667	0.3	short	0		0	0	NaN	NaN	NaN	NaN	NaN
0.5375	4.33333333333	0.3	short	0		0	0	NaN	NaN	NaN	NaN	NaN
0.5375	4.5	0.3	short	0		0	0	NaN	NaN	NaN	NaN	NaN
0.5375	4.66666666667	0.3	short	0		0	0	NaN	NaN	NaN	NaN	NaN
0.5375	4.83333333333	0.3	short	0		0	0	NaN	NaN	NaN	NaN	NaN
0.5375	5	0.3	short	0		0	0	NaN	NaN	NaN	NaN	NaN
0.5375	5.16666666667	0.3	short	0		0	0	NaN	NaN	NaN	NaN	NaN
0.5375	5.33333333333	0.3	short	0		0	0	NaN	NaN	NaN	NaN	NaN
0.5375	5.5	0.3	short	0		0	0	NaN	NaN	NaN	NaN	NaN
0.5375	5.66666666667	0.3	short	0		0	0	NaN	NaN	NaN	NaN	NaN
0.5375	5.83333333333	0.3	short	0		0	0	NaN	NaN	NaN	NaN	NaN
0.5375	6	0.3	short	0		0	0	NaN	NaN	NaN	NaN	NaN
0.5375	6.16666666667	0.3	short	0		0	0	NaN	NaN	NaN	NaN	NaN
0.5375	6.33333333333	0.3	short	0		0	0	NaN	NaN	NaN	NaN	NaN
0.5375	6.5	0.3	short	0		0	0	NaN	NaN	NaN	NaN	NaN
0.5375	6.66666666667	0.3	short	0		0	0	NaN	NaN	NaN	NaN	NaN
0.5375	6.83333333333	0.3	short	0		0	0	NaN	NaN	NaN	NaN	NaN
0.5375	7	0.3	short	0		0	0	NaN	NaN	NaN	NaN	NaN
0.55	2	0.3	short	0		0	0	NaN	NaN	NaN	NaN	NaN
0.55	2.16666666667	0.3	short	0		0	0	NaN	NaN	NaN	NaN	NaN
0.55	2.33333333333	0.3	short	0		0	0	NaN	NaN	NaN	NaN	NaN
0.55	2.5	0.3	short	0		0	0	NaN	NaN	NaN	NaN	NaN
0.55	2.66666666667	0.3	short	0		0	0	NaN	NaN	NaN	NaN	NaN
0.55	2.83333333333	0.3	short	0		0	0	NaN	NaN	NaN	NaN	NaN
0.55	3	0.3	short	0		0	0	NaN	NaN	NaN	NaN	NaN
0.55	3.16666666667	0.3	short	0		0	0	NaN	NaN	NaN	NaN	NaN
0.55	3.33333333333	0.3	short	0		0	0	NaN	NaN	NaN	NaN	NaN
0.55	3.5	0.3	short	0		0	0	NaN	NaN	NaN	NaN	NaN
0.55	3.66666666667	0.3	short	0		0	0	NaN	NaN	NaN	NaN	NaN
0.55	3.83333333333	0.3	short	0		0	0	NaN	NaN	NaN	NaN	NaN
0.55	4	0.3	short	0		0	0	NaN	NaN	NaN	NaN	NaN
0.55	4.16666666667	0.3	short	0		0	0	NaN	NaN	NaN	NaN	NaN
0.55	4.33333333333	0.3	short	0		0	0	NaN	NaN	NaN	NaN	NaN
0.55	4.5	0.3	short	0		0	0	NaN	NaN	NaN	NaN	NaN
0.55	4.66666666667	0.3	short	0		0	0	NaN	NaN	NaN	NaN	NaN
0.55	4.83333333333	0.3	short	0		0	0	NaN	NaN	NaN	NaN	NaN
0.55	5	0.3	short	0		0	0	NaN	NaN	NaN	NaN	NaN
0.55	5.16666666667	0.3	short	0		0	0	NaN	NaN	NaN	NaN	NaN
0.55	5.33333333333	0.3	short	0		0	0	NaN	NaN	NaN	NaN	NaN
0.55	5.5	0.3	short	0		0	0	NaN	NaN	NaN	NaN	NaN
0.55	5.66666666667	0.3	short	0		0	0	NaN	NaN	NaN	NaN	NaN
0.55	5.83333333333	0.3	short	0		0	0	NaN	NaN	NaN	NaN	NaN
0.55	6	0.3	short	0		0	0	NaN	NaN	NaN	NaN	NaN
0.55	6.16666666667	0.3	short	0		0	0	NaN	NaN	NaN	NaN	NaN
0.55	6.33333333333	0.3	short	0		0	0	NaN	NaN	NaN	NaN	NaN
0.55	6.5	0.3	short	0		0	0	NaN	NaN	NaN	NaN	NaN
0.55	6.66666666667	0.3	short	0		0	0	NaN	NaN	NaN	NaN	NaN
0.55	6.83333333333	0.3	short	0		0	0	NaN	NaN	NaN	NaN	NaN
0.55	7	0.3	short	0		0	0	NaN	NaN	NaN	NaN	NaN
