delta_x	delta_ca	T0_V	T0_Ca	T0_method	T_signs	gamma_signs	T_min_times	gamma_min_times	T_tangent_Ca	gamma_tangent_Ca	status
-1.50000000	-38.71859296	-42.67161003	0.8908395034	continued:5	1,1,1,1,1,1,1,1	-1,-1,1,1,1,1,1,1	2489.782238,10230.90077,17953.25462,25673.06604,33392.59243,41112.13195,48831.70224,56551.29047	5920.824862,14369.08545,19853.57538,27663.95382,35396.45959,43117.63776,50837.30239,58556.82425	0.930832625,0.9283715722,0.9271273364,0.9265407578,0.9262778465,0.9261621192,0.926110555,0.9260889169	-0.960824998,-0.9384586581,0.9323767396,0.9299484781,0.9279698142,0.926932742,0.9264531292,0.9262391306	ok
-1.49497487	-38.71859296	-43.02176841	0.8880461545	continued:5	1,1,1,1,1,1,1,1	-1,-1,1,1,1,1,1,1	2647.920467,10388.94701,18111.39483,25831.2155,33550.71956,41270.22846,48989.7664,56709.32228	5907.490863,14302.64555,19698.93488,27497.88034,35229.05464,42950.10105,50669.73781,58389.23353	0.9316549186,0.9284830274,0.9272481131,0.9266587429,0.926390627,0.9262705733,0.9262170334,0.9261936095	-0.9607883952,-0.9211901984,0.9323072713,0.9298946983,0.9280044665,0.9270141059,0.9265516743,0.926342891	ok
-1.48994975	-38.71859296	-43.35186304	0.8853805230	continued:5	-1,-1,-1,-1,-1,-1,-1,-1	-1,-1,1,1,1,1,1,1	2797.704319,10538.68818,18261.2697,25981.13702,33700.65457,41420.1681,49139.70879,56859.26755	5894.447214,14243.16092,19579.48547,27372.23579,35102.89162,42823.94252,50543.5984,58263.10306	-0.9302888129,-0.9285946235,-0.9273690031,-0.9267769521,-0.9265041559,-0.926380398,-0.9263248969,-0.9262985558	-0.9607522626,-0.9030247481,0.9322918121,0.9299138812,0.9280815287,0.9271153642,0.9266590311,0.9264504275	ok
-1.48492462	-38.71859296	-43.67232306	0.8827148916	continued:5	-1,-1,-1,-1,-1,-1,-1,-1	-1,-1,1,1,1,1,1,1	2911.289253,10652.25813,18375.0103,26094.96195,33814.52928,41534.08306,49253.66209,56973.25897	5881.696405,14189.70166,19487.44987,27276.97211,35007.59335,42728.74826,50448.46748,58168.01697	-0.9286803583,-0.9287057738,-0.9274903445,-0.9268943154,-0.9266167437,-0.9264896671,-0.9264313662,-0.9264040884	-0.9607165559,-0.8847575868,0.9323152282,0.9299796639,0.9281854942,0.9272295359,0.9267722805,0.9265605566	ok
-1.47989950	-38.71859296	-43.99057777	0.8803836286	continued:5	-1,-1,-1,-1,-1,-1,-1,-1	-1,-1,1,1,1,1,1,1	3039.250882,10780.244,18503.20601,26223.27999,33942.93393,41662.56408,49382.21734,57101.88797	5869.238008,14141.51193,19417.85825,27206.14819,34937.09453,42658.44164,50378.26855,58097.89958	-0.9295423989,-0.9288164854,-0.9276112818,-0.927012457,-0.9267296498,-0.9265984718,-0.9265368249,-0.926509638	-0.9606812353,-0.8669878725,0.9323689847,0.9300796843,0.9283096166,0.9273537564,0.9268903095,0.9266728745	ok
-1.47487437	-38.71859296	-44.30736257	0.8782590168	continued:5	1,1,1,1,1,1,1,1	-1,-1,1,1,1,1,1,1	3154.031093,10895.08461,18618.29552,26338.5304,34058.30811,41778.05115,49497.81452,57217.59536	5857.069466,14097.97094,19367.30714,27155.92135,34887.5119,42609.13934,50329.11988,58048.87007	0.9332559318,0.9289266185,0.9277319659,0.9271308091,0.9268427022,0.9267069288,0.9266443491,0.9266136065	-0.9606462656,-0.8501382166,0.9324480717,0.9302079149,0.9284510319,0.9274870085,0.9270128338,0.9267873454	ok
-1.46984925	-38.71859296	-44.62366643	0.8764687736	continued:5	1,1,1,1,1,1,1,1	-1,-1,1,1,1,1,1,1	3275.5332,11016.68491,18740.18456,26460.61952,34180.55852,41900.45122,49620.36147,57340.28877	5845.186687,14058.56405,19333.36664,27123.69592,34856.25677,42578.26013,50298.44313,58018.35119	0.9323631012,0.9290366656,0.9278527955,0.9272491365,0.9269564213,0.9268163495,0.9267504821,0.9267185632	-0.960611615,-0.8344876511,0.9325495926,0.9303618325,0.9286090813,0.9276293751,0.9271400907,0.9269041801	ok
-1.46482412	-38.71859296	-44.93801773	0.8750128989	continued:5	1,1,1,1,1,1,1,1	-1,-1,1,1,1,1,1,1	3399.703303,11140.99033,18864.81875,26585.49344,34305.63186,42025.71143,49745.80545,57465.91598	5833.584492,14022.86111,19314.26803,27107.71822,34841.62188,42564.11197,50284.55074,58004.65681	0.9324457661,0.9291463727,0.9279740525,0.9273683044,0.9270703,0.9269260203,0.9268568331,0.926823465	-0.9605772551,-0.8202062567,0.9326720538,0.9305413015,0.9287847488,0.9277818297,0.9272727739,0.9270238208	ok
-1.45979899	-38.71859296	-45.24833060	0.8739703264	continued:5	-1,-1,-1,-1,-1,-1,-1,-1	-1,-1,1,1,1,1,1,1	3539.372732,11280.83299,19005.0309,26725.98562,34446.36196,42166.66591,49886.98103,57607.3119	5822.256947,13990.49996,19308.73025,27106.88418,34842.59662,42565.71018,50286.46499,58006.81117	-0.9298992128,-0.9292556422,-0.9280949743,-0.9274865483,-0.9271835941,-0.9270354693,-0.9269625981,-0.9269278714	-0.9605431605,-0.807385744,0.9328149982,0.930748252,0.9289806625,0.927946324,0.9274121106,0.9271469964	ok
-1.45477387	-38.71859296	-45.55125535	0.8732621225	continued:5	1,-1,-1,-1,-1,-1,-1,-1	-1,-1,1,1,1,1,1,1	11.34545827,3675.252691,11416.92798,19141.53725,26862.81278,34583.46611,42304.03259,50024.60635	5811.197611,13961.1737,19315.86474,27120.67794,34858.83105,42582.74853,50303.89093,58024.52239	0.9600362043,-0.9307589959,-0.9293646953,-0.9282160944,-0.9276060309,-0.927297888,-0.9271449172,-0.9270685743	-0.9605093083,-0.7960640635,0.9329788306,0.9309869102,0.9292015857,0.928126177,0.9275601094,0.9272748648	ok
-1.44974874	-38.71859296	-45.84400810	0.8725539185	full	-1,-1,-1,-1,-1,-1,-1,-1	-1,-1,1,1,1,1,1,1	3680.497076,11422.41807,19147.4789,26869.11628,34590.08613,42310.95351,50031.82384,57752.70834	5800.39973,13934.62082,19335.13175,27149.23037,34890.75386,42615.73336,50337.35447,58058.32137	-0.9265424291,-0.929473088,-0.9283366677,-0.9277253885,-0.9274116296,-0.9272541703,-0.9271748164,-0.9271363795	-0.9604756781,-0.7862440679,0.933164781,0.9312646769,0.929455666,0.9283269854,0.9277201055,0.9274093235	ok
-1.44472362	-38.71859296	-40.27123092	0.8914398106	continued:5	1,1,1,1,1,1,1,1	-1,-1,1,1,1,1,1,1	1600.207471,9339.579091,17064.531,24786.44676,32507.74964,40228.95459,47950.1609,55671.38058	5789.856376,13910.61742,19366.33868,27193.55498,34939.95361,42666.40406,50388.63261,58109.99456	0.9319583292,0.929448854,0.9283828971,0.9278052642,0.9275061094,0.927353007,0.9272763481,0.927237589	-0.9604422512,-0.7779070977,0.9333749851,0.931594175,0.9297573369,0.9285587388,0.9278980274,0.9275537198	ok
-1.43969849	-38.71859296	-41.54096250	0.8886464617	continued:5	1,1,1,1,1,1,1,1	-1,-1,1,1,1,1,1,1	1909.289628,9651.862323,17377.9626,25100.4524,32822.17603,40543.76249,48265.34133,55986.93238	5779.560555,13888.97106,19409.68334,27256.17165,35010.21368,42738.8834,50461.9321,58183.76951	0.9317287938,0.9296908936,0.9285799735,0.9279647002,0.9276415108,0.9274734977,0.9273883791,0.9273442539	-0.9604090108,-0.7710225366,0.9336127143,0.9319980587,0.9301347883,0.928841428,0.928105774,0.9277147435	ok
-1.43467337	-38.71859296	-42.15673300	0.8858531128	continued:5	1,1,1,1,1,1,1,1	-1,-1,1,1,1,1,1,1	2127.654666,9870.760327,17597.47968,25320.46794,33042.63166,40764.63722,48486.62895,56208.63135	5769.505288,13869.51576,19465.85996,27342.87991,35110.79049,42843.40441,50567.72692,58290.17939	0.9317258662,0.9298060296,0.9287051093,0.9280872717,0.9277577075,0.9275845897,0.9274952311,0.927448537	-0.960375942,-0.7655543357,0.9338828311,0.9325220875,0.9306539376,0.9292240404,0.9283728255,0.9279089608	ok
-1.42964824	-38.71859296	-42.61782447	0.8830597640	continued:5	1,1,1,1,1,1,1,1	-1,-1,1,1,1,1,1,1	2332.105295,10075.47974,17802.79201,25526.30702,33248.94932,40971.41382,48693.85803,56416.31119	5759.683665,13852.10813,19536.27261,27469.42912,35272.09049,43015.08318,50742.30419,58465.79787	0.9317954049,0.9299068092,0.9288230015,0.9282062392,0.927872041,0.9276945446,0.9276013951,0.9275523032	-0.9603430306,-0.7614652993,0.9341926513,0.9332824654,0.93153693,0.9298892998,0.9288124709,0.9282004127	ok
-1.42462312	-38.71859296	-43.01219861	0.8802664151	continued:5	1,1,1,1,1,1,1,1	-1,-1,1,1,-1,1,1,1	2518.979525,10262.73871,17990.70467,25714.79444,33437.95814,41160.92246,48883.85906,56606.80273	5750.088895,13836.62406,19623.46417,27712.6186,34068.78301,38569.05822,46322.53355,54052.94459	0.9321138075,0.9300107906,0.9289423891,0.9283258592,0.9279877943,0.9278050192,0.9277082839,0.927655442	-0.9603102645,-0.7587197644,0.9345536517,0.9348064016,-0.9362234696,0.9321242494,0.9304058714,0.9291845735	ok
-1.41959799	-38.71859296	-43.37402225	0.8774730662	continued:5	-1,-1,-1,-1,-1,-1,-1,-1	-1,-1,1,-1,1,1,1,1	2677.851347,10422.09747,18150.77673,25875.48987,33599.21891,41322.72429,49046.19372,56769.66779	5740.714332,13822.95615,19732.04525,25775.02844,31173.26805,39001.88572,46756.52028,54487.92121	-0.9290577622,-0.9301171582,-0.9290634754,-0.9284473551,-0.9281035956,-0.927916346,-0.9278153619,-0.9277596523	-0.9602776321,-0.7572851158,0.9349851666,-0.9353818779,0.9337241585,0.9322191083,0.9305402111,0.9293270516	ok
-1.41457286	-38.71859296	-43.72026761	0.8746797173	continued:5	1,1,1,1,1,1,1,1	-1,-1,1,-1,-1,-1,-1,-1	2797.284574,10542.06232,18271.50131,25996.88425,33721.22207,41445.31051,49169.35363,56893.3985	5731.553499,13811.01155,19871.00666,25198.45167,33015.30278,40767.18706,48498.55295,56224.43949	0.9353864072,0.9302233191,0.9291848514,0.9285685206,0.9282209242,0.9280278002,0.9279222512,0.9278641986	-0.960245123,-0.7571324553,0.9355236835,-0.9336579263,-0.9321377931,-0.9305270971,-0.9293757429,-0.9286787735	ok
-1.40954774	-38.71859296	-44.06047451	0.8722207370	continued:5	-1,-1,-1,-1,-1,-1,-1,-1	-1,-1,1,-1,-1,-1,-1,-1	2927.797592,10673.14662,18403.39096,26129.49039,33854.48151,41579.19526,49303.85331,57028.50997	5722.600102,13800.71022,20061.00715,24755.55775,32517.6507,40252.69227,47980.09498,55705.43022	-0.8925102871,-0.9303290003,-0.9293066042,-0.9286905963,-0.9283380387,-0.9281398758,-0.9280304368,-0.927968303	-0.9602127278,-0.7582366283,0.9362526057,-0.9325957321,-0.9309778884,-0.9297275114,-0.9289389128,-0.9284792261	ok
-1.40452261	-38.71859296	-44.39643622	0.8700961252	continued:5	-1,-1,-1,-1,-1,-1,-1,-1	-1,-1,1,-1,-1,-1,-1,-1	3065.704705,10811.66809,18542.76488,26269.62838,33995.31792,41720.70003,49446.01494,57171.32451	5713.848038,13791.98351,20371.07119,24125.98311,31872.24246,39603.42512,47330.31272,55056.00876	-0.9308513369,-0.9304340463,-0.9294278815,-0.9288136021,-0.9284564057,-0.9282526778,-0.9281383144,-0.9280729726	-0.9601804377,-0.7605757457,0.9374560622,-0.9318738148,-0.9304484418,-0.9294371061,-0.9288188399,-0.9284595141	ok
-1.39949749	-38.71859296	-44.72825848	0.8681781645	continued:5	-1,-1,-1,-1,-1,-1,-1,-1	-1,-1,-1,-1,-1,-1,-1,-1	3180.60912,10927.22554,18659.22111,26386.89702,34113.3308,41839.42482,49565.43885,57291.44308	5705.291405,13784.77291,22297.40408,25333.8276,33083.93265,40816.98382,48544.96675,56271.4872	-0.9185619991,-0.9305389751,-0.9295495917,-0.9289365731,-0.9285750376,-0.9283663139,-0.9282471064,-0.9281782283	-0.9601482447,-0.7641302602,-0.9384823341,-0.9330694604,-0.9306997233,-0.9296541113,-0.9289992476,-0.9286116279	ok
-1.39447236	-38.71859296	-45.05627264	0.8667222898	continued:5	-1,-1,-1,-1,-1,-1,-1,-1	-1,-1,-1,1,1,1,1,1	3321.081823,11068.39796,18801.34157,26529.87958,34257.10448,41983.95482,49710.71088,57437.45176	5696.924495,13779.02919,21971.06905,26696.63032,34462.9275,42202.02609,49932.43067,57660.20775	-0.9311964092,-0.930643793,-0.9296712097,-0.9290602266,-0.9286943113,-0.9284801262,-0.928355625,-0.9282838139	-0.9601161416,-0.7688816321,-0.9364677453,0.9328660634,0.931383354,0.9301754835,0.9293713808,0.9288792942	ok
-1.38944724	-38.71859296	-45.37713396	0.8654730662	continued:5	1,1,1,1,1,1,1,1	-1,-1,-1,1,1,1,1,1	3429.368436,11177.42185,18911.3602,26640.81022,34368.87372,42096.52535,49824.06681,57551.58704	5688.741803,13774.71155,21866.70322,27318.76632,35181.44399,42967.76612,50715.24111,58448.99176	0.575962312,0.9307476496,0.9297932898,0.9291841048,0.928814201,0.9285948818,0.9284654175,0.9283898803	-0.9600841215,-0.7748105584,-0.9358222742,0.9343910034,0.9334456888,0.9320363892,0.9307189026,0.9297741289	ok
-1.38442211	-38.71859296	-45.68973680	0.8647648623	continued:5	1,-1,-1,-1,-1,-1,-1,-1	-1,-1,-1,1,-1,-1,-1,-1	3.928570449,3575.613589,11324.4548,19059.43957,26789.8535,34518.80446,42247.30346,49975.67435	5680.738017,13771.78703,21804.56685,28065.4166,32599.34302,40360.41268,48099.62677,55831.4156	0.9606130072,-0.931507988,-0.9308517435,-0.92991535,-0.9293091305,-0.9289355973,-0.9287100144,-0.9285755157	-0.9600521783,-0.7818947482,-0.9354407412,0.9368520137,-0.9327449939,-0.9313711093,-0.9302750936,-0.9295368435	ok
-1.37939698	-38.71859296	-45.98918539	0.8640566583	full	-1,-1,-1,-1,-1,-1,-1,-1	-1,-1,-1,-1,1,1,1,1	3583.68974,11333.35327,19069.43113,26800.86032,34530.74811,42260.14087,49989.38592,57718.59484	5672.908019,13770.23005,21761.75755,29834.77206,35270.03511,43134.74139,50929.38643,58683.1103	-0.9288813929,-0.9309546224,-0.9300372881,-0.9294343752,-0.9290572666,-0.9288268097,-0.9286872849,-0.9286026731	-0.9600203062,-0.7901061825,-0.9351773402,-0.9359951028,0.9345273806,0.9337094076,0.9324303543,0.9311469272	ok
-1.37437186	-38.71859296	-41.21441895	0.8812920591	continued:5	1,1,1,1,1,1,1,1	-1,-1,-1,-1,-1,-1,-1,-1	1668.600677,9419.393894,17156.7103,24889.24108,32620.12752,40350.46543,48080.63114,55810.75051	5665.246879,13770.02199,21730.43917,29675.23495,37588.23658,45439.52465,53227.47806,60979.67424	0.9332411413,0.9310705356,0.9301685481,0.929565819,0.9291837068,0.9289460325,0.9288002192,0.9287108858	-0.9599885,-0.7994078229,-0.9349812898,-0.9348600585,-0.9344819539,-0.9336171829,-0.9323594223,-0.9311397318	ok
-1.36934673	-38.71859296	-42.01518352	0.8784987102	continued:5	1,1,1,1,1,1,1,1	-1,-1,-1,-1,-1,-1,-1,-1	1931.987423,9684.046199,17422.69575,25156.40055,32888.34479,40619.67908,48350.81262,56081.8877	5657.749847,13771.15101,21706.97789,29600.81992,37433.16013,45210.96281,52960.02449,60697.54617	0.932825762,0.9311910436,0.9303035179,0.9297008354,0.9293128026,0.9290679806,0.9289156316,0.9288202832	-0.9599567546,-0.8097497272,-0.9348287199,-0.9343550424,-0.9334042051,-0.932165482,-0.9310335399,-0.9301932508	ok
-1.36432161	-38.71859296	-42.55512016	0.8757053613	continued:5	1,1,1,1,1,1,1,1	-1,-1,-1,-1,-1,-1,-1,-1	2166.885745,9919.557078,17659.32714,25394.16665,33127.18881,40859.55808,48591.70302,56323.77834	5650.412353,13773.61185,21689.39153,29554.55372,37361.04674,45125.61715,52870.20057,60606.84962	0.932730958,0.9312754842,0.9304136962,0.929820646,0.9294322345,0.9291840459,0.9290276717,0.9289281132	-0.9599250656,-0.8210645984,-0.9347064434,-0.9340585567,-0.9329884258,-0.9317971528,-0.9307978478,-0.9300798301	ok
-1.35929648	-38.71859296	-42.99667574	0.8729120125	continued:5	1,1,1,1,1,1,1,1	-1,-1,-1,-1,-1,-1,-1,-1	2383.814552,10137.27399,17878.26019,25614.30477,33348.46331,41081.91956,48815.12428,56548.2458	5643.229995,13777.40582,21676.48355,29523.05176,37316.85931,45076.34479,52819.82348,60556.83468	0.9328279452,0.9313661109,0.9305287087,0.9299436273,0.92955491,0.9293027046,0.9291408687,0.9290382694	-0.9598934287,-0.8332628527,-0.9346063829,-0.933866223,-0.932777398,-0.9316532062,-0.9307398523,-0.9300875059	ok
-1.35427136	-38.71859296	-43.39117789	0.8701186636	continued:5	1,1,1,1,1,1,1,1	-1,-1,-1,-1,-1,-1,-1,-1	2571.969566,10326.43033,18068.75024,25806.08157,33541.44093,41276.03928,49010.35363,56744.56894	5636.198538,13782.54079,21667.48124,29501.00739,37287.49067,45044.69327,52788.18095,60525.98033	0.9340688854,0.931464878,0.9306496569,0.9300712357,0.929681274,0.9294243262,0.9292575774,0.9291487276	-0.9598618401,-0.8462274215,-0.9345232211,-0.9337356868,-0.9326636913,-0.9316027248,-0.9307516002,-0.9301417642	ok
-1.34924623	-38.71859296	-43.76185216	0.8673253147	continued:5	-1,-1,-1,-1,-1,-1,-1,-1	-1,-1,-1,-1,-1,-1,-1,-1	2717.965193,10473.52549,18217.25442,25955.94038,33692.56159,41428.35699,49163.83178,56899.18868	5629.313901,13789.03138,21661.86245,29485.77426,37267.68468,45023.93427,52767.96647,60506.77817	-0.9301037795,-0.9315658512,-0.9307727595,-0.9302015107,-0.9298098399,-0.929548115,-0.9293754248,-0.9292616726	-0.9598302959,-0.8598086794,-0.9344532654,-0.9336455763,-0.93260558,-0.9316019981,-0.9307995558,-0.9302202282	ok
-1.34422111	-38.71859296	-44.12102360	0.8646596832	continued:5	1,1,1,1,1,1,1,1	-1,-1,-1,-1,-1,-1,-1,-1	2833.630593,10590.33471,18335.52655,26075.62804,33813.5705,41550.61833,49287.3053,57023.85279	5622.57216,13796.89915,21659.2641,29475.84749,37254.80269,45010.8537,52755.7485,60495.72244	0.9361348208,0.93166648,0.9308959442,0.9303321386,0.9299397012,0.9296736305,0.9294943109,0.9293753787	-0.959798793,-0.8738201168,-0.9343938438,-0.9335836258,-0.9325827449,-0.9316315161,-0.9308693581,-0.9303135265	ok
-1.33919598	-38.71859296	-44.47424327	0.8623284203	continued:5	1,1,1,1,1,1,1,1	-1,-1,-1,-1,-1,-1,-1,-1	2952.598002,10710.49393,18457.20468,26198.78457,33938.11004,41676.46781,49414.41998,57152.2082	5615.969532,13806.17293,21659.43032,29470.29774,37247.33969,45003.67362,52749.64883,60490.90182	0.9341884632,0.9317663938,0.9310190948,0.9304641896,0.9300711397,0.9298002068,0.9296155405,0.9294912852	-0.959767328,-0.8880356288,-0.9343429585,-0.9335421621,-0.9325838602,-0.9316810256,-0.930953678,-0.9304169727	ok
-1.33417085	-38.71859296	-44.82200509	0.8604104596	continued:5	1,1,1,1,1,1,1,1	-1,-1,-1,-1,-1,-1,-1,-1	3087.177433,10846.30859,18594.59273,26337.71479,34078.48651,41818.2134,49557.48575,57296.5663	5609.502377,13816.88928,21662.18128,29468.52025,37244.36624,45001.31785,52748.53876,60491.17126	0.9359945391,0.9318661562,0.9311427435,0.9305964996,0.9302044202,0.9299294218,0.9297389089,0.929608131	-0.9597358981,-0.9021895392,-0.9342990774,-0.933516075,-0.9326020081,-0.9317445283,-0.9310483279,-0.9305279457	ok
-1.32914573	-38.71859296	-45.16257188	0.8588268675	continued:5	1,1,1,1,1,1,1,1	-1,-1,-1,-1,-1,-1,-1,-1	3216.403584,10976.81891,18726.73402,26471.46454,34213.74878,41954.90669,49695.55605,57435.98199	5603.167187,13829.09299,21667.3938,29470.1096,37245.27929,45003.0971,52751.69906,60495.80314	0.9387698154,0.9319652674,0.9312663691,0.9307302942,0.9303391838,0.9300599872,0.9298646064,0.9297276689	-0.9597045004,-0.9159806302,-0.9342610002,-0.9335017968,-0.9326326737,-0.9318182355,-0.9311507158,-0.9306448663	ok
-1.32412060	-38.71859296	-45.49422473	0.8575776439	continued:5	1,1,1,1,1,1,1,1	-1,-1,-1,-1,-1,-1,-1,-1	3336.980724,11098.72908,18850.33337,26596.74058,34340.60617,42083.25936,49825.34525,57567.17136	5596.960583,13842.83777,21674.98885,29474.79156,37249.67715,45008.55554,52758.6558,60504.31937	0.9354918836,0.9320639262,0.9313902782,0.9308651784,0.9304753672,0.9301936852,0.9299921854,0.9298502013	-0.9596731324,-0.9290813609,-0.9342277705,-0.9334967435,-0.9326727563,-0.9318996102,-0.9312591385,-0.9307667324	ok
-1.31909548	-38.71859296	-45.81461499	0.8566627889	continued:5	1,1,1,1,1,1,1,1	-1,-1,-1,-1,-1,-1,-1,-1	3447.188631,11210.32231,18963.67657,26711.83151,34457.35047,42201.56685,49945.1512,57688.43491	5590.879308,13858.18705,21684.92333,29482.38363,37257.29129,45017.38889,52769.09325,60516.40256	0.9340389853,0.9321624097,0.9315143059,0.9310016569,0.9306141982,0.9303293057,0.9301230185,0.9299744194	-0.9596417916,-0.941153054,-0.9341986178,-0.9334989872,-0.9327200393,-0.9319868744,-0.9313724231,-0.9308928845	ok
-1.31407035	-38.71859296	-46.12103823	0.8561612361	full	-1,-1,-1,-1,-1,-1,-1,-1	-1,-1,-1,-1,-1,-1,-1,-1	3505.334159,11269.89261,19025.05102,26775.02321,34522.26889,42268.11862,50013.2664,57758.06717	5584.920223,13875.21489,21697.18481,29492.77113,37267.94686,45029.3976,52782.80453,60531.84575	-0.9299247405,-0.9322598334,-0.9316384467,-0.9311387957,-0.9307545653,-0.9304672859,-0.9302557327,-0.9301019733	-0.9596104759,-0.9518669476,-0.9341729155,-0.933507056,-0.9327728877,-0.9320787338,-0.9314897315,-0.9310228802	ok
-1.30904523	-38.71859296	-40.65031142	0.8702022765	continued:5	1,1,1,1,1,1,1,1	-1,-1,-1,-1,-1,-1,-1,-1	1006.833756,8786.882755,16552.3265,24309.00178,32060.6729,39809.62019,47557.12382,55303.8758	5579.0803,13894.00709,21711.78805,29505.89222,37281.53873,45044.45897,52799.66214,60550.52246	0.9737206533,0.9329945442,0.9323236929,0.9317349478,0.9312547627,0.9308800373,0.9305956172,0.9303828309	-0.9595791829,-0.9609297615,-0.9341501522,-0.9335198066,-0.9328300642,-0.932174219,-0.9316104463,-0.9311564214	ok
-1.30402010	-38.71859296	-41.87597783	0.8709104804	continued:5	1,1,1,1,1,1,1,1	-1,-1,-1,-1,-1,-1,-1,-1	1712.679881,9481.82897,17241.75765,24996.15614,32747.40876,40496.92562,48245.50295,55993.5793	5573.35662,13914.66245,21728.77301,29521.72845,37298.01658,45062.50986,52819.59986,60572.36835	0.934624872,0.9325403613,0.9319623559,0.9314775327,0.9310898855,0.930789301,0.9305604464,0.9303877446	-0.9595479109,-0.9681109596,-0.9341299113,-0.9335363395,-0.9328906154,-0.9322725869,-0.9317341036,-0.9312933105	ok
-1.29899497	-38.71859296	-42.50451327	0.8681171315	continued:5	1,1,1,1,1,1,1,1	-1,-1,-1,-1,-1,-1,-1,-1	1983.657152,9753.591644,17515.03916,25271.22494,33024.31186,40775.62833,48525.95269,56275.72894	5567.746366,13937.29425,21748.2038,29540.29882,37317.37557,45083.53588,52842.60148,60597.36978	0.9338870862,0.9325941997,0.9320511634,0.9315901072,0.9312155846,0.9309207365,0.9306919894,0.9305165667	-0.9595166578,-0.973267697,-0.9341118572,-0.9335559419,-0.9329537967,-0.9323732591,-0.9318603504,-0.9314334257	ok
-1.29396985	-38.71859296	-42.99593220	0.8653237827	continued:5	1,1,1,1,1,1,1,1	-1,-1,-1,-1,-1,-1,-1,-1	2234.389221,10005.39172,17768.53932,25526.64809,33281.68193,41034.89566,48787.05288,56538.60535	5562.246818,13962.03185,21770.1685,29561.65619,37339.65057,45107.56479,52868.69384,60625.55679	0.933707716,0.9326590636,0.932149334,0.931710659,0.9313486354,0.9310587087,0.9308302493,0.9306520344	-0.9594854219,-0.9763629698,-0.9340957247,-0.9335780499,-0.9330190251,-0.9324757824,-0.9319889187,-0.9315767055	ok
-1.28894472	-38.71859296	-43.42435015	0.8625304338	continued:5	1,1,1,1,1,1,1,1	-1,-1,-1,-1,-1,-1,-1,-1	2454.817913,10227.29576,17992.42523,25752.66661,33509.81224,41265.05723,49019.1585,56772.58103	5556.855353,13989.02257,21794.77948,29585.88533,37364.91278,45134.6625,52897.94274,60656.99907	0.9339297904,0.9327428161,0.9322643902,0.9318461599,0.9314952105,0.9312087367,0.9309790553,0.9307975278	-0.9594542016,-0.9774731574,-0.9340813127,-0.9336022225,-0.9330858468,-0.9325798055,-0.9321196115,-0.9317231417	ok
-1.28391960	-38.71859296	-43.82029060	0.8597370849	continued:5	1,1,1,1,1,1,1,1	-1,-1,-1,-1,-1,-1,-1,-1	2628.612232,10402.79385,18170.08534,25932.6183,33692.02017,41449.42609,49205.58599,56960.97914	5551.569435,14018.43371,21822.17439,29613.10219,37393.26803,45164.93112,52930.45091,60691.80396	0.9363703917,0.9328357806,0.9323885927,0.931990757,0.9316504754,0.9313677368,0.9311369598,0.9309512234	-0.9594229952,-0.9767829112,-0.9340684821,-0.933628123,-0.9331539171,-0.9326850641,-0.932252295,-0.9318727776	ok
-1.27889447	-38.71859296	-44.19910793	0.8570714534	continued:5	-1,-1,-1,-1,-1,-1,-1,-1	-1,-1,-1,-1,-1,-1,-1,-1	2766.951145,10542.91638,18312.45472,26077.38309,33839.15817,41598.84468,49357.17769,57114.64683	5546.386615,14050.45472,21852.51744,29643.45405,37424.85632,45198.50832,52966.35738,60730.11605	-0.9129613661,-0.9329301486,-0.9325144809,-0.9321383573,-0.9318101662,-0.9315325005,-0.9313020621,-0.9311127125	-0.9593918015,-0.9745677766,-0.9340571532,-0.9336555106,-0.9332229894,-0.9327913747,-0.932386898,-0.9320257139	ok
-1.27386935	-38.71859296	-44.56777255	0.8547401905	continued:5	-1,-1,-1,-1,-1,-1,-1,-1	-1,-1,-1,-1,-1,-1,-1,-1	2905.494343,10683.29644,18455.14879,26222.56816,33986.83355,41748.92698,49509.55841,57269.22105	5541.304526,14085.29958,21886.00104,29677.12032,37459.85218,45235.56767,53005.83806,60772.11788	-0.9313255159,-0.9330240822,-0.9326408087,-0.9322873725,-0.9319736195,-0.9317028811,-0.9314730332,-0.9312813553	-0.9593606187,-0.9711672755,-0.9340473082,-0.9336842335,-0.9332929093,-0.9328986351,-0.9325234186,-0.9321821177	ok
-1.26884422	-38.71859296	-44.92749140	0.8526155787	continued:5	1,1,1,1,1,1,1,1	-1,-1,-1,-1,-1,-1,-1,-1	3009.028558,10788.71812,18562.9503,26332.9582,34099.8385,41864.47761,49627.54812,57389.53903	5536.320882,14123.20906,21922.84759,29714.31374,37498.46569,45276.31971,53049.107,60818.03168	0.936024727,0.9331173633,0.9327671649,0.9324385732,0.9321410007,0.9318788577,0.9316522404,0.9314593529	-0.9593294458,-0.9669527208,-0.9340389952,-0.933714229,-0.9333636164,-0.9330068303,-0.9326619349,-0.9323422409	ok
-1.26381910	-38.71859296	-45.27911425	0.8510319866	continued:5	-1,-1,-1,-1,-1,-1,-1,-1	-1,-1,-1,-1,-1,-1,-1,-1	3152.363226,10933.99173,18710.67072,26483.36904,34252.99839,42020.33738,49786.0078,57550.48406	5531.433469,14164.45292,21963.31126,29755.28173,37540.94376,45321.01347,53096.41826,60868.12177	-0.926413333,-0.933210041,-0.9328937938,-0.9325912703,-0.9323123706,-0.9320610674,-0.9318392711,-0.9316469017	-0.9592982816,-0.9622944564,-0.9340323331,-0.9337455273,-0.933435149,-0.9331160431,-0.9328026241,-0.9325064457	ok
-1.25879397	-38.71859296	-45.61872533	0.8497827630	continued:5	-1,-1,-1,-1,-1,-1,-1,-1	-1,-1,-1,-1,-1,-1,-1,-1	3282.754652,11066.3772,18845.57359,26621.07045,34393.59557,42163.80816,49932.26501,57699.41352	5526.640149,14209.33166,22007.67948,29800.30764,37587.57135,45369.93802,53148.06812,60922.69754	-0.9300055078,-0.9333023456,-0.9330205091,-0.9327461953,-0.9324878013,-0.932250377,-0.9320361916,-0.931846126	-0.9592671246,-0.957532609,-0.9340275212,-0.9337782597,-0.9335076576,-0.9332264745,-0.9329457891,-0.9326752424	ok
-1.25376884	-38.71859296	-45.94417597	0.8489468416	continued:5	-1,-1,-1,-1,-1,-1,-1,-1	-1,-1,-1,-1,-1,-1,-1,-1	3418.660585,11204.33321,18986.11895,26764.52774,34540.10832,42313.39123,50084.8531,57854.89952	5521.938849,14258.17747,22056.27368,29849.71139,37638.67235,45423.42381,53204.39711,60982.11676	-0.9321160428,-0.9333938989,-0.9331475319,-0.9329036976,-0.9326684058,-0.9324474054,-0.9322435562,-0.9320587653	-0.959235974,-0.9529542402,-0.9340248495,-0.933812669,-0.9335814194,-0.9333384678,-0.9330918969,-0.9328493426	ok
-1.24874372	-38.71859296	-46.25218948	0.8485730062	full	-1,-1,-1,-1,-1,-1,-1,-1	-1,-1,-1,-1,-1,-1,-1,-1	3515.163577,11303.00639,19087.51326,26869.00511,34647.86024,42424.47518,50199.23213,57972.47897	5517.327567,14311.35378,22109.44879,29903.84889,37694.60927,45481.84305,53265.79164,61046.78899	-0.9334847782,-0.9334890763,-0.9332792118,-0.9330667829,-0.9328582912,-0.9326569582,-0.9324671668,-0.9322905968	-0.9592048285,-0.9487784715,-0.9340247128,-0.9338491291,-0.9336568641,-0.9334525452,-0.9332416304,-0.9330297354	ok
-1.24371859	-38.71859296	-41.74583483	0.8639697057	continued:5	1,1,1,1,1,1,1,1	-1,-1,-1,-1,-1,-1,-1,-1	1503.868516,9296.857149,17086.97844,24874.33452,32659.08835,40441.46265,48221.71756,56000.12798	5512.804362,14369.25253,22167.59053,29963.10952,37755.78114,45545.60858,53332.68443,61117.17876	0.938944186,0.9337511502,0.9335869452,0.93341442,0.9332363199,0.933057272,0.9328802782,0.932708809	-0.9591736874,-0.9451500183,-0.934027628,-0.9338881639,-0.9337346046,-0.9335694541,-0.9333959583,-0.9332177928	ok
-1.23869347	-38.71859296	-42.46217625	0.8611763568	continued:5	1,1,1,1,1,1,1,1	-1,-1,-1,-1,-1,-1,-1,-1	1815.055104,9608.767415,17400.30715,25189.69096,32976.98276,40762.29147,48545.76143,56327.56065	5508.367354,14432.28807,22231.1094,30027.91029,37822.61838,45615.16997,53405.55311,61193.80838	0.9355964889,0.9337582117,0.9336287241,0.9334911856,0.9333479767,0.9332015126,0.9330536084,0.9329067068	-0.9591425496,-0.9421407399,-0.9340342526,-0.9339304764,-0.9338154765,-0.9336902286,-0.9335562323,-0.9334154248	ok
-1.23366834	-38.71859296	-42.99925548	0.8583830079	continued:5	1,1,1,1,1,1,1,1	-1,-1,-1,-1,-1,-1,-1,-1	2102.414232,9897.331028,17690.70641,25482.50733,33272.72735,41061.38794,48848.53706,56634.24565	5504.014722,14500.88619,22300.42987,30098.68542,37895.57326,45691.00598,53484.91613,61277.2605	0.9347227576,0.9337853775,0.9336909563,0.9335897772,0.9334824803,0.9333707435,0.9332553822,0.9331377832	-0.9591114141,-0.9397581524,-0.9340454078,-0.9339769804,-0.9339005893,-0.9338162709,-0.9337243191,-0.9336253005	ok
-1.22864322	-38.71859296	-43.45773331	0.8555896591	continued:5	1,1,1,1,1,1,1,1	-1,-1,-1,-1,-1,-1,-1,-1	2358.572503,10155.37583,17951.25775,25746.165,33540.05234,41332.88463,49124.63858,56915.30367	5499.744701,14575.46633,22375.97293,30175.86946,37975.10432,45773.61152,53571.32517,61368.18128	0.9346762866,0.933847962,0.9337909829,0.9337290408,0.9336620574,0.9335902807,0.9335138856,0.9334336252	-0.9590802803,-0.937959316,-0.934062102,-0.9340288402,-0.9339913902,-0.9339494563,-0.9339027847,-0.9338511821	ok
-1.22361809	-38.71859296	-43.87560867	0.8527963102	continued:5	1,1,1,1,1,1,1,1	-1,-1,-1,-1,-1,-1,-1,-1	2562.863943,10361.96698,18160.792,25959.31142,33757.49583,41555.31427,49352.73474,57149.7244	5495.555581,14656.41534,22458.1301,30259.87202,38061.65293,45863.47821,53665.35404,61467.2875	0.9370372794,0.9339310387,0.93391397,0.933895126,0.9338739344,0.9338508105,0.9338252763,0.9337972008	-0.9590491471,-0.9366680537,-0.9340855545,-0.9340875135,-0.9340897407,-0.9340922739,-0.9340951561,-0.9340984368	ok
-1.21859296	-38.71859296	-44.27115517	0.8500029613	continued:5	1,1,1,1,1,1,1,1	-1,-1,-1,-1,-1,-1,-1,-1	2695.693673,10497.23343,18299.16366,26101.5414,33904.43442,41707.92424,49512.11018,57317.1147	5491.445702,14744.05082,22547.22728,30351.0428,38155.61083,45961.06772,53767.5856,61575.38583	0.9384321504,0.9340184769,0.9340424704,0.9340697912,0.9341006446,0.9341359151,0.9341762414,0.9342226974	-0.9590180141,-0.9357934272,-0.9341172178,-0.9341547996,-0.9341980124,-0.9342480141,-0.9343063044,-0.9343748658	ok
-1.21356784	-38.71859296	-44.65413090	0.8475439810	continued:5	1,1,1,1,1,1,1,1	-1,-1,-1,-1,-1,-1,-1,-1	2824.023651,10628.05609,18433.16803,26239.56765,34047.52644,41857.40832,49669.71689,57485.17855	5487.413455,14838.57395,22643.47804,30449.62629,38257.27868,46066.77949,53878.60233,61693.42449	0.938479634,0.9341054689,0.9341714447,0.9342476192,0.9343364693,0.9344412823,0.934567788,0.9347225835	-0.9589868803,-0.9352488594,-0.9341587925,-0.9342328893,-0.934319202,-0.9344210233,-0.9345430277,-0.9346921259	ok
-1.20854271	-38.71859296	-45.02616770	0.8454193692	continued:5	1,1,1,1,1,1,1,1	-1,-1,-1,-1,-1,-1,-1,-1	2941.90721,10748.49225,18556.86747,26367.46665,34180.9027,41998.08286,49820.43521,57650.40751	5483.457278,14940.01346,22746.92832,30555.70861,38366.81833,46180.91755,53998.99416,61822.62632	0.9364571831,0.93419187,0.9343003511,0.9344286384,0.9345824542,0.9347714998,0.9350121336,0.9353313787	-0.9589557451,-0.9349818076,-0.9342122325,-0.9343244146,-0.9344570755,-0.9346170675,-0.9348149928,-0.9350683752	ok
-1.20351759	-38.71859296	-45.38694089	0.8438357770	continued:5	-1,-1,-1,-1,-1,-1,-1,-1	-1,-1,-1,-1,-1,-1,-1,-1	3100.281911,10909.4712,18721.18146,26536.15455,34355.51935,42181.12243,50016.30846,57868.18428	5479.575655,15048.16658,22857.39822,30669.16223,38484.20601,46303.66825,54129.4142,61964.83061	-0.9306074469,-0.9342770444,-0.9344294363,-0.9346124201,-0.9348391268,-0.9351299192,-0.9355248121,-0.9361095724	-0.9589246079,-0.9351982633,-0.9342797356,-0.9344324947,-0.934616349,-0.934843876,-0.9351363644,-0.9355337452	ok
-1.19849246	-38.71859296	-45.73280970	0.8424588360	continued:5	1,1,1,1,1,1,1,1	-1,1,1,1,1,1,1,1	3205.783925,11017.63809,18832.76665,26652.31158,34478.14259,42313.65389,50166.08097,58056.1528	5475.767115,15162.54739,22974.43151,30789.59964,38609.19914,46435.11047,54270.75139,62123.42421	0.9387358427,0.9343618372,0.9345584865,0.9347998781,0.9351083711,0.9355235252,0.9361354076,0.937201316	-0.958893468,0.9336817617,0.934363713,0.9345607804,0.9348029377,0.9351120074,0.9355288968,0.9361434263	ok
-1.19346734	-38.71859296	-46.06310801	0.8416229147	continued:5	-1,-1,-1,-1,-1,-1,-1,-1	-1,1,1,1,1,1,1,1	3350.656655,11165.23405,18983.86158,26808.18365,34641.09707,42488.48367,50365.64553,58344.78308	5472.030229,15282.35727,23097.26763,30916.35143,38741.33582,46575.29666,54424.59018,62306.32157	-0.9290564111,-0.9344458101,-0.934687542,-0.9349913478,-0.9353911348,-0.9359607644,-0.9368921918,-0.9390711434	-0.9588623248,0.9342017917,0.9344667435,0.9347135041,0.9350243207,0.9354363638,0.9360285289,0.9370164273	ok
-1.18844221	-38.71859296	-46.37338202	0.8417900989	full	-1,-1,-1,-1,-1,-1,-1,1	-1,1,1,1,1,1,1,1	3613.678941,11431.59934,19254.60519,27085.1411,34927.93994,42794.27292,50725.63871,56823.17341	5468.363608,15406.49278,23224.85162,31048.48515,38879.99011,46724.47547,54594.46828,62539.73017	-0.9342915829,-0.934564395,-0.9348611123,-0.9352444938,-0.9357732716,-0.9365902502,-0.9382196971,0.9402627606	-0.9588311779,0.9343328326,0.9345915136,0.9348955523,0.9352901345,0.9358390755,0.9367017946,0.9385028277	ok
-1.18341709	-38.71859296	-41.45053403	0.8573791611	continued:5	1,1,1,1,1,1,-1,-1	-1,1,1,1,1,1,1,1	1211.823328,9038.24645,16873.38764,24723.85155,32606.94732,40614.30888,45345.85774,53201.03591	5464.765902,15533.60164,23355.89286,31184.87786,39024.51017,46883.61116,54790.01977,63099.55424	0.9609423968,0.9349668537,0.9354128165,0.9360471976,0.937093118,0.9396828508,-0.9355259474,-0.936219167	-0.9588000266,0.934444618,0.9347407611,0.9351126001,0.9356132219,0.9363556616,0.9376974376,0.9435964608	ok
-1.17839196	-38.71859296	-42.32531480	0.8545858122	continued:5	1,1,1,1,1,1,-1,-1	-1,1,1,1,1,1,1,-1	1581.223821,9407.609744,17242.30636,25091.19762,32969.42853,40946.84548,46150.00733,54103.58982	5461.235801,15662.1855,23488.97168,31324.34436,39174.47303,47055.65057,55048.43694,60012.79656	0.9409014546,0.9348924106,0.9353381076,0.9359626628,0.9369632866,0.9392222781,-0.9368043623,-0.9387667307	-0.9587688704,0.9345688445,0.9349172421,0.9353713735,0.9360116204,0.9370501752,0.9394979595,-0.9361145468	ok
-1.17336683	-38.71859296	-42.92954174	0.8517924633	continued:5	1,1,1,1,1,1,-1,-1	-1,1,1,1,1,1,-1,1	1914.932425,9742.194684,17577.5422,25426.70225,33304.29317,41275.33962,46597.53159,54628.78451	5457.77203,15790.73382,23622.67846,31465.81215,39330.1271,47249.35053,54238.19189,59794.68426	0.9365545489,0.9348498364,0.9353052323,0.9359399173,0.9369461831,0.9391555408,-0.9372579545,-0.940206723	-0.958737709,0.9347119662,0.9351237456,0.9356801433,0.9365126317,0.938061417,-0.9454445617,0.9350159199	ok
-1.16834171	-38.71859296	-43.42753866	0.8489991145	continued:5	1,1,1,1,1,1,-1,-1	-1,1,1,1,1,1,-1,-1	2222.380363,10051.69251,17889.4274,25741.89328,33625.8555,41625.72054,46503.84854,54385.59812	5454.373349,15917.86194,23755.75917,31608.52922,39493.23867,47497.40091,52306.14864,60179.21329	0.935602659,0.9348693926,0.9353544534,0.9360369897,0.9371394054,0.9397373979,-0.9359991247,-0.9370721768	-0.9587065417,0.9348757205,0.9353631784,0.9360496441,0.9371620378,0.9398131286,-0.9358380757,-0.9367954308	ok
-1.16331658	-38.71859296	-43.87201135	0.8462057656	continued:5	1,1,1,1,1,1,1,1	-1,1,1,1,1,1,1,1	2476.282269,10308.44774,18149.81042,26007.89843,33904.3908,41988.03174,45238.72389,53070.99627	5451.038551,16042.42497,23887.24023,31752.30402,39669.15046,48380.21781,59052.2271,68682.81198	0.9371495937,0.9349341823,0.935464619,0.9362253952,0.9375067994,0.9411540158,0.9356852206,0.9349410387	-0.9586753681,0.9350605749,0.935638741,0.9364947746,0.9380485263,0.9480575903,0.9435629071,0.9406334842	ok
-1.15829146	-38.71859296	-44.28659043	0.8434124167	continued:5	-1,-1,-1,-1,-1,-1,1,-1	-1,1,1,1,1,-1,-1,1	2649.331395,10484.64253,18330.09611,26194.83126,34107.91816,42457.61039,49549.15124,55067.84286	5447.766464,16163.58835,24016.51537,31897.82276,39873.99032,45177.42382,53213.00885,57485.02521	-0.9323333715,-0.9350131584,-0.9355942857,-0.9364479139,-0.937965363,-0.9445862396,0.939142151,-0.9381742504	-0.958644188,0.9352665543,0.9359542116,0.9370378774,0.9393884823,-0.9373627884,-0.9404633549,0.9350499246	ok
-1.15326633	-38.71859296	-44.68343626	0.8407467852	continued:5	1,1,1,1,1,-1,-1,-1	-1,1,1,1,1,1,1,1	2756.643793,10595.15566,18444.77486,26316.47643,34249.12485,40686.79702,42614.28313,50511.48269	5444.555946,16280.84991,24143.39315,32047.20958,40183.2947,42526.32813,50380.57112,58261.45909	0.9656098756,0.9350908809,0.9357232804,0.9366749433,0.9384698207,-0.9426785516,-0.4699079956,-0.9372406496	-0.9586130008,0.935493523,0.9363143704,0.9377156387,0.9420548971,0.976853321,0.9359211471,0.9370028665	ok
-1.14824121	-38.71859296	-45.06767299	0.8384944560	continued:5	1,1,1,1,1,-1,1,-1	-1,1,1,1,-1,-1,-1,-1	2871.133162,10712.91324,18566.79514,26445.85387,34402.20694,40149.46308,45667.26157,53188.42645	5441.405884,16394.02149,24268.11959,32205.36935,38518.83995,40859.31311,48716.78173,56602.94253	0.938771983,0.9351681525,0.9358525671,0.9369087961,0.9390371421,-0.9392806407,0.9382927563,-0.9495482199	-0.9585818061,0.935741335,0.9367256312,0.9385957585,-0.9420972103,-0.976863306,-0.9359979944,-0.9371560154	ok
-1.14321608	-38.71859296	-45.43848005	0.8367042128	continued:5	1,1,1,1,1,-1,-1,1	-1,1,1,1,-1,-1,1,-1	3004.014922,10849.12089,18707.34414,26594.13673,34579.76072,39812.49766,47817.86642,52715.31798	5438.315196,16503.18508,24391.4035,32384.27544,37494.30407,45446.35892,51345.90515,56247.41332	0.9404853455,0.9352439981,0.9359814223,0.9371476794,0.9396824878,-0.9372753128,-0.9400689533,0.9362811326	-0.9585506038,0.9360099423,0.9371970157,0.9398272191,-0.9368756158,-0.9389596321,0.9400645017,-0.936291489	ok
-1.13819095	-38.71859296	-45.79332843	0.8353272718	continued:5	1,1,1,1,1,-1,-1,-1	-1,1,1,1,1,1,1,1	3138.224826,10986.71886,18849.36992,26744.31919,34767.43097,39372.06446,47248.16741,55183.71623	5435.282828,16608.63885,24514.4864,32623.88813,35273.37323,43127.59245,51002.1608,58932.4199	0.9482565091,0.9353190508,0.9361102058,0.9373930429,0.940437581,-0.9357028518,-0.9367038322,-0.9385693232	-0.9585193932,0.9362994834,0.9377417767,0.9418677744,0.949276743,0.9356640378,0.9366412875,0.9384324556	ok
-1.13316583	-38.71859296	-46.12961025	0.8344124167	continued:5	-1,-1,-1,-1,-1,1,1,1	-1,1,1,1,-1,1,1,1	3289.80584,11141.75501,19008.93013,26912.51785,34986.25021,38417.51494,46269.561,54136.93759	5007.956532,16236.65124,24157.04,32475.87753,39766.83784,44365.11254,52244.43459,60186.56901	-0.9319969845,-0.9353936686,-0.9362388265,-0.9376461493,-0.941358555,0.9345219796,0.9354001903,0.9362485546	-0.9584855406,0.9365014494,0.9381547751,0.9447095605,-0.9405115046,0.9357347803,0.9367735683,0.9387377754	ok
-1.12814070	-38.71859296	-46.44399005	0.8337042128	continued:5	1,1,1,1,1,1,1,1	-1,1,1,-1,-1,-1,-1,-1	66.03290254,3378.287409,11233.74922,19105.52381,27018.21209,35165.13597,37271.35406,45158.10037	5006.674339,16340.34194,24287.98494,30547.77409,32964.34162,40831.71971,48731.02059,56761.58927	0.9704608869,0.9394626143,0.9354668635,0.9363666503,0.9379049179,0.9425434862,0.7563603904,0.9368733894	-0.9584543893,0.9368292659,0.9388760595,-0.9421703039,-0.9741419984,-0.9361314065,-0.9374676755,-0.940646325	ok
-1.12311558	-38.71859296	-46.73564016	0.8319139695	full	1,1,1,1,1,1,-1,-1	-1,1,1,-1,-1,-1,1,1	79.554451,3026.320065,10886.895,18766.79772,26700.3403,35768.88352,43405.15779,51345.84964	5005.432028,16441.58416,24426.88001,29827.1573,38048.77529,47668.61449,52514.31104,60426.09213	0.9755186921,0.9383647206,0.9356381893,0.9366509362,0.9384947433,0.9520359154,-0.9367410891,-0.9386894056	-0.9584232262,0.9371801908,0.9397611627,-0.9380965113,-0.9436459048,-0.9404031671,0.9363266513,0.9378447418	ok
-1.11809045	-38.71859296	-41.32681072	0.8496834376	continued:5	1,1,1,1,1,1,1,1	-1,1,1,-1,-1,-1,-1,-1	924.7543864,8801.961027,16715.17021,24826.21977,27403.268,35272.90085,43170.8334,51173.24145	5004.228937,16541.14187,24582.4943,28952.11006,36830.24863,44752.77828,52985.19565,62601.97301	0.8427830873,0.9363222038,0.9378524702,0.9421013271,0.9573974404,0.9360264249,0.9373148232,0.9401397522	-0.9583920515,0.9375557008,0.9409065793,-0.9355186201,-0.9364752745,-0.9381487327,-0.9438552106,-0.9414621953	ok
-1.11306533	-38.71859296	-42.31248096	0.8468900887	continued:5	1,1,1,1,-1,-1,-1,1	-1,1,1,1,1,1,-1,-1	1345.447274,9218.435868,17120.74178,25136.85441,30079.82891,38016.05073,46685.40412,54836.99727	5003.064421,16639.84851,24776.48822,26955.2202,34845.85047,42797.54776,49240.1152,58891.19075	0.9629167463,0.9360755643,0.9374163245,0.9404371178,-0.936653362,-0.9385267105,-0.9487860373,0.9410465021	-0.9583608648,0.937957883,0.9425467648,0.850532621,0.9368493118,0.9389542576,-0.9434843887,-0.9396100315	ok
-1.10804020	-38.71859296	-42.96385991	0.8440967398	continued:5	1,1,1,1,-1,1,-1,-1	-1,1,1,-1,-1,1,-1,-1	1725.985015,9598.642806,17495.92254,25476.79827,31128.89365,37099.32748,41596.42074,49488.38177	5001.937848,16738.61337,25098.64392,31398.12837,39385.1976,44912.01085,52094.0074,62650.40157	0.9421283317,0.9359107923,0.9371430202,0.9396717137,-0.9393485797,0.9409336241,-0.9357754454,-0.9369149669	-0.9583296659,0.9383895908,0.9455901489,-0.937198491,-0.9398160888,0.938779898,-0.9482783679,-0.9436805474	ok
-1.10301508	-38.71859296	-43.49176528	0.8413033910	continued:5	1,1,1,1,-1,1,1,1	-1,1,-1,-1,1,1,1,1	2091.680638,9966.213011,17863.6767,25836.65201,31745.18641,36589.63041,44517.71677,52730.06933	5000.848603,16838.44415,23917.22266,34543.87815,40900.7604,42698.68373,50666.12779,59037.02084	0.937305011,0.9358551615,0.9370602294,0.9394700533,-0.9406792412,0.9364805587,0.938201508,0.9437543421	-0.9582984547,0.9388546718,-0.9477051308,-0.9391230502,0.9431628199,0.2093999454,0.9384368874,0.9457888924	ok
-1.09798995	-38.71859296	-43.95786617	0.8385100421	continued:5	1,1,1,1,-1,1,1,1	-1,1,-1,-1,-1,-1,-1,1	2400.960879,10278.84878,18180.05412,26160.33067,31967.68169,37270.54394,45385.09313,47910.67031	4999.796081,16940.48909,23048.42866,26312.84685,34190.73428,42091.93847,50072.21004,55879.67762	0.9374676888,0.9358869916,0.9371244331,0.9396356961,-0.9402239958,0.937947026,0.9423060514,0.9655877168	-0.9582672311,0.9393583069,-0.9418236918,-0.9377859151,-0.9358868887,-0.9371244576,-0.939635695,0.9402246432	ok
-1.09296482	-38.71859296	-44.38880925	0.8357166932	continued:5	-1,-1,-1,-1,1,-1,-1,1	-1,1,-1,1,1,1,1,1	2610.247132,10492.07968,18398.43601,26392.43385,31974.80209,38436.38017,48049.18452,51639.12418	4998.779695,17046.10692,22667.31605,28844.61498,31440.09393,39328.02765,47251.52512,55355.80702	-0.9328290084,-0.9359521529,-0.9372460972,-0.9399529559,0.939184422,-0.9439659058,-0.9416985474,0.9351660698	-0.9582359949,0.9399075362,-0.9393666156,0.9422906668,0.9582027685,0.9363243917,0.9379226601,0.9421580468	ok
-1.08793970	-38.71859296	-44.79800296	0.8330510617	continued:5	-1,-1,-1,-1,1,1,1,-1	-1,1,-1,-1,1,1,1,-1	2733.660516,10619.51348,18531.12786,26539.90631,31905.57987,40118.38772,49733.16068,54168.27644	4997.798868,17156.98102,22336.29351,30372.31744,35220.21531,43161.60754,51477.9331,58444.58715	-0.9319407862,-0.9360169323,-0.9373678858,-0.9402845063,0.9382798894,0.9438952748,0.9412402126,-0.9358412261	-0.9582047459,0.9405121049,-0.937571249,-0.9408800598,0.9365970994,0.9384697575,0.9452990657,-0.9399587037	ok
-1.08291457	-38.71859296	-45.19114839	0.8307987325	continued:5	-1,-1,-1,-1,1,1,-1,-1	-1,1,-1,-1,-1,1,1,-1	2860.631667,10750.5703,18667.52061,26692.10526,31832.11666,39854.4907,45035.72059,53078.02908	4996.853037,17275.31167,21861.50205,29779.46252,37809.79582,42840.637,50824.48692,56809.32816	-0.9314309691,-0.9360802463,-0.9374886768,-0.9406278484,0.9374720893,0.9405787766,-0.9376142692,-0.9410077685	-0.958173484,0.9411858868,-0.9361039426,-0.9375313625,-0.9407535977,0.937123872,0.9396538211,-0.9413554209	ok
-1.07788945	-38.71859296	-45.56774218	0.8288807719	continued:5	1,1,1,1,-1,-1,-1,1	-1,1,1,1,1,1,-1,-1	2956.41541,10850.50187,18772.85474,26814.31132,31694.63124,39649.94918,48265.76791,57143.71158	5403.094113,17859.33819,20823.25,28718.44462,36644.10423,44706.85911,49064.92476,56974.53275	0.9435180231,0.9361428525,0.9376081381,0.9409828466,-0.9367432885,-0.9387937826,-0.9488005646,0.9459628362	-0.9581441267,0.9421799659,0.93920777,0.936216093,0.9377439081,0.9414212373,-0.9358187738,-0.937030191	ok
-1.07286432	-38.71859296	-45.92679126	0.8275038308	continued:5	-1,-1,-1,-1,1,1,1,-1	-1,1,1,1,1,1,1,1	3100.195477,10998.49538,18926.32437,26985.87343,31526.58582,39449.91726,47481.79234,52627.05562	5400.735177,18006.58798,19937.41683,27891.70628,36030.58816,38193.5583,46115.95629,54124.88904	-0.9063249103,-0.936203893,-0.9377260032,-0.9413511877,0.9361007758,0.9375350295,0.9407596309,-0.937557252	-0.9581127854,0.9431045362,0.2795024027,0.9381131138,0.9428212036,0.7128778629,0.9373433346,0.9402241332	ok
-1.06783920	-38.71859296	-46.26446273	0.8265889758	continued:5	-1,-1,-1,-1,1,1,1,1	-1,1,1,1,1,1,-1,-1	3263.480625,11166.07423,19099.49601,27178.80893,31209.39874,39118.09159,47072.07626,55406.92994	5398.422282,18179.47027,27801.4302,29877.41841,37812.46507,45859.92342,50773.89697,58744.20326	-0.9334693257,-0.9362645732,-0.9378440114,-0.9417403071,0.9355987664,0.9366489464,0.938608428,0.9457164927	-0.9580814325,0.9442266858,0.9429479839,0.5024708354,0.9376438908,0.9410838496,-0.9368921139,-0.9391324486	ok
-1.06281407	-38.71859296	-46.57770534	0.8258807719	continued:5	1,1,1,1,1,-1,-1,-1	-1,1,-1,1,1,1,1,1	63.05085581,3346.845647,11253.76847,19192.75382,27292.59372,30630.2675,38537.21569,46476.2844	5396.154699,18395.22285,25132.74998,32000.14448,35555.82616,43468.87188,51428.49729,59824.44513	0.9697714552,0.9700459399,0.9363221303,0.9379567396,0.9421307372,-0.9340750818,-0.9363240211,-0.9379601094	-0.9580500678,0.9456719287,-0.9393624434,0.9471321806,0.9650646709,0.9366989219,0.9387177515,0.9465224898	ok
-1.05778894	-38.71859296	-46.86600962	0.8242971797	full	1,1,1,1,1,1,1,-1	-1,1,1,1,-1,1,-1,-1	79.30282742,2980.379876,10893.19611,18842.86606,27014.21302,36797.08854,45425.01762,53463.47823	5393.931716,18696.51893,29389.38796,38302.91361,47645.28031,54622.59378,60115.11746,69155.81594	0.975600063,0.9414661142,0.936478137,0.9382658857,0.9433942821,0.9389405171,0.9491408036,-0.9418244159	-0.9580186913,0.9477447772,0.9390458414,0.9517534371,-0.9455471516,0.9405349945,-0.9390716072,-0.952756874	ok
-1.05276382	-38.71859296	-41.20986997	0.8418760205	continued:5	1,1,-1,-1,-1,1,1,1	-1,1,1,1,1,1,1,1	8552.938148,16631.32218,21064.35782,28999.09414,37031.90886,42477.41793,50986.31656,61582.07386	5391.752636,19259.49251,30829.37445,35318.33712,43236.70582,51196.06866,59451.83406,69315.96309	0.9378357314,0.9416789598,-0.9360846311,-0.9375019409,-0.9406624902,0.938889227,0.9479188124,0.9399381511	-0.9579873027,0.9515840234,0.9503826433,0.9466213812,0.9366032064,0.9385222466,0.9447145834,0.9478899014	ok
-1.04773869	-38.71859296	-42.31118219	0.8390826717	continued:5	1,1,1,-1,1,1,1,-1	-1,-1,-1,-1,-1,-1,-1,-1	1049.023907,8985.239771,16997.15815,22999.63446,27173.97001,35103.71451,43097.12227,49905.56175	5389.616781,22402.34649,30728.51258,38650.88348,46614.32616,54881.63852,65349.63591,77074.80247	0.7659301487,0.9372828669,0.9400792083,-0.9418923902,0.9358549551,0.9370685495,0.9395538334,-0.9470166961	-0.9579559018,-0.9581383757,-0.9445897421,-0.9366240635,-0.9385656554,-0.9448976531,-0.9536217563,-0.9450935928	ok
-1.04271357	-38.71859296	-43.00845366	0.8362893228	continued:5	1,1,1,1,-1,-1,1,1	-1,-1,1,1,1,1,1,-1	1461.357752,9392.129552,17375.90738,26354.77754,33745.96081,41749.1565,48227.74364,58612.28644	5387.523485,21201.10762,33727.46592,40370.00664,48297.90461,56270.85269,64656.57136,70382.69952	0.9707035617,0.9369024173,0.9391702981,0.952401175,-0.9371576972,-0.939768357,0.9449184136,0.9530892388	-0.9579244886,-0.9554157535,0.9578206256,0.9502244518,0.9367355492,0.9388017354,0.9465176424,-0.9365030135	ok
-1.03768844	-38.71859296	-43.56536479	0.8334959739	continued:5	1,1,1,1,-1,1,1,1	-1,-1,1,1,-1,-1,-1,-1	1891.048783,9822.202578,17795.87306,26119.30625,33092.55771,38548.3598,47130.40166,58333.73003	5385.472096,20659.78782,30827.96867,42040.68987,48598.22622,57070.93478,59981.21338,67958.8042	0.9436173523,0.9366976029,0.9387170086,0.9457147287,-0.9408532869,0.9390316733,0.9488160567,0.953103541	-0.9578930629,-0.9517416319,0.9514879818,0.9460176686,-0.9389333618,-0.9475991079,-0.2535042174,-0.9382089639	ok
-1.03266332	-38.71859296	-44.05243540	0.8307026250	continued:5	1,1,1,1,1,-1,-1,1	-1,-1,1,1,-1,-1,1,1	2278.926921,10213.42309,18187.74092,26459.92878,37007.09432,44963.03234,52995.72598,58832.9129	5383.461979,20456.69851,27196.40994,35202.12013,42130.39363,52668.63156,58166.34626,67250.56675	0.9386530641,0.936654519,0.9386196869,0.9449924885,0.9543440642,-0.937423687,-0.9404458655,0.9410845207	-0.9578616245,-0.9499013575,0.9371229949,0.9396825565,-0.9480948227,-0.9408668745,0.9392621778,0.9532504498	ok
-1.02763819	-38.71859296	-44.49916754	0.8279092762	continued:5	-1,-1,-1,-1,1,-1,1,-1	-1,-1,-1,-1,-1,-1,1,1	2542.903466,10482.03557,18461.65743,26759.56573,34592.46985,41288.59376,48512.2627,54427.83939	5381.492512,20341.62162,30971.03162,34401.15404,42347.94587,50358.68598,57264.6122,67836.67539	-0.7942160578,-0.9366919218,-0.9386931853,-0.9453696159,0.9459958586,-0.9396609265,0.9501851525,-0.9359958391	-0.9578301735,-0.9486978933,-0.9473523318,-0.9759037499,-0.9371505269,-0.9397464175,0.9480288785,0.9404054669	ok
-1.02261307	-38.71859296	-44.92012906	0.8252436447	continued:5	-1,-1,-1,-1,1,-1,1,1	-1,-1,-1,-1,-1,1,-1,1	2687.418576,10631.41472,18616.98948,26952.87288,33825.76564,39656.44555,45054.16502,53416.80613	5379.563085,20265.63056,30992.05627,39570.95943,50622.47064,58875.65024,64702.68136,70116.79396	-0.9274263751,-0.9367384639,-0.9387871346,-0.9459062037,0.9405825955,-0.9411331123,0.9388374923,0.9462695979	-0.9577987095,-0.9478088313,-0.9391052172,-0.9488515101,-0.9521407535,0.9405870549,-0.9411119611,0.9389136196	ok
-1.01758794	-38.71859296	-45.32156141	0.8229913155	continued:5	-1,-1,-1,-1,1,1,-1,-1	-1,-1,1,1,1,1,-1,-1	2829.889819,10778.81524,18770.35916,27147.14239,33333.19591,41411.89177,46650.90645,54795.93311	5377.673103,20211.31983,24699.7337,32649.17126,40642.87683,49070.25113,53531.67885,61481.00998	-0.931561827,-0.9367838398,-0.9388775425,-0.9464601837,0.9377631833,0.9414027242,-0.9381779537,-0.9428121296	-0.9577672326,-0.9471041319,0.9357062301,0.9368196702,0.9389579158,0.9471104913,-0.9356707654,-0.9368122872	ok
-1.01256281	-38.71859296	-45.70327700	0.8210733548	continued:5	1,1,1,1,-1,-1,-1,1	-1,-1,1,1,-1,-1,1,-1	2923.933104,10877.83966,18875.30247,27294.57735,32298.70557,40258.20919,48281.43437,55462.52472	5375.821981,20170.64096,26332.44022,34408.64363,39799.18184,48151.06049,54842.42987,62070.94494	0.9607874721,0.9368262977,0.9389618161,0.9470113637,-0.9359903083,-0.9371942377,-0.9398363632,0.9501490105	-0.9577357425,-0.946518897,0.9377248572,0.9412797594,-0.9388442255,-0.9461225505,0.9398256673,-0.950466371	ok
-1.00753769	-38.71859296	-46.06452942	0.8196174801	continued:5	1,1,1,1,1,1,1,-1	-1,-1,1,-1,1,-1,-1,-1	3036.00634,10994.96838,18998.3883,27463.84429,30551.46119,38533.32288,46629.05477,51751.88656	5374.00915,20139.26142,27026.17187,32778.41325,38603.22504,44095.02773,52972.99837,66143.41672	0.9447336893,0.9368680735,0.9390433761,0.9475846947,0.4521197222,0.9378560973,0.9416756351,-0.9377806288	-0.9577042394,-0.9460162098,0.9408733808,-0.9407840588,0.9412143929,-0.9393536693,-0.9517394419,-0.95845089	ok
-1.00251256	-38.71859296	-46.40252584	0.8187026250	continued:5	-1,-1,-1,-1,-1,1,-1,1	-1,-1,1,-1,-1,1,-1,-1	3216.262201,11180.34328,19189.70627,27703.88116,38237.98496,43886.34456,50405.4347,57737.14552	5372.23405,20114.60357,27913.77577,34359.16013,42692.77065,49894.72848,53178.9862,61143.06831	-0.9313493387,-0.9369077303,-0.9391205146,-0.948161662,-0.9410735225,0.9402147608,-0.9457730301,0.943472707	-0.9576727228,-0.9455731052,0.9463962478,-0.9388254391,-0.9458463489,0.942705418,-0.9316354099,-0.9369077177	ok
-0.99748744	-38.71859296	-46.71365451	0.8179944211	continued:5	1,1,1,1,1,1,-1,-1	-1,-1,-1,-1,-1,1,1,1	61.21951108,3285.828771,11255.08688,19270.33779,27834.16653,38399.94464,44335.93066,52370.42279	5370.496133,20095.02122,30681.99825,43154.79844,51540.45684,57833.35069,66001.5348,68408.45773	0.969199578,0.9446180782,0.9369449943,0.9391915879,0.9487226588,0.9467821606,-0.9372138502,-0.9398520992	-0.9576411929,-0.9451743298,-0.9548655721,-0.9389418929,-0.9465531325,0.9382676741,0.9430913719,0.9294167699	ok
-0.99246231	-38.71859296	-46.99776015	0.8165385464	full	1,1,1,1,1,-1,-1,-1	-1,-1,-1,1,1,1,1,1	79.10817406,2845.855972,10822.43061,18853.32305,28607.25565,37078.46622,45109.92515,55106.5106	5368.794863,20079.40633,29794.53555,36398.11192,46421.80842,52439.51453,60429.02267,68514.3937	0.9756428435,0.9542026948,0.937121651,0.9396038291,0.9568482242,-0.9371293917,-0.939623157,-0.9576081456	-0.9576096496,-0.9448092267,-0.9463537578,0.9396251875,0.9576778814,0.6230904521,0.9377099516,0.9411972432	ok
-0.98743719	-38.71859296	-41.43044856	0.8336867706	continued:5	1,1,-1,1,-1,-1,-1,1	-1,-1,-1,-1,-1,-1,-1,-1	8431.515013,17054.51347,25515.73644,32633.98797,37017.32812,45011.93877,53126.59969,58354.84519	5367.129716,20066.98269,29691.54558,31714.62236,39737.02904,47906.60926,50641.45065,58623.5534	0.9392818405,0.949351898,-0.9460131586,0.9424737392,-0.9364091642,-0.9379179118,-0.9418294079,0.9382003704	-0.9575780928,-0.9444700431,-0.9433951623,-0.1904838734,-0.9382557822,-0.9430113427,-0.9578011274,-0.9371696661	ok
-0.98241206	-38.71859296	-42.48421658	0.8308934217	continued:5	1,1,1,1,1,1,1,1	-1,-1,-1,1,1,1,1,1	735.8566159,8809.270225,17004.20386,18982.4937,27022.73584,35217.64037,37196.75,45236.74263	5365.500177,20057.1895,29707.96927,35273.5411,45795.14894,60274.92316,69923.84951,79594.43657	0.1011749658,0.9383713684,0.9434468514,0.1457964087,0.9383711639,0.9434462984,0.1463310451,0.9383691208	-0.9575465223,-0.9441509449,-0.9414556788,0.9398206507,0.9579025655,0.9446601845,0.9447362147,0.9453971281	ok
-0.97738693	-38.71859296	-43.18166345	0.8281000728	continued:5	1,1,1,-1,1,1,1,1	-1,-1,-1,-1,1,1,1,1	1206.092526,9210.074763,17304.71764,23148.60774,28721.47459,39201.03832,54343.10666,67908.50706	5363.905741,20049.61209,29802.24594,40169.20638,50134.08094,58147.01145,66342.68886,68416.95361	0.5765913746,0.9377089967,0.941150613,-0.941514075,0.9398710232,0.9578286597,0.9538445589,0.9577807566	-0.9575149381,-0.9438474141,-0.9399312473,-0.9576683067,0.9366370949,0.9383652928,0.9434026733,0.2180715055	ok
-0.97236181	-38.71859296	-43.74572405	0.8253067239	continued:5	1,1,1,1,-1,-1,-1,-1	-1,-1,-1,-1,-1,-1,-1,-1	1698.113441,9697.150794,17755.81697,28105.05049,38437.75414,46490.64397,56956.63505,71077.99244	5362.345915,20043.93854,30003.44175,38265.90312,47894.5434,57707.85914,66466.24226,70695.83295	0.9706071184,0.9372968607,0.939970893,0.9576445994,-0.9372233018,-0.9397766465,-0.958259231,-0.9514228212	-0.9574833401,-0.943555862,-0.9386337237,-0.9445503942,-0.9437503294,-0.9394361983,-0.950663539,-0.9735771543	ok
-0.96733668	-38.71859296	-44.24090837	0.8225133750	continued:5	1,1,1,1,-1,1,1,1	-1,-1,-1,-1,-1,1,-1,-1	2189.059406,10191.03891,18242.17795,27182.44957,35615.8211,40124.93494,48145.32032,56324.11209	5360.820215,20039.93182,22444.67717,30454.09912,38539.89491,44987.24465,53391.81464,64543.25652	0.9430947392,0.9371485964,0.9395536622,0.9522175814,-0.9426456894,0.9366225731,0.9382533368,0.9429293491	-0.9574517283,-0.9432733726,-0.850936026,-0.9375607428,-0.9406756823,0.9456958644,-0.9511945973,-0.9416510752	ok
-0.96231156	-38.71859296	-44.69479047	0.8197200262	continued:5	1,1,1,1,1,1,1,-1	-1,-1,1,1,1,1,-1,-1	2510.013003,10517.29447,18572.20783,27413.03251,38513.30446,48307.45098,57301.28087,64745.89367	5359.328166,20037.41117,23528.73136,31536.45857,39593.76555,48619.56481,54725.78461,62736.56114	0.9500872446,0.9371473548,0.9395189998,0.9513725798,0.9438194718,0.9395938725,0.9526153006,-0.9379980086	-0.9574201026,-0.9429975253,0.9360735817,0.9371809613,0.9396066183,0.9528543058,-0.9362766895,-0.9373976456	ok
-0.95728643	-38.71859296	-45.12106165	0.8170543947	continued:5	1,1,1,1,1,1,-1,-1	-1,-1,1,1,1,1,1,1	2632.242058,10645.2131,18705.45868,27552.29953,38651.48277,48293.33741,53847.73762,63553.31869	5357.869302,20036.23962,24623.4238,32657.96875,40881.37394,50798.83555,59129.20644,70804.87042	0.9479018214,0.9371675552,0.9395368299,0.9514028392,0.9442738681,0.9418162294,-0.9397749363,-0.956529741	-0.9573884629,-0.9427262708,0.9367413607,0.9384516505,0.9436664816,0.9388397824,0.9454973934,0.9577367671	ok
-0.95226131	-38.71859296	-45.52551093	0.8149297829	continued:5	-1,-1,-1,-1,-1,-1,-1,-1	-1,-1,1,1,-1,-1,1,1	2840.745466,10859.47341,18924.95874,27766.5841,38863.1023,41428.32704,49450.7668,57535.0028	5356.443168,20036.31558,25129.12515,33240.88785,39476.12276,49111.32107,54535.01843,62951.65656	-0.9321746891,-0.9371853606,-0.9395472468,-0.9513334086,-0.9433042356,-0.9710633587,-0.937423664,-0.9402015549	-0.9573568093,-0.9424578404,0.9377077606,0.9410320664,-0.9443293539,-0.942070941,0.9390512241,0.946707406	ok
-0.94723618	-38.71859296	-45.90643442	0.8131395397	continued:5	-1,-1,-1,-1,-1,1,1,1	-1,-1,1,1,1,-1,-1,-1	2966.165829,10990.70182,19061.22446,27881.07863,39075.3509,45780.36456,48977.25209,57013.52287	5355.049316,20037.56723,25425.66492,33764.27445,45500.7711,54424.93363,62452.12089,70537.96662	-0.9314444404,-0.9371997196,-0.939545504,-0.951113836,-0.9407492962,0.9477345411,0.4773849693,0.9377181011	-0.9573251415,-0.9421906781,0.9388568645,0.9455155768,0.957769596,-0.9363534341,-0.9373973856,-0.9400911197	ok
-0.94221106	-38.71859296	-46.26327945	0.8117625986	continued:5	-1,-1,-1,-1,-1,-1,-1,1	-1,-1,1,1,-1,1,1,-1	3075.172323,11105.57347,19180.95739,27966.92987,31878.35449,39918.00505,48031.02541,54768.41518	5353.687308,20039.94925,25665.31374,35968.37095,47505.63516,52590.98749,60705.3784,67368.70099	-0.9256676314,-0.9372111607,-0.9395324179,-0.9507755761,-0.5688536831,-0.9376490636,-0.9407903283,0.948015583	-0.9572934596,-0.9419233894,0.9401793829,0.9574978121,-0.9426016881,0.9376625575,0.9408307791,-0.9474869079	ok
-0.93718593	-38.71859296	-46.59404682	0.8108477436	continued:5	-1,-1,-1,-1,1,1,-1,-1	-1,-1,1,-1,1,1,1,1	3227.120422,11263.46807,19343.66818,28092.9451,34822.02279,42939.48282,49838.74218,62322.26344	5352.356713,20043.4413,25904.19443,31700.1064,37856.78937,47674.35784,56263.10846,66755.52363	-0.9315931765,-0.9372209991,-0.9395127993,-0.9503956786,0.9376552769,0.9407720735,-0.9492057681,-0.957689234	-0.9572617636,-0.9416547007,0.9417447215,-0.9412959398,0.9438585943,0.9393457391,0.9487231777,0.9458359559	ok
-0.93216080	-38.71859296	-46.89622348	0.8117625986	full	-1,-1,-1,1,1,1,-1,1	-1,-1,1,1,1,1,1,-1	4575.575991,12634.43204,20842.41754,25657.82474,33732.45357,42153.52912,49083.58558,54709.14474	5351.05711,20048.0484,26181.55049,36147.78538,44408.5753,54160.98779,63657.2045,73178.53544	-0.9367900417,-0.9382971007,-0.9429168495,0.9370748413,0.9390589559,0.9465609915,-0.9420642071,0.9401513259	-0.9572300533,-0.9413834265,0.9437131267,0.9385572156,0.9439755318,0.9398321634,0.9554971974,-0.9444491355	ok
-0.92713568	-38.71859296	-41.46366654	0.8265232830	continued:5	1,-1,1,-1,1,-1,-1,1	-1,-1,1,-1,1,1,1,-1	8287.158987,15284.12085,22871.27882,28771.9135,34465.59013,43483.17531,57299.78786,66275.29493	5349.788083,20053.80341,26560.83375,33644.56005,38028.13619,46086.15886,54240.01012,60319.83286	0.9408479672,-0.9499733532,0.9417335145,-0.9420323753,0.9405813935,-0.9579968246,-0.9405844626,0.9579739833	-0.9571983288,-0.9411084425,0.9464842429,-0.9431294517,0.936669435,0.9379106682,0.9415071794,-0.9433380442	ok
-0.92211055	-38.71859296	-42.55203983	0.8237299341	continued:5	1,1,-1,-1,-1,1,1,-1	-1,-1,1,1,1,-1,-1,1	8578.97747,17252.31799,26578.92634,38691.45386,46896.86076,52219.63938,60455.08632,64271.93184	5348.549227,20060.77225,27297.62508,38516.35512,49038.40322,57158.27102,69645.73128,75739.53824	0.9394596368,0.9495088496,-0.9530787759,-0.9382426594,-0.9426404059,0.9384086261,0.9432873694,-0.9364905424	-0.95716659,-0.9408286605,0.9515965591,0.9482324414,0.9406930584,-0.9560649812,-0.9415545767,0.9434551304	ok
-0.91708543	-38.71859296	-43.27022307	0.8209365852	continued:5	1,1,-1,-1,-1,-1,-1,-1	-1,-1,1,1,1,1,-1,-1	8895.71525,17136.21658,21251.63571,29316.49125,37439.88303,47807.3118,63321.17387,77653.16138	5347.340142,20069.06326,29175.6954,45310.84136,59834.41528,70364.60094,76947.94811,87325.82958	0.9384176265,0.9432857949,-0.9365947559,-0.9375518312,-0.9402712744,-0.9574091389,-0.9562984901,-0.9579420655	-0.9571348368,-0.9405430084,0.9573923435,0.9574335257,0.9488147056,0.9469761847,-0.9399953396,-0.9578750763	ok
-0.91206030	-38.71859296	-43.84953430	0.8181432363	continued:5	1,1,1,-1,1,-1,-1,-1	-1,-1,-1,-1,-1,1,-1,1	1271.79063,9358.810397,17496.15247,26577.68952,38097.32056,42572.78505,50649.55885,58818.48467	5346.160438,20078.84329,30514.09693,44876.50229,54493.11919,60227.32997,68445.45869,79014.61247	0.1744368939,0.9376562061,0.9405413525,-0.9572763495,0.943265789,-0.9367687935,-0.9379398282,-0.9414736995	-0.9571030693,-0.9402504084,-0.9574300281,-0.9444457093,-0.9421829405,0.9407958896,-0.9564168131,0.9493847907	ok
-0.90703518	-38.71859296	-44.35625667	0.8153498874	continued:5	1,1,1,1,1,1,1,1	-1,-1,-1,1,-1,-1,-1,-1	1956.386863,10030.49255,18139.79944,26683.97022,29733.64339,37836.89656,45979.69687,56166.55674	5345.00973,20090.3656,29891.35676,39241.86709,45508.32343,55145.07249,64764.54442,74558.53655	0.9728285135,0.9372679662,0.9392912551,0.9478755708,0.1189106491,0.9376699549,0.9405286193,0.9571640621	-0.9570712873,-0.9399497582,-0.9565356315,0.9415564348,-0.9447986337,-0.9447051474,-0.9439449058,-0.9391334103	ok
-0.90201005	-38.71859296	-44.81857535	0.8125565386	continued:5	-1,-1,-1,-1,1,1,1,1	-1,-1,-1,-1,-1,1,1,-1	2508.273699,10587.96481,18696.97439,27105.14541,37258.20882,53451.56571,68020.52685,76708.41565	5343.88764,20104.0199,28956.11671,40181.81269,48886.46559,57935.67111,71004.29036,81828.76664	-0.5417984272,-0.9371958904,-0.9390014661,-0.9459491201,0.9572898772,0.9574132534,0.9394890398,0.94944813	-0.957039491,-0.9396399098,-0.9510277935,-0.939507445,-0.9496222352,0.951848753,0.9575102054,-0.9405815153	ok
-0.89698492	-38.71859296	-45.25044024	0.8098909071	continued:5	-1,-1,-1,-1,-1,-1,-1,-1	-1,-1,-1,-1,-1,1,1,1	2650.623259,10736.77786,18849.36685,27214.79884,37056.07846,47505.2842,57386.62645,69942.32227	5342.793799,20120.4274,28683.0199,39544.54794,47742.51769,53914.37954,63613.74565,72557.55171	-0.8764108915,-0.9371787218,-0.9388695702,-0.9451865784,-0.9487068575,-0.9452212565,-0.9492215839,-0.9576954022	-0.9570076802,-0.9393196506,-0.9479683204,-0.9380724092,-0.941782944,0.944090115,0.9397073905,0.9517505821	ok
-0.89195980	-38.71859296	-45.65779832	0.8076385779	continued:5	1,1,1,1,1,-1,1,-1	-1,-1,-1,-1,-1,-1,-1,-1	2729.07665,10821.76831,18937.84725,27263.37912,36867.72669,43425.51421,50127.25353,59157.65732	5341.727842,20140.63555,28548.73493,40006.03887,54988.17598,67151.357,79441.77093,87587.69231	0.9641879657,0.9371584716,0.938720036,0.944396797,0.9414899561,-0.9470683794,0.9407786197,-0.9572219199	-0.9569758548,-0.9389876857,-0.9457761662,-0.9572422527,-0.9536667787,-0.9530336726,-0.9375678283,-0.9399999533	ok
-0.88693467	-38.71859296	-46.04044077	0.8058483346	continued:5	1,1,1,1,-1,-1,-1,-1	-1,-1,-1,-1,-1,-1,-1,1	2836.556556,10935.85776,19055.36842,27344.0442,31328.4925,39429.2644,47557.28567,55966.96501	5340.689413,20166.55941,28475.97284,38234.95404,46594.10159,56234.84695,66003.06154,71987.85108	0.9619784383,0.9371337532,0.9385514318,0.9435773755,-0.9367114361,-0.9372735614,-0.9389848289,-0.9457089941	-0.956944015,-0.9386426301,-0.9439851331,-0.9388296225,-0.9448846471,-0.9451247858,-0.9476735322,0.9373446857	ok
-0.88190955	-38.71859296	-46.39653269	0.8044713936	continued:5	1,1,1,1,-1,-1,-1,1	-1,-1,-1,1,-1,1,1,1	2879.637737,10985.66055,19108.72425,27365.24421,33027.48131,42535.98444,56231.08215,66355.50939	5339.678161,20202.13136,28443.37677,34310.71946,40881.94421,47527.87289,57967.648,72267.76794	0.9625292302,0.9371078777,0.9383712014,0.9427580997,-0.9399430533,-0.9551353012,-0.9575104,0.9428656503	-0.9569121606,-0.9382830439,-0.9424026153,0.9416004345,-0.9472080028,0.9403666868,0.9572396757,0.942712572	ok
-0.87688442	-38.71859296	-46.72437331	0.8035565386	continued:5	1,1,1,1,-1,-1,-1,1	-1,-1,-1,1,1,-1,1,1	3040.708964,11153.46295,19279.83534,27504.76572,33868.7267,45575.96598,60562.50082,72176.18071	5338.69374,20256.9632,28449.87923,37440.26705,53713.02963,65374.46493,74559.87386,86564.29977	0.9662770537,0.9370731073,0.9381534166,0.9418335354,-0.9456152969,-0.9577253175,-0.9570218282,0.9447698841	-0.9568802917,-0.9379076309,-0.9409254244,0.9571257802,0.9577226182,-0.9497129448,0.953045788,0.9376808445	ok
-0.87185930	-38.71859296	-47.02179260	0.8043924599	full	-1,-1,-1,1,1,1,-1,1	-1,-1,-1,-1,-1,1,-1,-1	5275.273429,13430.96206,22001.89187,28263.40383,36454.37502,46598.12684,58972.71558,66923.13501	5337.735814,20362.48269,28521.96771,37205.15766,47938.99757,55591.12734,61343.06867,71655.14665	-0.9374669996,-0.9393233902,-0.9476901411,0.9378533648,0.9406514502,0.9570148177,-0.9500175172,0.9449476296	-0.9568484083,-0.9375163323,-0.9394883059,-0.9489975464,-0.9501706528,0.9427574115,-0.9405001765,-0.957096567	ok
-0.86683417	-38.71859296	-41.56543100	0.8192396045	continued:5	1,-1,1,-1,1,-1,1,-1	-1,-1,-1,-1,1,-1,1,1	8197.34827,14057.39136,21740.96169,30147.72409,39190.6633,50399.55887,56525.15007,61640.72458	5336.804048,20707.56467,28846.86217,37068.48766,44658.99134,56466.9886,68052.51522,77647.90738	0.9426385704,-0.9413630026,0.9543203797,-0.9408762237,0.9569174597,-0.9422290571,0.9436567886,-0.9371004855	-0.9568165102,-0.9371207286,-0.9380737357,-0.9413784569,0.9538661101,-0.9569452037,0.9448273469,0.944242582	ok
-0.86180905	-38.71859296	-42.65751395	0.8164462556	continued:5	1,1,-1,-1,1,1,1,-1	-1,1,1,1,1,-1,1,1	8346.09083,18505.24372,33092.87181,47107.58985,52586.05029,60792.65119,70916.06625,83596.11737	5335.898116,15016.4853,23151.61743,31296.90216,39511.62664,48438.31149,60597.32203,71135.2106	0.9406749835,0.9569617169,-0.95739592,-0.9434962838,0.9379182927,0.9407122212,0.956945706,-0.9521451587	-0.9567845975,0.9368746457,0.9371325824,0.9379877723,0.9409693782,-0.9569336143,0.9488868964,0.947710478	ok
-0.85678392	-38.71859296	-43.38715136	0.8136529067	continued:5	1,1,-1,1,1,-1,1,1	-1,1,1,1,-1,-1,-1,1	8461.757027,16982.16949,24433.89985,32293.10349,44097.3041,55288.94442,61479.92412,71014.91118	5335.017698,15776.18694,23930.35037,32162.37184,41282.69943,56811.65231,72369.97987,84127.55212	0.9392167662,0.9467565131,-0.9465946839,0.9495280512,0.9568400423,-0.9422775026,0.9441591016,0.9390292088	-0.9567526701,0.9372021709,0.9380920961,0.9412774134,-0.9572918506,-0.9569513283,-0.9568796296,0.9462762838	ok
-0.85175879	-38.71859296	-43.97700923	0.8108595578	continued:5	1,1,-1,-1,1,-1,-1,-1	-1,1,1,1,-1,-1,1,-1	8529.798176,16763.71744,25661.27712,41239.19143,53650.42518,60727.27823,68922.47076,77943.1973	5334.162477,15935.28372,24117.08723,32636.54083,40450.18397,52926.69705,67235.87724,81240.27479	0.9380760738,0.941121853,-0.9569179377,-0.9568649438,0.9507834576,-0.9377212992,-0.9397887275,-0.9518051273	-0.9567207281,0.9375603409,0.9392105329,0.9466433852,-0.9492725261,-0.9572270917,0.9574683272,-0.9570816797	ok
-0.84673367	-38.71859296	-44.49225101	0.8080662090	continued:5	1,1,1,-1,1,1,1,-1	-1,1,1,1,1,1,1,1	8248.845097,16419.95996,24677.89504,32295.15214,42244.65938,54774.6668,70246.15148,81783.55789	5333.332142,16014.45449,24234.98052,34704.94243,48877.94855,59598.86983,73816.69179,85173.92212	0.9373173647,0.9382210999,0.9416044376,-0.9540063997,0.951930438,0.9568756904,0.9567914186,-0.9449610117	-0.9566887716,0.937929741,0.9404561125,0.9570197205,0.9402077588,0.9574716194,0.9516232407,0.950565627	ok
-0.84170854	-38.71859296	-44.96074117	0.8052728601	continued:5	1,1,1,1,-1,1,-1,-1	-1,1,1,-1,1,1,1,1	6675.050993,14845.83047,23042.62008,31566.09225,41219.98331,52630.29455,61689.14319,73875.79253	5332.526391,16069.46291,24344.7642,31259.00014,41291.7272,53941.28519,63830.17511,75931.37489	0.9371922264,0.9376279749,0.9392103834,0.9464905482,-0.9572883715,0.9523049524,-0.9493574914,-0.9569431768	-0.9566568004,0.9383092245,0.9418739963,-0.9498086433,0.9566675927,0.9453127322,0.949385469,0.9569041011	ok
-0.83668342	-38.71859296	-45.39631173	0.8026072286	continued:5	1,1,1,1,-1,-1,-1,1	-1,1,1,-1,-1,-1,-1,1	6775.769385,14958.56909,23191.08411,33841.41463,45762.68359,57896.38646,72195.92845,78964.96232	5331.744921,16114.71815,24470.208,30232.90673,38639.18471,48075.75801,58058.18336,69576.97687	0.937326222,0.9379602528,0.9403499504,0.9570990557,-0.9493744148,-0.9568883206,-0.9474739235,0.9409401694	-0.9566248144,0.9386992903,0.9435478084,-0.938888721,-0.9445160577,-0.9410322357,-0.9567143373,0.9450472303	ok
-0.83165829	-38.71859296	-45.80490793	0.8004826168	continued:5	-1,-1,-1,1,-1,-1,-1,-1	-1,1,1,1,1,-1,-1,-1	6607.729537,14803.82739,23089.93928,30824.88437,39508.0072,47715.02006,56143.60007,65633.71019	5330.987439,16155.65592,24636.8906,36054.44688,50221.87047,61711.27108,71267.17053,80675.05099	-0.937467068,-0.9383305295,-0.9417587511,0.9545327998,-0.9376314687,-0.9389521037,-0.944773414,-0.9430138913	-0.9565928138,0.9391008971,0.9456361086,0.9572070728,0.9566742725,-0.9449360465,-0.9445225691,-0.9409475926	ok
-0.82663317	-38.71859296	-46.18512013	0.7986923736	continued:5	-1,-1,-1,1,1,1,1,1	-1,1,1,1,-1,1,1,1	6860.154637,15070.10102,23427.93015,29326.03278,39663.54773,54024.47174,64348.50466,73747.77772	5330.253655,16194.84633,24902.90618,35113.01001,43647.44492,53357.30974,61585.90674,70358.4716	-0.9375995044,-0.9386834464,-0.9432768863,0.9406215306,0.956811138,0.9487160655,0.9445855893,0.9413141642	-0.9565607985,0.9395152603,0.9485001775,0.9417338963,-0.9569988875,0.9378328514,0.9395930438,0.9491928432	ok
-0.82160804	-38.71859296	-46.53681448	0.7973154325	continued:5	1,1,1,1,-1,-1,1,1	-1,1,1,1,1,-1,1,1	7125.332871,15350.47764,23821.928,33556.64838,40325.72787,50873.54883,61582.39705,69927.91553	5329.543284,16233.72677,25541.59956,36961.16714,46409.20051,52602.25475,58607.44597,66912.23371	0.9377354923,0.9390633727,0.945226203,0.9476491142,-0.940464625,-0.9568905019,0.9386139316,0.9428354368	-0.9565287686,0.939943819,0.9533410795,0.9447714245,0.9427525144,-0.9438436801,0.9384000064,0.9418400982	ok
-0.81658291	-38.71859296	-46.85855038	0.7964005775	continued:5	1,1,1,-1,-1,1,-1,1	-1,1,1,-1,1,1,1,1	7250.721941,15492.64217,24169.99719,31005.97551,39378.30377,45362.94698,54157.5512,68301.33627	5328.856045,16273.22816,26943.19765,38851.64694,49345.11728,64924.16126,76212.65727,84468.91277	0.9378743482,0.9394721664,0.9479470485,-0.9387199226,-0.9432461802,0.941356285,-0.9566347983,0.9567134282	-0.956496724,0.9403882531,0.9569540745,-0.9497488329,0.9567133917,0.9564498142,0.9380174027,0.940062945	ok
-0.81155779	-38.71859296	-47.14848041	0.7969021303	full	-1,-1,1,-1,-1,1,1,1	-1,1,1,1,1,1,1,-1	6213.779796,14536.8881,23198.91144,36075.20221,51482.14815,65574.28821,81204.81897,97357.96751	5328.191663,16314.04365,26464.17271,42051.83342,57867.37529,71978.54937,81716.38085,88510.24196	-0.9384653146,-0.9418970347,0.957123257,-0.9566301363,-0.9566008718,0.956642832,0.9566643175,0.9569297112	-0.9564646646,0.9408505235,0.9566406408,0.9566514829,0.9567280997,0.9452538489,0.9478094299,-0.9398461745	ok
-0.80653266	-38.71859296	-41.72078775	0.8119629025	continued:5	1,1,-1,1,-1,1,-1,1	-1,1,-1,1,-1,-1,-1,1	8171.716375,17468.45077,26233.78833,40335.84561,54616.89693,66622.29532,74137.39075,83001.75752	5327.549866,16356.76227,25266.57204,37410.63837,45775.08035,56119.74405,67749.48601,78643.48953	0.9446667578,0.9414493109,-0.9565716505,0.9565457322,-0.9568835581,0.9505829502,-0.9413470373,0.9565231389	-0.9564325907,0.9413329336,-0.9565145159,0.9501217413,-0.9488081324,-0.9458208744,-0.956825959,0.9421217526	ok
-0.80150754	-38.71859296	-42.79289931	0.8091695536	continued:5	1,-1,1,1,1,1,1,1	-1,1,-1,1,1,1,1,-1	8133.765081,16610.03526,26962.74887,35169.85764,43473.94645,53637.29163,69393.6973,83545.02396	5326.930388,16401.94688,25404.43572,36553.28665,45507.00079,54270.29674,64407.36202,70889.43572	0.9420279999,-0.9567604085,0.948187868,0.9383004784,0.9408646075,0.9565793746,0.9566481715,0.946604973	-0.956400502,0.9418382142,-0.9568116755,0.9444533984,0.9395869673,0.9486054846,0.9426664215,-0.9462890019	ok
-0.79648241	-38.71859296	-43.52549140	0.8063762048	continued:5	1,1,-1,-1,-1,-1,-1,1	-1,1,-1,1,1,1,1,1	7988.244899,18769.5126,32107.35384,48318.6603,62957.24022,74588.89149,84948.84544,94808.06224	5326.332966,16450.18956,23452.93445,31371.21762,41241.77339,53197.78253,68268.70168,79493.17295	0.9402403106,0.957244987,-0.9565620926,-0.9569201411,-0.9534127911,-0.9488451248,-0.9463892114,0.9564451571	-0.9563683986,0.9423696386,-0.9503235685,0.9453771721,0.9494230535,0.9565780875,0.9545723237,0.9396445305	ok
-0.79145729	-38.71859296	-44.12099074	0.8035828559	continued:5	1,1,1,-1,1,1,1,1	-1,1,-1,-1,-1,1,-1,1	7546.031136,16044.64012,25344.59655,32273.47118,42621.97274,58030.18891,73393.55636,88612.38947	5325.757342,16502.16124,22870.25222,32384.6767,42083.33933,49059.81704,56456.21501,64552.31768	0.9391089689,0.9448243624,0.9424652804,-0.949778347,0.9564915045,0.9564885704,0.9564774369,0.9564389153	-0.9563362805,0.942931182,-0.9450937851,-0.9452740352,-0.9476295866,0.9422943141,-0.9527314872,0.9417057927	ok
-0.78643216	-38.71859296	-44.64123096	0.8007895070	continued:5	1,1,-1,1,-1,-1,1,-1	-1,1,-1,1,1,1,1,1	6872.861719,15275.4435,21829.86255,31746.296,43473.71061,54772.76955,63315.72653,72077.1576	5325.203262,16558.66708,22684.13153,31411.60401,47256.96093,60700.96031,70109.11879,81740.15446	0.9387799739,0.9427902686,-0.946764732,0.9567294787,-0.9491218124,-0.9543048922,0.9415300472,-0.9564041647	-0.9563041477,0.9435277462,-0.9417218368,0.956478938,0.9565958003,0.9400093373,0.9533978564,0.9490388346	ok
-0.78140704	-38.71859296	-45.11303385	0.7979961581	continued:5	1,1,-1,1,1,-1,-1,1	-1,1,-1,-1,-1,-1,1,1	6643.541205,15074.5668,21355.47003,27563.71972,37351.50567,49163.05072,63070.3968,69447.87308	5324.670475,16620.71922,23239.38867,31750.32036,40839.52516,50743.21995,64668.13338,80933.10119	0.9388836264,0.9432143727,-0.9439166962,0.9401075283,0.9551274049,-0.9565246029,-0.9440667959,0.9394806545	-0.9562720004,0.9441654827,-0.9391359345,-0.944723001,-0.941285939,-0.9563709953,0.9564611251,0.9570348014	ok
-0.77638191	-38.71859296	-45.54983319	0.7953305267	continued:5	1,1,-1,-1,-1,-1,-1,1	-1,1,1,-1,-1,1,1,-1	6799.095658,15275.83876,21517.8539,32330.01601,46964.48946,58448.4758,69334.69528,80111.30591	5324.158736,16689.64344,25888.05065,34076.53823,47410.12433,61297.92488,76414.53324,90346.38267	0.9390338212,0.9439427972,-0.9402578854,-0.957137051,-0.9555985446,-0.9403313554,-0.9569108445,0.9432653631	-0.9562398383,0.9448522734,0.9423449742,-0.9559211885,-0.956343794,0.9563642936,0.9563281663,-0.9564625093	ok
-0.77135678	-38.71859296	-45.95746636	0.7932059149	continued:5	-1,-1,-1,-1,1,1,-1,1	-1,1,1,-1,-1,1,-1,1	6879.466361,15411.10921,24410.72724,34309.07641,48177.07426,63249.75255,77256.56121,88731.61884	5323.667802,16767.24858,27310.98291,36240.38758,48086.88361,58782.5914,67697.9683,78586.87288	-0.9391858041,-0.9447537338,-0.9413199126,-0.9563076277,0.956323358,0.9562814892,-0.9565142818,0.9393020394	-0.9562076615,0.9455984708,0.9541372483,-0.9457505075,-0.9568660501,0.9421242943,-0.9565465573,0.9410764292	ok
-0.76633166	-38.71859296	-46.33461211	0.7914156716	continued:5	1,1,1,-1,-1,-1,-1,1	-1,1,1,-1,-1,1,-1,1	7068.074416,15666.52868,26792.43061,36251.95686,46530.98843,61200.64591,75123.95284,82193.11437	5323.197435,16856.11461,27619.22497,41481.87269,55818.38392,66307.28792,77327.16451,83592.43983	0.9393391112,0.9456588707,0.9562208235,-0.9401965285,-0.9564354065,-0.9567342382,-0.9479813844,0.9408908989	-0.9561754701,0.9464180897,0.9562529848,-0.9563822156,-0.9499979074,0.9565385993,-0.943537297,0.9429724415	ok
-0.76130653	-38.71859296	-46.68134062	0.7901664480	continued:5	-1,-1,1,1,1,1,1,1	-1,1,-1,1,1,-1,-1,1	7160.63683,15843.84564,25395.91441,41175.64845,53849.89476,62790.30684,74439.22936,89821.67804	5322.7474,16960.11962,24576.4883,32651.0182,41335.11768,50892.95326,66842.42519,77880.69223	-0.9394951009,-0.9467011226,0.9563020866,0.9564231764,0.9397919281,0.9495301075,0.9562815874,0.956306658	-0.956143264,0.9473308261,-0.9482980455,0.9394965728,0.9467127039,-0.9563087495,-0.956502624,0.9437448499	ok
-0.75628141	-38.71859296	-46.99527828	0.7892515930	continued:5	-1,-1,1,-1,-1,-1,1,-1	-1,1,1,1,1,-1,-1,1	7312.887349,16106.90237,23200.6149,31840.45888,47360.78301,61683.36487,72172.68964,82432.49169	5322.317466,17085.49128,25589.6763,34448.59271,44222.23017,53012.40852,66463.49509,75121.46468	-0.9396521736,-0.9479147851,0.9419339796,-0.9562549246,-0.9563107244,-0.9501200503,0.9570251931,-0.9413094142	-0.9561110433,0.94836571,0.9397232686,0.9486158107,0.9421910792,-0.9563649869,-0.9417991879,0.9562159033	ok
-0.75125628	-38.71859296	-47.27632385	0.7892910598	full	-1,-1,1,1,-1,1,-1,-1	-1,1,1,1,1,1,-1,1	6942.680318,16079.04768,24422.93309,33525.62477,41261.31394,50120.44005,61267.45595,72119.72328	5321.907405,17243.15411,28800.44464,44005.02428,59338.21818,75212.78345,86173.74453,94837.10703	-0.9399374266,-0.9509788162,0.9399183182,0.9507151739,-0.9423112414,0.9563805871,-0.9404386646,-0.9565715623	-0.956078808,0.9495682592,0.95620004,0.9562090667,0.956236148,0.9564062751,-0.9420814204,0.9562549429	ok
-0.74623116	-38.71859296	-41.97105831	0.8039750623	continued:5	1,-1,1,1,1,-1,-1,-1	-1,1,-1,-1,-1,1,1,-1	8354.274844,15510.01232,24144.74429,39158.30766,54110.0348,67826.18194,82952.74997,98135.81175	5321.516993,17454.84582,26081.43583,35289.41943,46101.05341,55619.96629,70602.87932,84836.22681	0.9479911162,-0.9418758309,0.9561486593,0.956139483,0.9561180092,-0.9561593392,-0.9561637824,-0.9561751045	-0.956046558,0.9510158659,-0.939982022,-0.9514112675,-0.9466505696,0.9561450469,0.9561313397,-0.9560909286	ok
-0.74120603	-38.71859296	-42.99674501	0.8011817134	continued:5	1,-1,-1,-1,1,1,-1,1	-1,1,-1,-1,-1,-1,-1,-1	8068.753716,14686.14075,25109.30212,38530.70958,47571.00965,62295.54183,76087.94495,90331.40886	5321.14601,17773.09956,26156.11893,36205.44699,51755.09036,65542.92251,75253.52852,84974.78575	0.944261797,-0.9407667718,-0.956251262,-0.9425490996,0.9564774919,0.9560885104,-0.9560941472,0.956056473	-0.9560142934,0.9528531622,-0.9411660558,-0.9561520898,-0.9562293758,-0.9454134546,-0.9486585852,-0.9426811941	ok
-0.73618090	-38.71859296	-43.72416948	0.7983883645	continued:5	1,-1,-1,1,-1,1,1,1	-1,1,-1,1,-1,1,-1,-1	7772.664611,16373.64146,32173.03559,43212.98036,52082.57333,65729.719,81028.01069,97129.42883	5320.794238,18370.04608,27494.38778,36453.0678,48308.15053,56137.2659,62622.8049,71074.22659	0.9421405374,-0.9561284402,-0.956285776,0.9418047199,-0.9560391913,0.9561026529,0.9561389732,0.9564847864	-0.9559820143,0.9553199325,-0.9425537005,0.9563596777,-0.9506695716,0.9436042844,-0.9447959196,-0.941148257	ok
-0.73115578	-38.71859296										error: Gamma tangent signs only reached 7 / 8 minima; retcode=Success
-0.72613065	-38.71859296	-44.32210523	0.7955950156	continued:5	1,1,1,1,1,-1,-1,-1	-1,1,1,-1,-1,-1,-1,-1	7067.264877,17392.15953,31173.27673,42114.54062,57957.01448,69129.87843,78380.18224,87484.80092	5320.147474,19356.70727,35150.53084,48532.22928,63896.61758,78254.35339,87429.53081,97889.81677	0.9408962175,0.9561168372,0.9462123493,0.9560601323,0.956248343,-0.9452112459,-0.9451280411,-0.9440980258	-0.9559174122,0.9564285439,0.9563462282,-0.9560374168,-0.9560933792,-0.9510913961,-0.9407770475,-0.95615646	ok
-0.72110553	-38.71859296	-44.84091645	0.7928016668	continued:5	1,1,1,-1,1,1,-1,-1	-1,1,-1,-1,-1,-1,-1,-1	6750.928032,17165.05089,30390.17114,39403.59293,52760.98415,68693.70776,82543.75579,95557.34415	5319.852064,19194.67141,30768.93357,40820.60018,52131.82903,64663.13933,74768.30819,90778.28465	0.9408297425,0.9561067183,0.9427542137,-0.9563036007,0.9560282733,0.9562704908,-0.9564536827,-0.9427579897	-0.9558850892,0.9562364032,-0.9488525127,-0.9459818338,-0.956126124,-0.9411482029,-0.956030785,-0.9563251079	ok
-0.71608040	-38.71859296	-45.31098441	0.7900083179	continued:5	-1,-1,-1,-1,1,1,-1,-1	-1,1,-1,-1,-1,-1,-1,1	6741.126293,16996.28131,31045.05443,41656.1623,49691.91253,61032.38177,72844.60654,83091.0611	5319.575029,19059.32871,30347.90498,40189.66173,55208.33928,70532.03389,84765.78249,93139.9335	-0.9409929723,-0.956030353,-0.9490195779,-0.9505902185,0.9459664417,0.9561046104,-0.9410021963,-0.956028297	-0.9558527517,0.956122857,-0.9415641129,-0.9559427757,-0.9559654219,-0.9560243146,-0.9504492695,0.9490978335	ok
-0.71105528	-38.71859296	-45.74467106	0.7873426864	continued:5	1,1,1,1,1,1,-1,1	-1,1,1,-1,-1,1,-1,1	6925.00807,17032.90239,33153.42933,45054.94863,55130.92093,71049.86595,84559.69176,95860.39339	5319.316165,18951.60077,31904.8656,40448.21378,56293.93306,68050.72209,78522.8579,91959.96079	0.9411724698,0.9559641039,0.956404308,0.9412122703,0.9559575876,0.9562085373,-0.9560863302,0.9417561743	-0.9558203997,0.956039962,0.9423434259,-0.9559551264,-0.9561665059,0.950214664,-0.9562490792,0.95589238	ok
-0.70603015	-38.71859296	-46.14741295	0.7852180746	continued:5	1,1,1,1,-1,-1,-1,-1	-1,1,1,1,1,1,-1,1	7067.409192,17049.0285,32553.51021,45259.85011,54012.37308,68787.97728,83644.58235,98697.18323	5319.075276,18866.16417,32543.42,43244.95032,58423.12418,74439.0727,87587.35269,98507.27638	0.941354713,0.9559058251,0.9560090593,0.942017276,-0.9558462417,-0.9558576542,-0.9558766889,-0.9559114025	-0.9557880332,0.9559722327,0.9464134897,0.9558863088,0.9559344109,0.9567278174,-0.9564118516,0.9440108613	ok
-0.70100503	-38.71859296	-46.51786555	0.7836344825	continued:5	-1,-1,-1,-1,1,-1,-1,1	-1,1,1,1,1,1,1,1	7165.350093,17039.29952,32225.52173,47099.20709,56105.56185,64650.01666,79976.59978,91648.5175	5318.852165,18799.17885,33139.44067,45532.99604,56081.70524,65941.59238,81088.60701,97148.587	-0.9415410499,-0.955852182,-0.9559058901,-0.9542396809,0.9424981709,-0.9559025769,-0.9557232765,0.9558710433	-0.9557556521,0.9559131661,0.9515313454,0.9560101708,0.9415667651,0.9558493936,0.9558983375,0.9566915775	ok
-0.69597990	-38.71859296	-46.85424030	0.7823852589	continued:5	-1,-1,-1,-1,1,1,1,1	-1,1,1,-1,-1,1,-1,-1	7309.854554,17097.44301,32073.94285,47618.14451,59266.79187,69023.05492,83897.07577,99128.364	5318.646639,18748.35242,34885.5136,47885.4936,63750.34455,77167.49774,88719.12717,98467.27512	-0.9417305288,-0.9558010878,-0.9558380174,-0.9559620099,0.9418243363,0.9557911035,0.9558205458,0.9558845934	-0.9557232566,0.9558595143,0.9564254969,-0.9558504517,-0.9560969629,0.9559656186,-0.9419198286,-0.9557797762	ok
-0.69095477	-38.71859296										error: Gamma tangent signs only reached 7 / 8 minima; retcode=Success
-0.68592965	-38.71859296	-47.15679529	0.7808016668	continued:5	1,-1,-1,-1,-1,1,1,1	-1,1,1,1,-1,-1,-1,-1	7522.458108,16343.43624,31080.04406,46112.62396,62200.1663,73297.55487,83974.50241,99314.94955	5318.287587,18692.32437,34107.72656,46484.92741,54972.23054,70269.43141,83552.63191,91549.49297	0.9421217515,-0.9557065329,-0.9557367614,-0.9557871648,-0.9562828891,0.9464140011,0.9557577905,0.9558486041	-0.9556584221,0.9557617776,0.9558671976,0.9423802158,-0.9557551884,-0.955838708,-0.9449396003,-0.9423830975	ok
-0.68090452	-38.71859296	-47.42696519	0.7803001140	full	-1,1,1,1,-1,1,-1,1	-1,1,1,1,1,1,1,-1	7514.473946,16029.30987,31118.38775,45561.54975,54673.15516,63335.25757,71451.98992,78293.37354	5318.133689,18689.20625,33910.21624,47410.65275,58022.40711,73219.33422,86847.90868,96401.32668	-0.9423213769,0.9557065063,0.9557669538,0.952525137,-0.9505108918,0.9508411048,-0.9439916791,0.9466712845	-0.9556259831,0.9557157068,0.9557924336,0.9464815378,0.955714137,0.9557875091,0.9473326461,-0.9558781959	ok
-0.67587940	-38.71859296										error: Gamma tangent signs only reached 7 / 8 minima; retcode=Success
-0.67085427	-38.71859296										error: Gamma tangent signs only reached 7 / 8 minima; retcode=Success
-0.66582915	-38.71859296	-43.26848587	0.7919373460	continued:5	1,-1,-1,-1,1,-1,1,-1	-1,1,1,1,-1,1,1,-1	8052.226526,17259.05959,33214.54145,47082.81759,55298.05858,62218.63989,69114.35391,76446.95259	5317.772329,18901.89422,33707.52298,49271.29646,60693.17059,70069.17579,82486.88209,91425.04518	0.9470951519,-0.9556419459,-0.9560363558,-0.950860598,0.9444672831,-0.9444056897,0.9447881121,-0.9430554512	-0.9555285798,0.9555779983,0.9556288176,0.9557980519,-0.9473206043,0.9557160261,0.943299473,-0.955846907	ok
-0.66080402	-38.71859296	-43.97682853	0.7891439971	continued:5	1,-1,1,1,1,1,1,-1	-1,-1,-1,-1,-1,1,-1,1	7577.283124,14683.21873,22480.54506,35798.71677,49473.11581,64251.34991,79827.78635,91536.17054	5317.684731,19982.05751,34678.34201,49981.18143,61956.68801,70658.87892,82181.41576,91150.00236	0.9446626545,-0.9437481076,0.9531935415,0.9564576734,0.9555408592,0.9555942478,0.9557754884,-0.9498345937	-0.9554960834,-0.9555313419,-0.9555814395,-0.9556923447,-0.9431743565,0.9557125202,-0.9436238277,0.9563639898	ok
-0.65577889	-38.71859296										error: Gamma tangent signs only reached 7 / 8 minima; retcode=Success
-0.65075377	-38.71859296	-44.56723412	0.7863506482	continued:5	1,-1,-1,1,-1,-1,1,-1	-1,-1,-1,-1,1,-1,1,1	7027.111784,15424.04272,26337.62411,33438.76401,40464.18039,48876.12848,55929.09769,63382.37016	5317.557784,19829.69353,34723.44635,49007.87873,59783.1407,73300.28838,86317.55619,99910.36372	0.943785501,-0.9551988275,-0.9446422505,0.9445246815,-0.9452099206,-0.9445790013,0.9448749844,-0.9436951681	-0.9554310472,-0.9554833462,-0.9555519063,-0.9523750062,0.9557382405,-0.9557767725,0.9555660307,0.9485304049	ok
-0.64572864	-38.71859296	-45.08131854	0.7835572993	continued:5	1,-1,-1,1,1,-1,-1,1	-1,-1,-1,-1,1,-1,1,1	6911.68501,15036.54365,25480.275,32580.48744,40416.18194,48223.66393,57931.2079,65310.95928	5317.518098,19818.02074,34795.01762,48154.52069,57543.83936,69201.5074,76453.74046,88097.06322	0.9438743668,-0.9542523528,-0.944616696,0.9450387542,0.9439264553,-0.9529179279,-0.9440622404,0.9503727818	-0.9553985076,-0.9554558281,-0.9555359162,-0.9474633774,0.9555957623,-0.9441355708,0.9493324932,0.9555708846	ok
-0.64070352	-38.71859296	-45.54645211	0.7807639504	continued:5	-1,1,-1,1,-1,-1,-1,1	-1,-1,-1,-1,1,-1,-1,1	6996.904245,14404.91948,24660.81561,38134.77636,51155.3748,63902.75743,72208.17423,79494.2221	5317.494051,19814.65868,34877.76204,47499.72827,54940.23757,62150.80749,70770.89233,77994.39781	-0.9441165465,0.9503932949,-0.9556610638,0.9556931504,-0.9555181555,-0.9452100946,-0.9447889998,0.9445498763	-0.9553659539,-0.9554276438,-0.9555221959,-0.9448845208,0.944247659,-0.9486391404,-0.9442357745,0.9487794105	ok
-0.63567839	-38.71859296	-45.97381667	0.7783049701	continued:5	-1,1,-1,-1,1,1,-1,1	-1,-1,-1,1,-1,1,1,-1	7136.702058,14322.53423,23252.10062,36786.18446,49785.06524,64970.68454,76695.99688,83842.55631	5317.485479,19815.73711,34971.94698,46827.06039,53987.36705,63253.86908,75552.62703,82694.42417	-0.9443718601,0.947900982,-0.9543847372,-0.9556971151,0.9554008105,0.9555193633,-0.9445847712,0.9460752114	-0.9553333857,-0.9553990666,-0.9555125723,0.9444193139,-0.9474365592,0.9554953821,0.9445627307,-0.9462357667	ok
-0.63065327	-38.71859296	-46.36631157	0.7761803583	continued:5	-1,1,1,1,1,-1,-1,1	-1,-1,-1,1,1,1,-1,1	7320.497183,14518.86149,25341.68092,38131.63691,49605.43249,62598.70829,77762.55791,89454.60524	5317.492222,19819.50148,35080.2562,46603.82475,57087.05319,72573.9041,85996.94217,99064.40935	-0.9446316154,0.9461926165,0.9554420368,0.9458631602,0.9556616887,-0.9553648006,-0.9554855492,0.9449804374	-0.9553008033,-0.9553702435,-0.9555099464,0.9465412529,0.9553805333,0.9555840775,-0.9556067835,0.955478663	ok
-0.62562814	-38.71859296	-46.72510206	0.7745967662	continued:5	-1,1,1,1,-1,-1,1,-1	-1,-1,-1,1,-1,-1,1,-1	7472.229054,14935.83914,22973.60964,30772.84114,38243.61023,46239.12845,53934.47318,61410.28822	5317.514123,19825.02227,35207.80867,48352.25266,58526.28326,67488.86826,76953.0182,88598.52924	-0.9449035371,0.9451632384,0.9450725859,0.9449082159,-0.9451480313,-0.9450275714,0.9449114048,-0.9451375553	-0.9552682067,-0.9553412675,-0.955519996,0.9556584128,-0.9454545492,-0.9476294799,0.9554880359,-0.9485196129	ok
-0.62060302	-38.71859296	-47.04860295	0.7733475426	continued:5	1,1,1,1,1,-1,-1,1	-1,-1,-1,1,1,1,1,1	7649.771741,15717.78301,24336.57212,34782.11613,50299.48714,63174.56685,76199.06254,85260.28555	5317.551025,19831.75266,35363.30063,48211.97155,61705.80849,73115.99828,85815.04666,96684.34035	0.9451849459,0.9453650779,0.9465677075,0.9553117831,0.955549696,-0.9553601979,-0.9472321401,0.9553299652	-0.9552355959,-0.9553122042,-0.9555564299,0.9553474157,0.9493800407,0.9553702899,0.9461389655,0.9553903325	ok
-0.61557789	-38.71859296	-47.33739854	0.7726393386	continued:5	1,-1,-1,1,-1,1,1,1	-1,-1,-1,-1,1,1,1,1	1.989747783,7779.908587,16760.17967,25011.50125,35128.78695,48561.5005,59741.04049,70402.97236	5317.602774,19839.34385,35557.71465,50849.01768,63677.68305,76981.39889,85820.07539,97521.47029	0.9644584161,-0.9454784678,-0.9481503758,0.9504267371,-0.9554415564,0.9560151303,0.9457082708,0.9549691493	-0.9552029709,-0.9552831038,-0.9556647483,-0.9555174177,0.9553152971,0.9487070811,0.9457700729,0.9559652763	ok
-0.61055276	-38.71859296										error: Gamma tangent signs only reached 7 / 8 minima; retcode=Success
-0.60552764	-38.71859296	-47.59016216	0.7713901150	full	-1,-1,1,1,1,-1,-1,-1	-1,-1,-1,-1,1,1,1,1	7886.790062,18764.54338,30563.8388,40922.47384,56318.84273,69169.45555,81510.44677,92187.58918	5317.75021,19856.21534,34355.15348,45214.54966,55306.8554,67649.26373,78033.44843,93570.8938	-0.9461010317,-0.9553017724,0.9466637042,0.9552024712,0.9554275985,-0.9552717013,-0.9462599308,-0.9552595617	-0.9551376784,-0.9552249542,-0.9541663183,-0.9479591891,0.9556435974,0.9466169266,0.9552075262,0.9555000295	ok
-0.60050251	-38.71859296	-43.52756549	0.7838306410	continued:5	1,-1,-1,1,-1,1,1,1	-1,-1,-1,-1,-1,-1,-1,1	8599.809039,18918.88562,34002.152,45961.0924,55905.66461,67799.63358,78731.32073,93668.70219	5317.8456,19865.17907,33663.40707,45351.53503,58646.36314,69866.82477,82844.90482,91556.78092	0.9519799842,-0.9551523653,-0.9552980137,0.9504066215,-0.9552941813,0.9498326582,0.9551427559,0.9552637047	-0.9551050109,-0.9551959754,-0.9516546337,-0.9552054315,-0.9494336723,-0.9552136591,-0.9481639291,0.9526985261	ok
-0.59547739	-38.71859296										error: Gamma tangent signs only reached 7 / 8 minima; retcode=Success
-0.59045226	-38.71859296	-44.21657858	0.7810372921	continued:5	1,-1,1,-1,1,-1,1,-1	-1,-1,-1,-1,1,-1,1,1	7624.289415,16674.08563,28336.50668,40883.24306,54091.47695,67335.9744,80412.71751,93837.61624	5318.078994,19883.54018,32938.01821,45026.3198,57157.96936,69284.33934,78289.21734,93927.69994	0.9481968534,-0.9538500166,0.9560228991,-0.9552753092,0.9552732798,-0.9552835809,0.9552385856,-0.9557694538	-0.9550396336,-0.9551383734,-0.949015478,-0.9560276936,0.9551728119,-0.9471847415,0.9551062753,0.95557081	ok
-0.58542714	-38.71859296	-44.79232214	0.7782439432	continued:5	1,-1,1,1,1,-1,1,1	-1,-1,-1,1,1,-1,1,-1	7377.136295,16601.06546,28564.62422,40637.03284,55333.22289,66771.41841,77681.10313,89980.55441	5318.216712,19892.70256,32674.53518,41076.5749,52737.21803,65996.77599,78928.02994,90968.2238	0.9477121569,-0.9551623972,0.949055469,0.9554709078,0.9554292301,-0.9546320257,0.9551282732,0.9475642399	-0.9550069239,-0.9551098149,-0.9484277191,0.9491636976,0.9552321683,-0.9552547004,0.9551727077,-0.9502281981	ok
-0.58040201	-38.71859296	-45.30013193	0.7754505943	continued:5	1,-1,1,-1,1,-1,-1,1	-1,-1,-1,1,-1,1,-1,-1	7374.79988,17069.10274,29803.65082,42034.93364,51769.05557,64446.85168,77049.51417,85765.33328	5318.368258,19901.68203,32457.75221,41921.01811,52361.83819,62110.29346,74774.17516,87543.69315	0.9479746255,-0.9552369709,0.9550967195,-0.9479886802,0.9552486287,-0.9550797958,-0.9483266333,0.9518343888	-0.9549742001,-0.9550814621,-0.9482378567,0.9548866043,-0.9479934802,0.9552529067,-0.9550740225,-0.9487192987	ok
-0.57537688	-38.71859296	-45.75884924	0.7726572455	continued:5	1,-1,1,1,1,-1,1,-1	-1,-1,-1,1,-1,1,1,1	7538.886733,16158.92914,26640.019,40711.43553,55643.7158,69556.46527,82217.62557,94485.68435	5318.533492,19910.32713,32297.03452,40900.92367,50736.43259,63258.14358,74662.31853,87220.37274	0.9484187583,-0.9506234977,0.9552734625,0.9549715137,0.9551257022,-0.9555383242,0.9550969567,-0.9514289946	-0.9549414624,-0.9550533489,-0.9484296452,0.9504288674,-0.955104695,0.9528952309,0.9530130131,0.9551596095	ok
-0.57035176	-38.71859296	-46.17873386	0.7703259825	continued:5	-1,-1,-1,-1,-1,1,1,1	-1,-1,1,1,-1,-1,-1,1	7719.462132,18034.27273,28325.16693,39311.63034,52531.91641,62708.64701,75455.36176,88114.34983	5318.712279,19918.45696,32209.37387,44226.17611,56216.97696,67172.44249,82077.70279,95765.98855	-0.9489069925,-0.9528058608,-0.9495092371,-0.9549903606,-0.9507783175,0.9550454543,0.9550065555,0.9491824955	-0.9549087106,-0.9550255098,0.9490153173,0.9554221312,-0.9498617777,-0.9549356912,-0.9550927846,0.9553088626	ok
-0.56532663	-38.71859296	-46.56112330	0.7682013708	continued:5	1,1,1,1,1,1,1,1	-1,-1,1,-1,-1,1,1,1	7976.015834,19013.30248,31749.3904,42555.13859,57873.71151,72104.94893,84854.2038,95655.02618	5318.904484,19925.85081,32224.37224,41717.18953,55677.72914,66072.15541,78825.99213,89626.57946	0.9494396416,0.9549686524,0.9497370503,0.954923813,0.9552632131,0.9549681831,0.9497636633,0.9549202548	-0.9548759449,-0.9549979791,0.9500629695,-0.9549439682,-0.9535332894,0.9549680181,0.9497731896,0.9549189438	ok
-0.56030151	-38.71859296										error: T tangent signs only reached 7 / 8 minima; retcode=Success
-0.55527638	-38.71859296	-46.90877502	0.7662834101	continued:5	-1,1,1,1,-1,-1,1,-1	-1,-1,1,1,-1,1,-1,-1	8277.676545,18824.83882,32749.43515,47825.91532,60409.18388,74697.84336,87028.94869,99390.49884	5319.328618,19937.27351,33196.40748,44817.60741,54880.66098,67479.8471,77431.07422,91368.35604	-0.9506838265,0.9551316307,0.954845458,0.9550950285,-0.9548717523,-0.9547090868,0.9556109662,-0.9531624703	-0.9548103716,-0.954943969,0.9548311165,0.9522224339,-0.954928147,0.9520146555,-0.9548745947,-0.9538464868	ok
-0.55025126	-38.71859296	-47.21853936	0.7650341865	continued:5	1,1,-1,-1,-1,-1,1,1	-1,-1,1,-1,1,1,1,-1	8582.725227,20274.63639,34421.65746,48099.50729,61044.09676,72538.86081,85312.83565,96948.02021	5319.560287,19940.54147,33989.24084,46424.4326,59460.58789,70183.03525,81864.4624,95896.5364	0.9514308944,0.9549102241,-0.9557018887,-0.9548607907,-0.9515429362,-0.9548699795,0.9514599549,0.9548975771	-0.954777564,-0.9549175386,0.9553648743,-0.9548963395,0.95392484,0.9514371683,0.9549078175,-0.9557898837	ok
-0.54522613	-38.71859296	-47.49325365	0.7641982651	continued:5	1,1,-1,1,-1,-1,1,-1	-1,-1,1,1,1,-1,1,-1	5.843596576,8923.152621,19196.03501,32660.74775,45238.71462,60193.61412,72236.60579,85319.91661	5319.804852,19941.51602,33566.09633,47446.91697,62716.30726,75073.93642,88150.18472,99210.72825	0.9536235582,0.9523144066,-0.9548981994,0.9550254796,-0.9547993119,-0.9557436839,0.9549185171,-0.9549418859	-0.9547447427,-0.9548915048,0.9550727501,0.9547908709,0.9553355926,-0.9548499137,0.9537021976,-0.954965603	ok
-0.54020101	-38.71859296	-47.73309286	0.7636967123	full	-1,1,1,-1,1,-1,1,-1	-1,-1,1,-1,1,-1,1,1	9215.251388,19573.40755,34442.95074,46531.76484,59413.01025,72570.63261,85183.17427,99402.80654	5320.062187,19939.55123,33229.28413,45719.14448,58957.29507,70209.03215,82684.37139,96219.13482	-0.9533703369,0.9547664535,0.9557151442,-0.9548922619,0.9548731695,-0.9549209434,0.9548288461,-0.9554004437	-0.9547119074,-0.9548658511,0.9549470528,-0.9548009346,0.9537197017,-0.9549686413,0.9547819917,0.9537200577	ok
-0.53517588	-38.71859296										error: T tangent signs only reached 7 / 8 minima; retcode=Success
-0.53015075	-38.71859296										error: T tangent signs only reached 7 / 8 minima; retcode=Success
-0.52512563	-38.71859296										error: T tangent signs only reached 7 / 8 minima; retcode=Success
-0.52010050	-38.71859296										error: T tangent signs only reached 7 / 8 minima; retcode=Success
-0.51507538	-38.71859296										error: T tangent signs only reached 7 / 8 minima; retcode=Success
-0.51005025	-38.71859296										error: T tangent signs only reached 7 / 8 minima; retcode=Success
-0.50502513	-38.71859296										error: T tangent signs only reached 7 / 8 minima; retcode=Success
-0.50000000	-38.71859296										error: T tangent signs only reached 7 / 8 minima; retcode=Success
