alpha	lambda	critical_state	critical_kind	critical_source	critical_theta	critical_theta_dx	critical_theta_dxx	critical_refine_mode	critical_scan_mode	critical_refine_input_x	critical_scan_best_x	critical_scan_left_x	critical_scan_right_x	critical_scan_spacing	critical_trace_len	critical_bracketed	absxmax_count	absxmax_dot_values	status
0.700000	0.200000			failed	NaN	NaN	NaN	failed	none	NaN	NaN	NaN	NaN	NaN	0	false	0		critical_fail
0.700000	0.202806			failed	NaN	NaN	NaN	failed	none	NaN	NaN	NaN	NaN	NaN	0	false	0		critical_fail
0.700000	0.205611			failed	NaN	NaN	NaN	failed	none	NaN	NaN	NaN	NaN	NaN	0	false	0		critical_fail
0.700000	0.208417			failed	NaN	NaN	NaN	failed	none	NaN	NaN	NaN	NaN	NaN	0	false	0		critical_fail
0.700000	0.211222			failed	NaN	NaN	NaN	failed	none	NaN	NaN	NaN	NaN	NaN	0	false	0		critical_fail
0.700000	0.214028			failed	NaN	NaN	NaN	failed	none	NaN	NaN	NaN	NaN	NaN	0	false	0		critical_fail
0.700000	0.216834			failed	NaN	NaN	NaN	failed	none	NaN	NaN	NaN	NaN	NaN	0	false	0		critical_fail
0.700000	0.219639			failed	NaN	NaN	NaN	failed	none	NaN	NaN	NaN	NaN	NaN	0	false	0		critical_fail
0.700000	0.222445			failed	NaN	NaN	NaN	failed	none	NaN	NaN	NaN	NaN	NaN	0	false	0		critical_fail
0.700000	0.225251			failed	NaN	NaN	NaN	failed	none	NaN	NaN	NaN	NaN	NaN	0	false	0		critical_fail
0.700000	0.228056			failed	NaN	NaN	NaN	failed	none	NaN	NaN	NaN	NaN	NaN	0	false	0		critical_fail
0.700000	0.230862			failed	NaN	NaN	NaN	failed	none	NaN	NaN	NaN	NaN	NaN	0	false	0		critical_fail
0.700000	0.233667			failed	NaN	NaN	NaN	failed	none	NaN	NaN	NaN	NaN	NaN	0	false	0		critical_fail
0.700000	0.236473			failed	NaN	NaN	NaN	failed	none	NaN	NaN	NaN	NaN	NaN	0	false	0		critical_fail
0.700000	0.239279			failed	NaN	NaN	NaN	failed	none	NaN	NaN	NaN	NaN	NaN	0	false	0		critical_fail
0.700000	0.242084			failed	NaN	NaN	NaN	failed	none	NaN	NaN	NaN	NaN	NaN	0	false	0		critical_fail
0.700000	0.244890			failed	NaN	NaN	NaN	failed	none	NaN	NaN	NaN	NaN	NaN	0	false	0		critical_fail
0.700000	0.247695			failed	NaN	NaN	NaN	failed	none	NaN	NaN	NaN	NaN	NaN	0	false	0		critical_fail
0.700000	0.250501			failed	NaN	NaN	NaN	failed	none	NaN	NaN	NaN	NaN	NaN	0	false	0		critical_fail
0.700000	0.253307			failed	NaN	NaN	NaN	failed	none	NaN	NaN	NaN	NaN	NaN	0	false	0		critical_fail
0.700000	0.256112			failed	NaN	NaN	NaN	failed	none	NaN	NaN	NaN	NaN	NaN	0	false	0		critical_fail
0.700000	0.258918			failed	NaN	NaN	NaN	failed	none	NaN	NaN	NaN	NaN	NaN	0	false	0		critical_fail
0.700000	0.261723			failed	NaN	NaN	NaN	failed	none	NaN	NaN	NaN	NaN	NaN	0	false	0		critical_fail
0.700000	0.264529			failed	NaN	NaN	NaN	failed	none	NaN	NaN	NaN	NaN	NaN	0	false	0		critical_fail
0.700000	0.267335			failed	NaN	NaN	NaN	failed	none	NaN	NaN	NaN	NaN	NaN	0	false	0		critical_fail
0.700000	0.270140			failed	NaN	NaN	NaN	failed	none	NaN	NaN	NaN	NaN	NaN	0	false	0		critical_fail
0.700000	0.272946			failed	NaN	NaN	NaN	failed	none	NaN	NaN	NaN	NaN	NaN	0	false	0		critical_fail
0.700000	0.275752			failed	NaN	NaN	NaN	failed	none	NaN	NaN	NaN	NaN	NaN	0	false	0		critical_fail
0.700000	0.278557			failed	NaN	NaN	NaN	failed	none	NaN	NaN	NaN	NaN	NaN	0	false	0		critical_fail
0.700000	0.281363			failed	NaN	NaN	NaN	failed	none	NaN	NaN	NaN	NaN	NaN	0	false	0		critical_fail
0.700000	0.284168			failed	NaN	NaN	NaN	failed	none	NaN	NaN	NaN	NaN	NaN	0	false	0		critical_fail
0.700000	0.286974			failed	NaN	NaN	NaN	failed	none	NaN	NaN	NaN	NaN	NaN	0	false	0		critical_fail
0.700000	0.289780			failed	NaN	NaN	NaN	failed	none	NaN	NaN	NaN	NaN	NaN	0	false	0		critical_fail
0.700000	0.292585			failed	NaN	NaN	NaN	failed	none	NaN	NaN	NaN	NaN	NaN	0	false	0		critical_fail
0.700000	0.295391			failed	NaN	NaN	NaN	failed	none	NaN	NaN	NaN	NaN	NaN	0	false	0		critical_fail
0.700000	0.298196			failed	NaN	NaN	NaN	failed	none	NaN	NaN	NaN	NaN	NaN	0	false	0		critical_fail
0.700000	0.301002			failed	NaN	NaN	NaN	failed	none	NaN	NaN	NaN	NaN	NaN	0	false	0		critical_fail
0.700000	0.303808			failed	NaN	NaN	NaN	failed	none	NaN	NaN	NaN	NaN	NaN	0	false	0		critical_fail
0.700000	0.306613			failed	NaN	NaN	NaN	failed	none	NaN	NaN	NaN	NaN	NaN	0	false	0		critical_fail
0.700000	0.309419			failed	NaN	NaN	NaN	failed	none	NaN	NaN	NaN	NaN	NaN	0	false	0		critical_fail
0.700000	0.312224			failed	NaN	NaN	NaN	failed	none	NaN	NaN	NaN	NaN	NaN	0	false	0		critical_fail
0.700000	0.315030			failed	NaN	NaN	NaN	failed	none	NaN	NaN	NaN	NaN	NaN	0	false	0		critical_fail
0.700000	0.317836			failed	NaN	NaN	NaN	failed	none	NaN	NaN	NaN	NaN	NaN	0	false	0		critical_fail
0.700000	0.320641			failed	NaN	NaN	NaN	failed	none	NaN	NaN	NaN	NaN	NaN	0	false	0		critical_fail
0.700000	0.323447			failed	NaN	NaN	NaN	failed	none	NaN	NaN	NaN	NaN	NaN	0	false	0		critical_fail
0.700000	0.326253			failed	NaN	NaN	NaN	failed	none	NaN	NaN	NaN	NaN	NaN	0	false	0		critical_fail
0.700000	0.329058			failed	NaN	NaN	NaN	failed	none	NaN	NaN	NaN	NaN	NaN	0	false	0		critical_fail
0.700000	0.331864			failed	NaN	NaN	NaN	failed	none	NaN	NaN	NaN	NaN	NaN	0	false	0		critical_fail
0.700000	0.334669			failed	NaN	NaN	NaN	failed	none	NaN	NaN	NaN	NaN	NaN	0	false	0		critical_fail
0.700000	0.337475			failed	NaN	NaN	NaN	failed	none	NaN	NaN	NaN	NaN	NaN	0	false	0		critical_fail
0.700000	0.340281			failed	NaN	NaN	NaN	failed	none	NaN	NaN	NaN	NaN	NaN	0	false	0		critical_fail
0.700000	0.343086			failed	NaN	NaN	NaN	failed	none	NaN	NaN	NaN	NaN	NaN	0	false	0		critical_fail
0.700000	0.345892			failed	NaN	NaN	NaN	failed	none	NaN	NaN	NaN	NaN	NaN	0	false	0		critical_fail
0.700000	0.348697			failed	NaN	NaN	NaN	failed	none	NaN	NaN	NaN	NaN	NaN	0	false	0		critical_fail
0.700000	0.351503			failed	NaN	NaN	NaN	failed	none	NaN	NaN	NaN	NaN	NaN	0	false	0		critical_fail
0.700000	0.354309			failed	NaN	NaN	NaN	failed	none	NaN	NaN	NaN	NaN	NaN	0	false	0		critical_fail
0.700000	0.357114			failed	NaN	NaN	NaN	failed	none	NaN	NaN	NaN	NaN	NaN	0	false	0		critical_fail
0.700000	0.359920			failed	NaN	NaN	NaN	failed	none	NaN	NaN	NaN	NaN	NaN	0	false	0		critical_fail
0.700000	0.362725			failed	NaN	NaN	NaN	failed	none	NaN	NaN	NaN	NaN	NaN	0	false	0		critical_fail
0.700000	0.365531			failed	NaN	NaN	NaN	failed	none	NaN	NaN	NaN	NaN	NaN	0	false	0		critical_fail
0.700000	0.368337			failed	NaN	NaN	NaN	failed	none	NaN	NaN	NaN	NaN	NaN	0	false	0		critical_fail
0.700000	0.371142			failed	NaN	NaN	NaN	failed	none	NaN	NaN	NaN	NaN	NaN	0	false	0		critical_fail
0.700000	0.373948			failed	NaN	NaN	NaN	failed	none	NaN	NaN	NaN	NaN	NaN	0	false	0		critical_fail
0.700000	0.376754			failed	NaN	NaN	NaN	failed	none	NaN	NaN	NaN	NaN	NaN	0	false	0		critical_fail
0.700000	0.379559			failed	NaN	NaN	NaN	failed	none	NaN	NaN	NaN	NaN	NaN	0	false	0		critical_fail
0.700000	0.382365			failed	NaN	NaN	NaN	failed	none	NaN	NaN	NaN	NaN	NaN	0	false	0		critical_fail
0.700000	0.385170			failed	NaN	NaN	NaN	failed	none	NaN	NaN	NaN	NaN	NaN	0	false	0		critical_fail
0.700000	0.387976			failed	NaN	NaN	NaN	failed	none	NaN	NaN	NaN	NaN	NaN	0	false	0		critical_fail
0.700000	0.390782			failed	NaN	NaN	NaN	failed	none	NaN	NaN	NaN	NaN	NaN	0	false	0		critical_fail
0.700000	0.393587			failed	NaN	NaN	NaN	failed	none	NaN	NaN	NaN	NaN	NaN	0	false	0		critical_fail
0.700000	0.396393			failed	NaN	NaN	NaN	failed	none	NaN	NaN	NaN	NaN	NaN	0	false	0		critical_fail
0.700000	0.399198			failed	NaN	NaN	NaN	failed	none	NaN	NaN	NaN	NaN	NaN	0	false	0		critical_fail
0.700000	0.402004			failed	NaN	NaN	NaN	failed	none	NaN	NaN	NaN	NaN	NaN	0	false	0		critical_fail
0.700000	0.404810			failed	NaN	NaN	NaN	failed	none	NaN	NaN	NaN	NaN	NaN	0	false	0		critical_fail
0.700000	0.407615			failed	NaN	NaN	NaN	failed	none	NaN	NaN	NaN	NaN	NaN	0	false	0		critical_fail
0.700000	0.410421			failed	NaN	NaN	NaN	failed	none	NaN	NaN	NaN	NaN	NaN	0	false	0		critical_fail
0.700000	0.413226			failed	NaN	NaN	NaN	failed	none	NaN	NaN	NaN	NaN	NaN	0	false	0		critical_fail
0.700000	0.416032			failed	NaN	NaN	NaN	failed	none	NaN	NaN	NaN	NaN	NaN	0	false	0		critical_fail
0.700000	0.418838			failed	NaN	NaN	NaN	failed	none	NaN	NaN	NaN	NaN	NaN	0	false	0		critical_fail
0.700000	0.421643			failed	NaN	NaN	NaN	failed	none	NaN	NaN	NaN	NaN	NaN	0	false	0		critical_fail
0.700000	0.424449			failed	NaN	NaN	NaN	failed	none	NaN	NaN	NaN	NaN	NaN	0	false	0		critical_fail
0.700000	0.427255			failed	NaN	NaN	NaN	failed	none	NaN	NaN	NaN	NaN	NaN	0	false	0		critical_fail
0.700000	0.430060			failed	NaN	NaN	NaN	failed	none	NaN	NaN	NaN	NaN	NaN	0	false	0		critical_fail
0.700000	0.432866			failed	NaN	NaN	NaN	failed	none	NaN	NaN	NaN	NaN	NaN	0	false	0		critical_fail
0.700000	0.435671			failed	NaN	NaN	NaN	failed	none	NaN	NaN	NaN	NaN	NaN	0	false	0		critical_fail
0.700000	0.438477			failed	NaN	NaN	NaN	failed	none	NaN	NaN	NaN	NaN	NaN	0	false	0		critical_fail
0.700000	0.441283			failed	NaN	NaN	NaN	failed	none	NaN	NaN	NaN	NaN	NaN	0	false	0		critical_fail
0.700000	0.444088			failed	NaN	NaN	NaN	failed	none	NaN	NaN	NaN	NaN	NaN	0	false	0		critical_fail
0.700000	0.446894			failed	NaN	NaN	NaN	failed	none	NaN	NaN	NaN	NaN	NaN	0	false	0		critical_fail
0.700000	0.449699			failed	NaN	NaN	NaN	failed	none	NaN	NaN	NaN	NaN	NaN	0	false	0		critical_fail
0.700000	0.452505			failed	NaN	NaN	NaN	failed	none	NaN	NaN	NaN	NaN	NaN	0	false	0		critical_fail
0.700000	0.455311			failed	NaN	NaN	NaN	failed	none	NaN	NaN	NaN	NaN	NaN	0	false	0		critical_fail
0.700000	0.458116			failed	NaN	NaN	NaN	failed	none	NaN	NaN	NaN	NaN	NaN	0	false	0		critical_fail
0.700000	0.460922			failed	NaN	NaN	NaN	failed	none	NaN	NaN	NaN	NaN	NaN	0	false	0		critical_fail
0.700000	0.463727			failed	NaN	NaN	NaN	failed	none	NaN	NaN	NaN	NaN	NaN	0	false	0		critical_fail
0.700000	0.466533			failed	NaN	NaN	NaN	failed	none	NaN	NaN	NaN	NaN	NaN	0	false	0		critical_fail
0.700000	0.469339			failed	NaN	NaN	NaN	failed	none	NaN	NaN	NaN	NaN	NaN	0	false	0		critical_fail
0.700000	0.472144			failed	NaN	NaN	NaN	failed	none	NaN	NaN	NaN	NaN	NaN	0	false	0		critical_fail
0.700000	0.474950			failed	NaN	NaN	NaN	failed	none	NaN	NaN	NaN	NaN	NaN	0	false	0		critical_fail
0.700000	0.477756			failed	NaN	NaN	NaN	failed	none	NaN	NaN	NaN	NaN	NaN	0	false	0		critical_fail
0.700000	0.480561			failed	NaN	NaN	NaN	failed	none	NaN	NaN	NaN	NaN	NaN	0	false	0		critical_fail
0.700000	0.483367			failed	NaN	NaN	NaN	failed	none	NaN	NaN	NaN	NaN	NaN	0	false	0		critical_fail
0.700000	0.486172			failed	NaN	NaN	NaN	failed	none	NaN	NaN	NaN	NaN	NaN	0	false	0		critical_fail
0.700000	0.488978			failed	NaN	NaN	NaN	failed	none	NaN	NaN	NaN	NaN	NaN	0	false	0		critical_fail
0.700000	0.491784			failed	NaN	NaN	NaN	failed	none	NaN	NaN	NaN	NaN	NaN	0	false	0		critical_fail
0.700000	0.494589			failed	NaN	NaN	NaN	failed	none	NaN	NaN	NaN	NaN	NaN	0	false	0		critical_fail
0.700000	0.497395			failed	NaN	NaN	NaN	failed	none	NaN	NaN	NaN	NaN	NaN	0	false	0		critical_fail
0.700000	0.500200			failed	NaN	NaN	NaN	failed	none	NaN	NaN	NaN	NaN	NaN	0	false	0		critical_fail
0.700000	0.503006			failed	NaN	NaN	NaN	failed	none	NaN	NaN	NaN	NaN	NaN	0	false	0		critical_fail
0.700000	0.505812			failed	NaN	NaN	NaN	failed	none	NaN	NaN	NaN	NaN	NaN	0	false	0		critical_fail
0.700000	0.508617			failed	NaN	NaN	NaN	failed	none	NaN	NaN	NaN	NaN	NaN	0	false	0		critical_fail
0.700000	0.511423			failed	NaN	NaN	NaN	failed	none	NaN	NaN	NaN	NaN	NaN	0	false	0		critical_fail
0.700000	0.514228			failed	NaN	NaN	NaN	failed	none	NaN	NaN	NaN	NaN	NaN	0	false	0		critical_fail
0.700000	0.517034			failed	NaN	NaN	NaN	failed	none	NaN	NaN	NaN	NaN	NaN	0	false	0		critical_fail
0.700000	0.519840			failed	NaN	NaN	NaN	failed	none	NaN	NaN	NaN	NaN	NaN	0	false	0		critical_fail
0.700000	0.522645			failed	NaN	NaN	NaN	failed	none	NaN	NaN	NaN	NaN	NaN	0	false	0		critical_fail
0.700000	0.525451			failed	NaN	NaN	NaN	failed	none	NaN	NaN	NaN	NaN	NaN	0	false	0		critical_fail
0.700000	0.528257			failed	NaN	NaN	NaN	failed	none	NaN	NaN	NaN	NaN	NaN	0	false	0		critical_fail
0.700000	0.531062			failed	NaN	NaN	NaN	failed	none	NaN	NaN	NaN	NaN	NaN	0	false	0		critical_fail
0.700000	0.533868			failed	NaN	NaN	NaN	failed	none	NaN	NaN	NaN	NaN	NaN	0	false	0		critical_fail
0.700000	0.536673			failed	NaN	NaN	NaN	failed	none	NaN	NaN	NaN	NaN	NaN	0	false	0		critical_fail
0.700000	0.539479			failed	NaN	NaN	NaN	failed	none	NaN	NaN	NaN	NaN	NaN	0	false	0		critical_fail
0.700000	0.542285			failed	NaN	NaN	NaN	failed	none	NaN	NaN	NaN	NaN	NaN	0	false	0		critical_fail
0.700000	0.545090			failed	NaN	NaN	NaN	failed	none	NaN	NaN	NaN	NaN	NaN	0	false	0		critical_fail
0.700000	0.547896			failed	NaN	NaN	NaN	failed	none	NaN	NaN	NaN	NaN	NaN	0	false	0		critical_fail
0.700000	0.550701			failed	NaN	NaN	NaN	failed	none	NaN	NaN	NaN	NaN	NaN	0	false	0		critical_fail
0.700000	0.553507			failed	NaN	NaN	NaN	failed	none	NaN	NaN	NaN	NaN	NaN	0	false	0		critical_fail
0.700000	0.556313			failed	NaN	NaN	NaN	failed	none	NaN	NaN	NaN	NaN	NaN	0	false	0		critical_fail
0.700000	0.559118			failed	NaN	NaN	NaN	failed	none	NaN	NaN	NaN	NaN	NaN	0	false	0		critical_fail
0.700000	0.561924			failed	NaN	NaN	NaN	failed	none	NaN	NaN	NaN	NaN	NaN	0	false	0		critical_fail
0.700000	0.564729			failed	NaN	NaN	NaN	failed	none	NaN	NaN	NaN	NaN	NaN	0	false	0		critical_fail
0.700000	0.567535			failed	NaN	NaN	NaN	failed	none	NaN	NaN	NaN	NaN	NaN	0	false	0		critical_fail
0.700000	0.570341			failed	NaN	NaN	NaN	failed	none	NaN	NaN	NaN	NaN	NaN	0	false	0		critical_fail
0.700000	0.573146			failed	NaN	NaN	NaN	failed	none	NaN	NaN	NaN	NaN	NaN	0	false	0		critical_fail
0.700000	0.575952			failed	NaN	NaN	NaN	failed	none	NaN	NaN	NaN	NaN	NaN	0	false	0		critical_fail
0.700000	0.578758			failed	NaN	NaN	NaN	failed	none	NaN	NaN	NaN	NaN	NaN	0	false	0		critical_fail
0.700000	0.581563			failed	NaN	NaN	NaN	failed	none	NaN	NaN	NaN	NaN	NaN	0	false	0		critical_fail
0.700000	0.584369			failed	NaN	NaN	NaN	failed	none	NaN	NaN	NaN	NaN	NaN	0	false	0		critical_fail
0.700000	0.587174			failed	NaN	NaN	NaN	failed	none	NaN	NaN	NaN	NaN	NaN	0	false	0		critical_fail
0.700000	0.589980			failed	NaN	NaN	NaN	failed	none	NaN	NaN	NaN	NaN	NaN	0	false	0		critical_fail
0.700000	0.592786			failed	NaN	NaN	NaN	failed	none	NaN	NaN	NaN	NaN	NaN	0	false	0		critical_fail
0.700000	0.595591			failed	NaN	NaN	NaN	failed	none	NaN	NaN	NaN	NaN	NaN	0	false	0		critical_fail
0.700000	0.598397			failed	NaN	NaN	NaN	failed	none	NaN	NaN	NaN	NaN	NaN	0	false	0		critical_fail
0.700000	0.601202			failed	NaN	NaN	NaN	failed	none	NaN	NaN	NaN	NaN	NaN	0	false	0		critical_fail
0.700000	0.604008			failed	NaN	NaN	NaN	failed	none	NaN	NaN	NaN	NaN	NaN	0	false	0		critical_fail
0.700000	0.606814			failed	NaN	NaN	NaN	failed	none	NaN	NaN	NaN	NaN	NaN	0	false	0		critical_fail
0.700000	0.609619			failed	NaN	NaN	NaN	failed	none	NaN	NaN	NaN	NaN	NaN	0	false	0		critical_fail
0.700000	0.612425			failed	NaN	NaN	NaN	failed	none	NaN	NaN	NaN	NaN	NaN	0	false	0		critical_fail
0.700000	0.615230			failed	NaN	NaN	NaN	failed	none	NaN	NaN	NaN	NaN	NaN	0	false	0		critical_fail
0.700000	0.618036			failed	NaN	NaN	NaN	failed	none	NaN	NaN	NaN	NaN	NaN	0	false	0		critical_fail
0.700000	0.620842			failed	NaN	NaN	NaN	failed	none	NaN	NaN	NaN	NaN	NaN	0	false	0		critical_fail
0.700000	0.623647			failed	NaN	NaN	NaN	failed	none	NaN	NaN	NaN	NaN	NaN	0	false	0		critical_fail
0.700000	0.626453			failed	NaN	NaN	NaN	failed	none	NaN	NaN	NaN	NaN	NaN	0	false	0		critical_fail
0.700000	0.629259			failed	NaN	NaN	NaN	failed	none	NaN	NaN	NaN	NaN	NaN	0	false	0		critical_fail
0.700000	0.632064			failed	NaN	NaN	NaN	failed	none	NaN	NaN	NaN	NaN	NaN	0	false	0		critical_fail
0.700000	0.634870			failed	NaN	NaN	NaN	failed	none	NaN	NaN	NaN	NaN	NaN	0	false	0		critical_fail
0.700000	0.637675			failed	NaN	NaN	NaN	failed	none	NaN	NaN	NaN	NaN	NaN	0	false	0		critical_fail
0.700000	0.640481			failed	NaN	NaN	NaN	failed	none	NaN	NaN	NaN	NaN	NaN	0	false	0		critical_fail
0.700000	0.643287			failed	NaN	NaN	NaN	failed	none	NaN	NaN	NaN	NaN	NaN	0	false	0		critical_fail
0.700000	0.646092			failed	NaN	NaN	NaN	failed	none	NaN	NaN	NaN	NaN	NaN	0	false	0		critical_fail
0.700000	0.648898			failed	NaN	NaN	NaN	failed	none	NaN	NaN	NaN	NaN	NaN	0	false	0		critical_fail
0.700000	0.651703			failed	NaN	NaN	NaN	failed	none	NaN	NaN	NaN	NaN	NaN	0	false	0		critical_fail
0.700000	0.654509			failed	NaN	NaN	NaN	failed	none	NaN	NaN	NaN	NaN	NaN	0	false	0		critical_fail
0.700000	0.657315			failed	NaN	NaN	NaN	failed	none	NaN	NaN	NaN	NaN	NaN	0	false	0		critical_fail
0.700000	0.660120			failed	NaN	NaN	NaN	failed	none	NaN	NaN	NaN	NaN	NaN	0	false	0		critical_fail
0.700000	0.662926			failed	NaN	NaN	NaN	failed	none	NaN	NaN	NaN	NaN	NaN	0	false	0		critical_fail
0.700000	0.665731			failed	NaN	NaN	NaN	failed	none	NaN	NaN	NaN	NaN	NaN	0	false	0		critical_fail
0.700000	0.668537			failed	NaN	NaN	NaN	failed	none	NaN	NaN	NaN	NaN	NaN	0	false	0		critical_fail
0.700000	0.671343			failed	NaN	NaN	NaN	failed	none	NaN	NaN	NaN	NaN	NaN	0	false	0		critical_fail
0.700000	0.674148			failed	NaN	NaN	NaN	failed	none	NaN	NaN	NaN	NaN	NaN	0	false	0		critical_fail
0.700000	0.676954			failed	NaN	NaN	NaN	failed	none	NaN	NaN	NaN	NaN	NaN	0	false	0		critical_fail
0.700000	0.679760			failed	NaN	NaN	NaN	failed	none	NaN	NaN	NaN	NaN	NaN	0	false	0		critical_fail
0.700000	0.682565			failed	NaN	NaN	NaN	failed	none	NaN	NaN	NaN	NaN	NaN	0	false	0		critical_fail
0.700000	0.685371			failed	NaN	NaN	NaN	failed	none	NaN	NaN	NaN	NaN	NaN	0	false	0		critical_fail
0.700000	0.688176			failed	NaN	NaN	NaN	failed	none	NaN	NaN	NaN	NaN	NaN	0	false	0		critical_fail
0.700000	0.690982			failed	NaN	NaN	NaN	failed	none	NaN	NaN	NaN	NaN	NaN	0	false	0		critical_fail
0.700000	0.693788			failed	NaN	NaN	NaN	failed	none	NaN	NaN	NaN	NaN	NaN	0	false	0		critical_fail
0.700000	0.696593			failed	NaN	NaN	NaN	failed	none	NaN	NaN	NaN	NaN	NaN	0	false	0		critical_fail
0.700000	0.699399			failed	NaN	NaN	NaN	failed	none	NaN	NaN	NaN	NaN	NaN	0	false	0		critical_fail
0.700000	0.702204			failed	NaN	NaN	NaN	failed	none	NaN	NaN	NaN	NaN	NaN	0	false	0		critical_fail
0.700000	0.705010			failed	NaN	NaN	NaN	failed	none	NaN	NaN	NaN	NaN	NaN	0	false	0		critical_fail
0.700000	0.707816			failed	NaN	NaN	NaN	failed	none	NaN	NaN	NaN	NaN	NaN	0	false	0		critical_fail
0.700000	0.710621			failed	NaN	NaN	NaN	failed	none	NaN	NaN	NaN	NaN	NaN	0	false	0		critical_fail
0.700000	0.713427			failed	NaN	NaN	NaN	failed	none	NaN	NaN	NaN	NaN	NaN	0	false	0		critical_fail
0.700000	0.716232			failed	NaN	NaN	NaN	failed	none	NaN	NaN	NaN	NaN	NaN	0	false	0		critical_fail
0.700000	0.719038			failed	NaN	NaN	NaN	failed	none	NaN	NaN	NaN	NaN	NaN	0	false	0		critical_fail
0.700000	0.721844			failed	NaN	NaN	NaN	failed	none	NaN	NaN	NaN	NaN	NaN	0	false	0		critical_fail
0.700000	0.724649			failed	NaN	NaN	NaN	failed	none	NaN	NaN	NaN	NaN	NaN	0	false	0		critical_fail
0.700000	0.727455			failed	NaN	NaN	NaN	failed	none	NaN	NaN	NaN	NaN	NaN	0	false	0		critical_fail
0.700000	0.730261			failed	NaN	NaN	NaN	failed	none	NaN	NaN	NaN	NaN	NaN	0	false	0		critical_fail
0.700000	0.733066			failed	NaN	NaN	NaN	failed	none	NaN	NaN	NaN	NaN	NaN	0	false	0		critical_fail
0.700000	0.735872			failed	NaN	NaN	NaN	failed	none	NaN	NaN	NaN	NaN	NaN	0	false	0		critical_fail
0.700000	0.738677			failed	NaN	NaN	NaN	failed	none	NaN	NaN	NaN	NaN	NaN	0	false	0		critical_fail
0.700000	0.741483			failed	NaN	NaN	NaN	failed	none	NaN	NaN	NaN	NaN	NaN	0	false	0		critical_fail
0.700000	0.744289			failed	NaN	NaN	NaN	failed	none	NaN	NaN	NaN	NaN	NaN	0	false	0		critical_fail
0.700000	0.747094			failed	NaN	NaN	NaN	failed	none	NaN	NaN	NaN	NaN	NaN	0	false	0		critical_fail
0.700000	0.749900			failed	NaN	NaN	NaN	failed	none	NaN	NaN	NaN	NaN	NaN	0	false	0		critical_fail
0.700000	0.752705			failed	NaN	NaN	NaN	failed	none	NaN	NaN	NaN	NaN	NaN	0	false	0		critical_fail
0.700000	0.755511			failed	NaN	NaN	NaN	failed	none	NaN	NaN	NaN	NaN	NaN	0	false	0		critical_fail
0.700000	0.758317			failed	NaN	NaN	NaN	failed	none	NaN	NaN	NaN	NaN	NaN	0	false	0		critical_fail
0.700000	0.761122			failed	NaN	NaN	NaN	failed	none	NaN	NaN	NaN	NaN	NaN	0	false	0		critical_fail
0.700000	0.763928			failed	NaN	NaN	NaN	failed	none	NaN	NaN	NaN	NaN	NaN	0	false	0		critical_fail
0.700000	0.766733			failed	NaN	NaN	NaN	failed	none	NaN	NaN	NaN	NaN	NaN	0	false	0		critical_fail
0.700000	0.769539			failed	NaN	NaN	NaN	failed	none	NaN	NaN	NaN	NaN	NaN	0	false	0		critical_fail
0.700000	0.772345			failed	NaN	NaN	NaN	failed	none	NaN	NaN	NaN	NaN	NaN	0	false	0		critical_fail
0.700000	0.775150			failed	NaN	NaN	NaN	failed	none	NaN	NaN	NaN	NaN	NaN	0	false	0		critical_fail
0.700000	0.777956			failed	NaN	NaN	NaN	failed	none	NaN	NaN	NaN	NaN	NaN	0	false	0		critical_fail
0.700000	0.780762			failed	NaN	NaN	NaN	failed	none	NaN	NaN	NaN	NaN	NaN	0	false	0		critical_fail
0.700000	0.783567			failed	NaN	NaN	NaN	failed	none	NaN	NaN	NaN	NaN	NaN	0	false	0		critical_fail
0.700000	0.786373			failed	NaN	NaN	NaN	failed	none	NaN	NaN	NaN	NaN	NaN	0	false	0		critical_fail
0.700000	0.789178			failed	NaN	NaN	NaN	failed	none	NaN	NaN	NaN	NaN	NaN	0	false	0		critical_fail
0.700000	0.791984			failed	NaN	NaN	NaN	failed	none	NaN	NaN	NaN	NaN	NaN	0	false	0		critical_fail
0.700000	0.794790			failed	NaN	NaN	NaN	failed	none	NaN	NaN	NaN	NaN	NaN	0	false	0		critical_fail
0.700000	0.797595			failed	NaN	NaN	NaN	failed	none	NaN	NaN	NaN	NaN	NaN	0	false	0		critical_fail
0.700000	0.800401			failed	NaN	NaN	NaN	failed	none	NaN	NaN	NaN	NaN	NaN	0	false	0		critical_fail
0.700000	0.803206			failed	NaN	NaN	NaN	failed	none	NaN	NaN	NaN	NaN	NaN	0	false	0		critical_fail
0.700000	0.806012			failed	NaN	NaN	NaN	failed	none	NaN	NaN	NaN	NaN	NaN	0	false	0		critical_fail
0.700000	0.808818			failed	NaN	NaN	NaN	failed	none	NaN	NaN	NaN	NaN	NaN	0	false	0		critical_fail
0.700000	0.811623			failed	NaN	NaN	NaN	failed	none	NaN	NaN	NaN	NaN	NaN	0	false	0		critical_fail
0.700000	0.814429			failed	NaN	NaN	NaN	failed	none	NaN	NaN	NaN	NaN	NaN	0	false	0		critical_fail
0.700000	0.817234			failed	NaN	NaN	NaN	failed	none	NaN	NaN	NaN	NaN	NaN	0	false	0		critical_fail
0.700000	0.820040			failed	NaN	NaN	NaN	failed	none	NaN	NaN	NaN	NaN	NaN	0	false	0		critical_fail
0.700000	0.822846			failed	NaN	NaN	NaN	failed	none	NaN	NaN	NaN	NaN	NaN	0	false	0		critical_fail
0.700000	0.825651			failed	NaN	NaN	NaN	failed	none	NaN	NaN	NaN	NaN	NaN	0	false	0		critical_fail
0.700000	0.828457			failed	NaN	NaN	NaN	failed	none	NaN	NaN	NaN	NaN	NaN	0	false	0		critical_fail
0.700000	0.831263			failed	NaN	NaN	NaN	failed	none	NaN	NaN	NaN	NaN	NaN	0	false	0		critical_fail
0.700000	0.834068			failed	NaN	NaN	NaN	failed	none	NaN	NaN	NaN	NaN	NaN	0	false	0		critical_fail
0.700000	0.836874			failed	NaN	NaN	NaN	failed	none	NaN	NaN	NaN	NaN	NaN	0	false	0		critical_fail
0.700000	0.839679			failed	NaN	NaN	NaN	failed	none	NaN	NaN	NaN	NaN	NaN	0	false	0		critical_fail
0.700000	0.842485			failed	NaN	NaN	NaN	failed	none	NaN	NaN	NaN	NaN	NaN	0	false	0		critical_fail
0.700000	0.845291			failed	NaN	NaN	NaN	failed	none	NaN	NaN	NaN	NaN	NaN	0	false	0		critical_fail
0.700000	0.848096			failed	NaN	NaN	NaN	failed	none	NaN	NaN	NaN	NaN	NaN	0	false	0		critical_fail
0.700000	0.850902			failed	NaN	NaN	NaN	failed	none	NaN	NaN	NaN	NaN	NaN	0	false	0		critical_fail
0.700000	0.853707			failed	NaN	NaN	NaN	failed	none	NaN	NaN	NaN	NaN	NaN	0	false	0		critical_fail
0.700000	0.856513			failed	NaN	NaN	NaN	failed	none	NaN	NaN	NaN	NaN	NaN	0	false	0		critical_fail
0.700000	0.859319			failed	NaN	NaN	NaN	failed	none	NaN	NaN	NaN	NaN	NaN	0	false	0		critical_fail
0.700000	0.862124			failed	NaN	NaN	NaN	failed	none	NaN	NaN	NaN	NaN	NaN	0	false	0		critical_fail
0.700000	0.864930			failed	NaN	NaN	NaN	failed	none	NaN	NaN	NaN	NaN	NaN	0	false	0		critical_fail
0.700000	0.867735			failed	NaN	NaN	NaN	failed	none	NaN	NaN	NaN	NaN	NaN	0	false	0		critical_fail
0.700000	0.870541			failed	NaN	NaN	NaN	failed	none	NaN	NaN	NaN	NaN	NaN	0	false	0		critical_fail
0.700000	0.873347			failed	NaN	NaN	NaN	failed	none	NaN	NaN	NaN	NaN	NaN	0	false	0		critical_fail
0.700000	0.876152			failed	NaN	NaN	NaN	failed	none	NaN	NaN	NaN	NaN	NaN	0	false	0		critical_fail
0.700000	0.878958			failed	NaN	NaN	NaN	failed	none	NaN	NaN	NaN	NaN	NaN	0	false	0		critical_fail
0.700000	0.881764			failed	NaN	NaN	NaN	failed	none	NaN	NaN	NaN	NaN	NaN	0	false	0		critical_fail
0.700000	0.884569			failed	NaN	NaN	NaN	failed	none	NaN	NaN	NaN	NaN	NaN	0	false	0		critical_fail
0.700000	0.887375			failed	NaN	NaN	NaN	failed	none	NaN	NaN	NaN	NaN	NaN	0	false	0		critical_fail
0.700000	0.890180			failed	NaN	NaN	NaN	failed	none	NaN	NaN	NaN	NaN	NaN	0	false	0		critical_fail
0.700000	0.892986			failed	NaN	NaN	NaN	failed	none	NaN	NaN	NaN	NaN	NaN	0	false	0		critical_fail
0.700000	0.895792			failed	NaN	NaN	NaN	failed	none	NaN	NaN	NaN	NaN	NaN	0	false	0		critical_fail
0.700000	0.898597			failed	NaN	NaN	NaN	failed	none	NaN	NaN	NaN	NaN	NaN	0	false	0		critical_fail
0.700000	0.901403			failed	NaN	NaN	NaN	failed	none	NaN	NaN	NaN	NaN	NaN	0	false	0		critical_fail
0.700000	0.904208			failed	NaN	NaN	NaN	failed	none	NaN	NaN	NaN	NaN	NaN	0	false	0		critical_fail
0.700000	0.907014			failed	NaN	NaN	NaN	failed	none	NaN	NaN	NaN	NaN	NaN	0	false	0		critical_fail
0.700000	0.909820			failed	NaN	NaN	NaN	failed	none	NaN	NaN	NaN	NaN	NaN	0	false	0		critical_fail
0.700000	0.912625			failed	NaN	NaN	NaN	failed	none	NaN	NaN	NaN	NaN	NaN	0	false	0		critical_fail
0.700000	0.915431			failed	NaN	NaN	NaN	failed	none	NaN	NaN	NaN	NaN	NaN	0	false	0		critical_fail
0.700000	0.918236			failed	NaN	NaN	NaN	failed	none	NaN	NaN	NaN	NaN	NaN	0	false	0		critical_fail
0.700000	0.921042			failed	NaN	NaN	NaN	failed	none	NaN	NaN	NaN	NaN	NaN	0	false	0		critical_fail
0.700000	0.923848			failed	NaN	NaN	NaN	failed	none	NaN	NaN	NaN	NaN	NaN	0	false	0		critical_fail
0.700000	0.926653			failed	NaN	NaN	NaN	failed	none	NaN	NaN	NaN	NaN	NaN	0	false	0		critical_fail
0.700000	0.929459			failed	NaN	NaN	NaN	failed	none	NaN	NaN	NaN	NaN	NaN	0	false	0		critical_fail
0.700000	0.932265			failed	NaN	NaN	NaN	failed	none	NaN	NaN	NaN	NaN	NaN	0	false	0		critical_fail
0.700000	0.935070			failed	NaN	NaN	NaN	failed	none	NaN	NaN	NaN	NaN	NaN	0	false	0		critical_fail
0.700000	0.937876			failed	NaN	NaN	NaN	failed	none	NaN	NaN	NaN	NaN	NaN	0	false	0		critical_fail
0.700000	0.940681			failed	NaN	NaN	NaN	failed	none	NaN	NaN	NaN	NaN	NaN	0	false	0		critical_fail
0.700000	0.943487			failed	NaN	NaN	NaN	failed	none	NaN	NaN	NaN	NaN	NaN	0	false	0		critical_fail
0.700000	0.946293			failed	NaN	NaN	NaN	failed	none	NaN	NaN	NaN	NaN	NaN	0	false	0		critical_fail
0.700000	0.949098			failed	NaN	NaN	NaN	failed	none	NaN	NaN	NaN	NaN	NaN	0	false	0		critical_fail
0.700000	0.951904			failed	NaN	NaN	NaN	failed	none	NaN	NaN	NaN	NaN	NaN	0	false	0		critical_fail
0.700000	0.954709			failed	NaN	NaN	NaN	failed	none	NaN	NaN	NaN	NaN	NaN	0	false	0		critical_fail
0.700000	0.957515			failed	NaN	NaN	NaN	failed	none	NaN	NaN	NaN	NaN	NaN	0	false	0		critical_fail
0.700000	0.960321			failed	NaN	NaN	NaN	failed	none	NaN	NaN	NaN	NaN	NaN	0	false	0		critical_fail
0.700000	0.963126			failed	NaN	NaN	NaN	failed	none	NaN	NaN	NaN	NaN	NaN	0	false	0		critical_fail
0.700000	0.965932			failed	NaN	NaN	NaN	failed	none	NaN	NaN	NaN	NaN	NaN	0	false	0		critical_fail
0.700000	0.968737			failed	NaN	NaN	NaN	failed	none	NaN	NaN	NaN	NaN	NaN	0	false	0		critical_fail
0.700000	0.971543			failed	NaN	NaN	NaN	failed	none	NaN	NaN	NaN	NaN	NaN	0	false	0		critical_fail
0.700000	0.974349			failed	NaN	NaN	NaN	failed	none	NaN	NaN	NaN	NaN	NaN	0	false	0		critical_fail
0.700000	0.977154			failed	NaN	NaN	NaN	failed	none	NaN	NaN	NaN	NaN	NaN	0	false	0		critical_fail
0.700000	0.979960			failed	NaN	NaN	NaN	failed	none	NaN	NaN	NaN	NaN	NaN	0	false	0		critical_fail
0.700000	0.982766			failed	NaN	NaN	NaN	failed	none	NaN	NaN	NaN	NaN	NaN	0	false	0		critical_fail
0.700000	0.985571			failed	NaN	NaN	NaN	failed	none	NaN	NaN	NaN	NaN	NaN	0	false	0		critical_fail
0.700000	0.988377			failed	NaN	NaN	NaN	failed	none	NaN	NaN	NaN	NaN	NaN	0	false	0		critical_fail
0.700000	0.991182			failed	NaN	NaN	NaN	failed	none	NaN	NaN	NaN	NaN	NaN	0	false	0		critical_fail
0.700000	0.993988			failed	NaN	NaN	NaN	failed	none	NaN	NaN	NaN	NaN	NaN	0	false	0		critical_fail
0.700000	0.996794			failed	NaN	NaN	NaN	failed	none	NaN	NaN	NaN	NaN	NaN	0	false	0		critical_fail
0.700000	0.999599			failed	NaN	NaN	NaN	failed	none	NaN	NaN	NaN	NaN	NaN	0	false	0		critical_fail
0.700000	1.002405			failed	NaN	NaN	NaN	failed	none	NaN	NaN	NaN	NaN	NaN	0	false	0		critical_fail
0.700000	1.005210			failed	NaN	NaN	NaN	failed	none	NaN	NaN	NaN	NaN	NaN	0	false	0		critical_fail
0.700000	1.008016			failed	NaN	NaN	NaN	failed	none	NaN	NaN	NaN	NaN	NaN	0	false	0		critical_fail
0.700000	1.010822			failed	NaN	NaN	NaN	failed	none	NaN	NaN	NaN	NaN	NaN	0	false	0		critical_fail
0.700000	1.013627			failed	NaN	NaN	NaN	failed	none	NaN	NaN	NaN	NaN	NaN	0	false	0		critical_fail
0.700000	1.016433			failed	NaN	NaN	NaN	failed	none	NaN	NaN	NaN	NaN	NaN	0	false	0		critical_fail
0.700000	1.019238			failed	NaN	NaN	NaN	failed	none	NaN	NaN	NaN	NaN	NaN	0	false	0		critical_fail
0.700000	1.022044			failed	NaN	NaN	NaN	failed	none	NaN	NaN	NaN	NaN	NaN	0	false	0		critical_fail
0.700000	1.024850			failed	NaN	NaN	NaN	failed	none	NaN	NaN	NaN	NaN	NaN	0	false	0		critical_fail
0.700000	1.027655			failed	NaN	NaN	NaN	failed	none	NaN	NaN	NaN	NaN	NaN	0	false	0		critical_fail
0.700000	1.030461			failed	NaN	NaN	NaN	failed	none	NaN	NaN	NaN	NaN	NaN	0	false	0		critical_fail
0.700000	1.033267			failed	NaN	NaN	NaN	failed	none	NaN	NaN	NaN	NaN	NaN	0	false	0		critical_fail
0.700000	1.036072			failed	NaN	NaN	NaN	failed	none	NaN	NaN	NaN	NaN	NaN	0	false	0		critical_fail
0.700000	1.038878			failed	NaN	NaN	NaN	failed	none	NaN	NaN	NaN	NaN	NaN	0	false	0		critical_fail
0.700000	1.041683			failed	NaN	NaN	NaN	failed	none	NaN	NaN	NaN	NaN	NaN	0	false	0		critical_fail
0.700000	1.044489			failed	NaN	NaN	NaN	failed	none	NaN	NaN	NaN	NaN	NaN	0	false	0		critical_fail
0.700000	1.047295			failed	NaN	NaN	NaN	failed	none	NaN	NaN	NaN	NaN	NaN	0	false	0		critical_fail
0.700000	1.050100			failed	NaN	NaN	NaN	failed	none	NaN	NaN	NaN	NaN	NaN	0	false	0		critical_fail
0.700000	1.052906			failed	NaN	NaN	NaN	failed	none	NaN	NaN	NaN	NaN	NaN	0	false	0		critical_fail
0.700000	1.055711			failed	NaN	NaN	NaN	failed	none	NaN	NaN	NaN	NaN	NaN	0	false	0		critical_fail
0.700000	1.058517			failed	NaN	NaN	NaN	failed	none	NaN	NaN	NaN	NaN	NaN	0	false	0		critical_fail
0.700000	1.061323			failed	NaN	NaN	NaN	failed	none	NaN	NaN	NaN	NaN	NaN	0	false	0		critical_fail
0.700000	1.064128			failed	NaN	NaN	NaN	failed	none	NaN	NaN	NaN	NaN	NaN	0	false	0		critical_fail
0.700000	1.066934			failed	NaN	NaN	NaN	failed	none	NaN	NaN	NaN	NaN	NaN	0	false	0		critical_fail
0.700000	1.069739			failed	NaN	NaN	NaN	failed	none	NaN	NaN	NaN	NaN	NaN	0	false	0		critical_fail
0.700000	1.072545			failed	NaN	NaN	NaN	failed	none	NaN	NaN	NaN	NaN	NaN	0	false	0		critical_fail
0.700000	1.075351			failed	NaN	NaN	NaN	failed	none	NaN	NaN	NaN	NaN	NaN	0	false	0		critical_fail
0.700000	1.078156			failed	NaN	NaN	NaN	failed	none	NaN	NaN	NaN	NaN	NaN	0	false	0		critical_fail
0.700000	1.080962			failed	NaN	NaN	NaN	failed	none	NaN	NaN	NaN	NaN	NaN	0	false	0		critical_fail
0.700000	1.083768			failed	NaN	NaN	NaN	failed	none	NaN	NaN	NaN	NaN	NaN	0	false	0		critical_fail
0.700000	1.086573			failed	NaN	NaN	NaN	failed	none	NaN	NaN	NaN	NaN	NaN	0	false	0		critical_fail
0.700000	1.089379			failed	NaN	NaN	NaN	failed	none	NaN	NaN	NaN	NaN	NaN	0	false	0		critical_fail
0.700000	1.092184			failed	NaN	NaN	NaN	failed	none	NaN	NaN	NaN	NaN	NaN	0	false	0		critical_fail
0.700000	1.094990			failed	NaN	NaN	NaN	failed	none	NaN	NaN	NaN	NaN	NaN	0	false	0		critical_fail
0.700000	1.097796			failed	NaN	NaN	NaN	failed	none	NaN	NaN	NaN	NaN	NaN	0	false	0		critical_fail
0.700000	1.100601			failed	NaN	NaN	NaN	failed	none	NaN	NaN	NaN	NaN	NaN	0	false	0		critical_fail
0.700000	1.103407			failed	NaN	NaN	NaN	failed	none	NaN	NaN	NaN	NaN	NaN	0	false	0		critical_fail
0.700000	1.106212			failed	NaN	NaN	NaN	failed	none	NaN	NaN	NaN	NaN	NaN	0	false	0		critical_fail
0.700000	1.109018			failed	NaN	NaN	NaN	failed	none	NaN	NaN	NaN	NaN	NaN	0	false	0		critical_fail
0.700000	1.111824			failed	NaN	NaN	NaN	failed	none	NaN	NaN	NaN	NaN	NaN	0	false	0		critical_fail
0.700000	1.114629			failed	NaN	NaN	NaN	failed	none	NaN	NaN	NaN	NaN	NaN	0	false	0		critical_fail
0.700000	1.117435			failed	NaN	NaN	NaN	failed	none	NaN	NaN	NaN	NaN	NaN	0	false	0		critical_fail
0.700000	1.120240			failed	NaN	NaN	NaN	failed	none	NaN	NaN	NaN	NaN	NaN	0	false	0		critical_fail
0.700000	1.123046			failed	NaN	NaN	NaN	failed	none	NaN	NaN	NaN	NaN	NaN	0	false	0		critical_fail
0.700000	1.125852			failed	NaN	NaN	NaN	failed	none	NaN	NaN	NaN	NaN	NaN	0	false	0		critical_fail
0.700000	1.128657			failed	NaN	NaN	NaN	failed	none	NaN	NaN	NaN	NaN	NaN	0	false	0		critical_fail
0.700000	1.131463			failed	NaN	NaN	NaN	failed	none	NaN	NaN	NaN	NaN	NaN	0	false	0		critical_fail
0.700000	1.134269			failed	NaN	NaN	NaN	failed	none	NaN	NaN	NaN	NaN	NaN	0	false	0		critical_fail
0.700000	1.137074			failed	NaN	NaN	NaN	failed	none	NaN	NaN	NaN	NaN	NaN	0	false	0		critical_fail
0.700000	1.139880			failed	NaN	NaN	NaN	failed	none	NaN	NaN	NaN	NaN	NaN	0	false	0		critical_fail
0.700000	1.142685			failed	NaN	NaN	NaN	failed	none	NaN	NaN	NaN	NaN	NaN	0	false	0		critical_fail
0.700000	1.145491			failed	NaN	NaN	NaN	failed	none	NaN	NaN	NaN	NaN	NaN	0	false	0		critical_fail
0.700000	1.148297			failed	NaN	NaN	NaN	failed	none	NaN	NaN	NaN	NaN	NaN	0	false	0		critical_fail
0.700000	1.151102			failed	NaN	NaN	NaN	failed	none	NaN	NaN	NaN	NaN	NaN	0	false	0		critical_fail
0.700000	1.153908			failed	NaN	NaN	NaN	failed	none	NaN	NaN	NaN	NaN	NaN	0	false	0		critical_fail
0.700000	1.156713			failed	NaN	NaN	NaN	failed	none	NaN	NaN	NaN	NaN	NaN	0	false	0		critical_fail
0.700000	1.159519			failed	NaN	NaN	NaN	failed	none	NaN	NaN	NaN	NaN	NaN	0	false	0		critical_fail
0.700000	1.162325			failed	NaN	NaN	NaN	failed	none	NaN	NaN	NaN	NaN	NaN	0	false	0		critical_fail
0.700000	1.165130			failed	NaN	NaN	NaN	failed	none	NaN	NaN	NaN	NaN	NaN	0	false	0		critical_fail
0.700000	1.167936			failed	NaN	NaN	NaN	failed	none	NaN	NaN	NaN	NaN	NaN	0	false	0		critical_fail
0.700000	1.170741			failed	NaN	NaN	NaN	failed	none	NaN	NaN	NaN	NaN	NaN	0	false	0		critical_fail
0.700000	1.173547			failed	NaN	NaN	NaN	failed	none	NaN	NaN	NaN	NaN	NaN	0	false	0		critical_fail
0.700000	1.176353			failed	NaN	NaN	NaN	failed	none	NaN	NaN	NaN	NaN	NaN	0	false	0		critical_fail
0.700000	1.179158			failed	NaN	NaN	NaN	failed	none	NaN	NaN	NaN	NaN	NaN	0	false	0		critical_fail
0.700000	1.181964			failed	NaN	NaN	NaN	failed	none	NaN	NaN	NaN	NaN	NaN	0	false	0		critical_fail
0.700000	1.184770			failed	NaN	NaN	NaN	failed	none	NaN	NaN	NaN	NaN	NaN	0	false	0		critical_fail
0.700000	1.187575			failed	NaN	NaN	NaN	failed	none	NaN	NaN	NaN	NaN	NaN	0	false	0		critical_fail
0.700000	1.190381			failed	NaN	NaN	NaN	failed	none	NaN	NaN	NaN	NaN	NaN	0	false	0		critical_fail
0.700000	1.193186			failed	NaN	NaN	NaN	failed	none	NaN	NaN	NaN	NaN	NaN	0	false	0		critical_fail
0.700000	1.195992			failed	NaN	NaN	NaN	failed	none	NaN	NaN	NaN	NaN	NaN	0	false	0		critical_fail
0.700000	1.198798			failed	NaN	NaN	NaN	failed	none	NaN	NaN	NaN	NaN	NaN	0	false	0		critical_fail
0.700000	1.201603			failed	NaN	NaN	NaN	failed	none	NaN	NaN	NaN	NaN	NaN	0	false	0		critical_fail
0.700000	1.204409			failed	NaN	NaN	NaN	failed	none	NaN	NaN	NaN	NaN	NaN	0	false	0		critical_fail
0.700000	1.207214			failed	NaN	NaN	NaN	failed	none	NaN	NaN	NaN	NaN	NaN	0	false	0		critical_fail
0.700000	1.210020			failed	NaN	NaN	NaN	failed	none	NaN	NaN	NaN	NaN	NaN	0	false	0		critical_fail
0.700000	1.212826			failed	NaN	NaN	NaN	failed	none	NaN	NaN	NaN	NaN	NaN	0	false	0		critical_fail
0.700000	1.215631			failed	NaN	NaN	NaN	failed	none	NaN	NaN	NaN	NaN	NaN	0	false	0		critical_fail
0.700000	1.218437			failed	NaN	NaN	NaN	failed	none	NaN	NaN	NaN	NaN	NaN	0	false	0		critical_fail
0.700000	1.221242			failed	NaN	NaN	NaN	failed	none	NaN	NaN	NaN	NaN	NaN	0	false	0		critical_fail
0.700000	1.224048			failed	NaN	NaN	NaN	failed	none	NaN	NaN	NaN	NaN	NaN	0	false	0		critical_fail
0.700000	1.226854			failed	NaN	NaN	NaN	failed	none	NaN	NaN	NaN	NaN	NaN	0	false	0		critical_fail
0.700000	1.229659			failed	NaN	NaN	NaN	failed	none	NaN	NaN	NaN	NaN	NaN	0	false	0		critical_fail
0.700000	1.232465			failed	NaN	NaN	NaN	failed	none	NaN	NaN	NaN	NaN	NaN	0	false	0		critical_fail
0.700000	1.235271			failed	NaN	NaN	NaN	failed	none	NaN	NaN	NaN	NaN	NaN	0	false	0		critical_fail
0.700000	1.238076			failed	NaN	NaN	NaN	failed	none	NaN	NaN	NaN	NaN	NaN	0	false	0		critical_fail
0.700000	1.240882			failed	NaN	NaN	NaN	failed	none	NaN	NaN	NaN	NaN	NaN	0	false	0		critical_fail
0.700000	1.243687			failed	NaN	NaN	NaN	failed	none	NaN	NaN	NaN	NaN	NaN	0	false	0		critical_fail
0.700000	1.246493			failed	NaN	NaN	NaN	failed	none	NaN	NaN	NaN	NaN	NaN	0	false	0		critical_fail
0.700000	1.249299			failed	NaN	NaN	NaN	failed	none	NaN	NaN	NaN	NaN	NaN	0	false	0		critical_fail
0.700000	1.252104			failed	NaN	NaN	NaN	failed	none	NaN	NaN	NaN	NaN	NaN	0	false	0		critical_fail
0.700000	1.254910			failed	NaN	NaN	NaN	failed	none	NaN	NaN	NaN	NaN	NaN	0	false	0		critical_fail
0.700000	1.257715			failed	NaN	NaN	NaN	failed	none	NaN	NaN	NaN	NaN	NaN	0	false	0		critical_fail
0.700000	1.260521			failed	NaN	NaN	NaN	failed	none	NaN	NaN	NaN	NaN	NaN	0	false	0		critical_fail
0.700000	1.263327			failed	NaN	NaN	NaN	failed	none	NaN	NaN	NaN	NaN	NaN	0	false	0		critical_fail
0.700000	1.266132			failed	NaN	NaN	NaN	failed	none	NaN	NaN	NaN	NaN	NaN	0	false	0		critical_fail
0.700000	1.268938			failed	NaN	NaN	NaN	failed	none	NaN	NaN	NaN	NaN	NaN	0	false	0		critical_fail
0.700000	1.271743			failed	NaN	NaN	NaN	failed	none	NaN	NaN	NaN	NaN	NaN	0	false	0		critical_fail
0.700000	1.274549			failed	NaN	NaN	NaN	failed	none	NaN	NaN	NaN	NaN	NaN	0	false	0		critical_fail
0.700000	1.277355			failed	NaN	NaN	NaN	failed	none	NaN	NaN	NaN	NaN	NaN	0	false	0		critical_fail
0.700000	1.280160			failed	NaN	NaN	NaN	failed	none	NaN	NaN	NaN	NaN	NaN	0	false	0		critical_fail
0.700000	1.282966			failed	NaN	NaN	NaN	failed	none	NaN	NaN	NaN	NaN	NaN	0	false	0		critical_fail
0.700000	1.285772			failed	NaN	NaN	NaN	failed	none	NaN	NaN	NaN	NaN	NaN	0	false	0		critical_fail
0.700000	1.288577			failed	NaN	NaN	NaN	failed	none	NaN	NaN	NaN	NaN	NaN	0	false	0		critical_fail
0.700000	1.291383			failed	NaN	NaN	NaN	failed	none	NaN	NaN	NaN	NaN	NaN	0	false	0		critical_fail
0.700000	1.294188			failed	NaN	NaN	NaN	failed	none	NaN	NaN	NaN	NaN	NaN	0	false	0		critical_fail
0.700000	1.296994			failed	NaN	NaN	NaN	failed	none	NaN	NaN	NaN	NaN	NaN	0	false	0		critical_fail
0.700000	1.299800			failed	NaN	NaN	NaN	failed	none	NaN	NaN	NaN	NaN	NaN	0	false	0		critical_fail
0.700000	1.302605			failed	NaN	NaN	NaN	failed	none	NaN	NaN	NaN	NaN	NaN	0	false	0		critical_fail
0.700000	1.305411			failed	NaN	NaN	NaN	failed	none	NaN	NaN	NaN	NaN	NaN	0	false	0		critical_fail
0.700000	1.308216			failed	NaN	NaN	NaN	failed	none	NaN	NaN	NaN	NaN	NaN	0	false	0		critical_fail
0.700000	1.311022			failed	NaN	NaN	NaN	failed	none	NaN	NaN	NaN	NaN	NaN	0	false	0		critical_fail
0.700000	1.313828			failed	NaN	NaN	NaN	failed	none	NaN	NaN	NaN	NaN	NaN	0	false	0		critical_fail
0.700000	1.316633			failed	NaN	NaN	NaN	failed	none	NaN	NaN	NaN	NaN	NaN	0	false	0		critical_fail
0.700000	1.319439			failed	NaN	NaN	NaN	failed	none	NaN	NaN	NaN	NaN	NaN	0	false	0		critical_fail
0.700000	1.322244			failed	NaN	NaN	NaN	failed	none	NaN	NaN	NaN	NaN	NaN	0	false	0		critical_fail
0.700000	1.325050			failed	NaN	NaN	NaN	failed	none	NaN	NaN	NaN	NaN	NaN	0	false	0		critical_fail
0.700000	1.327856			failed	NaN	NaN	NaN	failed	none	NaN	NaN	NaN	NaN	NaN	0	false	0		critical_fail
0.700000	1.330661			failed	NaN	NaN	NaN	failed	none	NaN	NaN	NaN	NaN	NaN	0	false	0		critical_fail
0.700000	1.333467			failed	NaN	NaN	NaN	failed	none	NaN	NaN	NaN	NaN	NaN	0	false	0		critical_fail
0.700000	1.336273			failed	NaN	NaN	NaN	failed	none	NaN	NaN	NaN	NaN	NaN	0	false	0		critical_fail
0.700000	1.339078			failed	NaN	NaN	NaN	failed	none	NaN	NaN	NaN	NaN	NaN	0	false	0		critical_fail
0.700000	1.341884			failed	NaN	NaN	NaN	failed	none	NaN	NaN	NaN	NaN	NaN	0	false	0		critical_fail
0.700000	1.344689			failed	NaN	NaN	NaN	failed	none	NaN	NaN	NaN	NaN	NaN	0	false	0		critical_fail
0.700000	1.347495			failed	NaN	NaN	NaN	failed	none	NaN	NaN	NaN	NaN	NaN	0	false	0		critical_fail
0.700000	1.350301			failed	NaN	NaN	NaN	failed	none	NaN	NaN	NaN	NaN	NaN	0	false	0		critical_fail
0.700000	1.353106			failed	NaN	NaN	NaN	failed	none	NaN	NaN	NaN	NaN	NaN	0	false	0		critical_fail
0.700000	1.355912			failed	NaN	NaN	NaN	failed	none	NaN	NaN	NaN	NaN	NaN	0	false	0		critical_fail
0.700000	1.358717			failed	NaN	NaN	NaN	failed	none	NaN	NaN	NaN	NaN	NaN	0	false	0		critical_fail
0.700000	1.361523			failed	NaN	NaN	NaN	failed	none	NaN	NaN	NaN	NaN	NaN	0	false	0		critical_fail
0.700000	1.364329			failed	NaN	NaN	NaN	failed	none	NaN	NaN	NaN	NaN	NaN	0	false	0		critical_fail
0.700000	1.367134			failed	NaN	NaN	NaN	failed	none	NaN	NaN	NaN	NaN	NaN	0	false	0		critical_fail
0.700000	1.369940			failed	NaN	NaN	NaN	failed	none	NaN	NaN	NaN	NaN	NaN	0	false	0		critical_fail
0.700000	1.372745			failed	NaN	NaN	NaN	failed	none	NaN	NaN	NaN	NaN	NaN	0	false	0		critical_fail
0.700000	1.375551			failed	NaN	NaN	NaN	failed	none	NaN	NaN	NaN	NaN	NaN	0	false	0		critical_fail
0.700000	1.378357			failed	NaN	NaN	NaN	failed	none	NaN	NaN	NaN	NaN	NaN	0	false	0		critical_fail
0.700000	1.381162			failed	NaN	NaN	NaN	failed	none	NaN	NaN	NaN	NaN	NaN	0	false	0		critical_fail
0.700000	1.383968			failed	NaN	NaN	NaN	failed	none	NaN	NaN	NaN	NaN	NaN	0	false	0		critical_fail
0.700000	1.386774			failed	NaN	NaN	NaN	failed	none	NaN	NaN	NaN	NaN	NaN	0	false	0		critical_fail
0.700000	1.389579			failed	NaN	NaN	NaN	failed	none	NaN	NaN	NaN	NaN	NaN	0	false	0		critical_fail
0.700000	1.392385			failed	NaN	NaN	NaN	failed	none	NaN	NaN	NaN	NaN	NaN	0	false	0		critical_fail
0.700000	1.395190			failed	NaN	NaN	NaN	failed	none	NaN	NaN	NaN	NaN	NaN	0	false	0		critical_fail
0.700000	1.397996			failed	NaN	NaN	NaN	failed	none	NaN	NaN	NaN	NaN	NaN	0	false	0		critical_fail
0.700000	1.400802			failed	NaN	NaN	NaN	failed	none	NaN	NaN	NaN	NaN	NaN	0	false	0		critical_fail
0.700000	1.403607			failed	NaN	NaN	NaN	failed	none	NaN	NaN	NaN	NaN	NaN	0	false	0		critical_fail
0.700000	1.406413			failed	NaN	NaN	NaN	failed	none	NaN	NaN	NaN	NaN	NaN	0	false	0		critical_fail
0.700000	1.409218			failed	NaN	NaN	NaN	failed	none	NaN	NaN	NaN	NaN	NaN	0	false	0		critical_fail
0.700000	1.412024			failed	NaN	NaN	NaN	failed	none	NaN	NaN	NaN	NaN	NaN	0	false	0		critical_fail
0.700000	1.414830			failed	NaN	NaN	NaN	failed	none	NaN	NaN	NaN	NaN	NaN	0	false	0		critical_fail
0.700000	1.417635			failed	NaN	NaN	NaN	failed	none	NaN	NaN	NaN	NaN	NaN	0	false	0		critical_fail
0.700000	1.420441			failed	NaN	NaN	NaN	failed	none	NaN	NaN	NaN	NaN	NaN	0	false	0		critical_fail
0.700000	1.423246			failed	NaN	NaN	NaN	failed	none	NaN	NaN	NaN	NaN	NaN	0	false	0		critical_fail
0.700000	1.426052			failed	NaN	NaN	NaN	failed	none	NaN	NaN	NaN	NaN	NaN	0	false	0		critical_fail
0.700000	1.428858			failed	NaN	NaN	NaN	failed	none	NaN	NaN	NaN	NaN	NaN	0	false	0		critical_fail
0.700000	1.431663			failed	NaN	NaN	NaN	failed	none	NaN	NaN	NaN	NaN	NaN	0	false	0		critical_fail
0.700000	1.434469			failed	NaN	NaN	NaN	failed	none	NaN	NaN	NaN	NaN	NaN	0	false	0		critical_fail
0.700000	1.437275			failed	NaN	NaN	NaN	failed	none	NaN	NaN	NaN	NaN	NaN	0	false	0		critical_fail
0.700000	1.440080			failed	NaN	NaN	NaN	failed	none	NaN	NaN	NaN	NaN	NaN	0	false	0		critical_fail
0.700000	1.442886			failed	NaN	NaN	NaN	failed	none	NaN	NaN	NaN	NaN	NaN	0	false	0		critical_fail
0.700000	1.445691			failed	NaN	NaN	NaN	failed	none	NaN	NaN	NaN	NaN	NaN	0	false	0		critical_fail
0.700000	1.448497			failed	NaN	NaN	NaN	failed	none	NaN	NaN	NaN	NaN	NaN	0	false	0		critical_fail
0.700000	1.451303			failed	NaN	NaN	NaN	failed	none	NaN	NaN	NaN	NaN	NaN	0	false	0		critical_fail
0.700000	1.454108			failed	NaN	NaN	NaN	failed	none	NaN	NaN	NaN	NaN	NaN	0	false	0		critical_fail
0.700000	1.456914			failed	NaN	NaN	NaN	failed	none	NaN	NaN	NaN	NaN	NaN	0	false	0		critical_fail
0.700000	1.459719			failed	NaN	NaN	NaN	failed	none	NaN	NaN	NaN	NaN	NaN	0	false	0		critical_fail
0.700000	1.462525			failed	NaN	NaN	NaN	failed	none	NaN	NaN	NaN	NaN	NaN	0	false	0		critical_fail
0.700000	1.465331			failed	NaN	NaN	NaN	failed	none	NaN	NaN	NaN	NaN	NaN	0	false	0		critical_fail
0.700000	1.468136			failed	NaN	NaN	NaN	failed	none	NaN	NaN	NaN	NaN	NaN	0	false	0		critical_fail
0.700000	1.470942			failed	NaN	NaN	NaN	failed	none	NaN	NaN	NaN	NaN	NaN	0	false	0		critical_fail
0.700000	1.473747			failed	NaN	NaN	NaN	failed	none	NaN	NaN	NaN	NaN	NaN	0	false	0		critical_fail
0.700000	1.476553			failed	NaN	NaN	NaN	failed	none	NaN	NaN	NaN	NaN	NaN	0	false	0		critical_fail
0.700000	1.479359			failed	NaN	NaN	NaN	failed	none	NaN	NaN	NaN	NaN	NaN	0	false	0		critical_fail
0.700000	1.482164			failed	NaN	NaN	NaN	failed	none	NaN	NaN	NaN	NaN	NaN	0	false	0		critical_fail
0.700000	1.484970			failed	NaN	NaN	NaN	failed	none	NaN	NaN	NaN	NaN	NaN	0	false	0		critical_fail
0.700000	1.487776			failed	NaN	NaN	NaN	failed	none	NaN	NaN	NaN	NaN	NaN	0	false	0		critical_fail
0.700000	1.490581			failed	NaN	NaN	NaN	failed	none	NaN	NaN	NaN	NaN	NaN	0	false	0		critical_fail
0.700000	1.493387			failed	NaN	NaN	NaN	failed	none	NaN	NaN	NaN	NaN	NaN	0	false	0		critical_fail
0.700000	1.496192			failed	NaN	NaN	NaN	failed	none	NaN	NaN	NaN	NaN	NaN	0	false	0		critical_fail
0.700000	1.498998			failed	NaN	NaN	NaN	failed	none	NaN	NaN	NaN	NaN	NaN	0	false	0		critical_fail
0.700000	1.501804			failed	NaN	NaN	NaN	failed	none	NaN	NaN	NaN	NaN	NaN	0	false	0		critical_fail
0.700000	1.504609			failed	NaN	NaN	NaN	failed	none	NaN	NaN	NaN	NaN	NaN	0	false	0		critical_fail
0.700000	1.507415			failed	NaN	NaN	NaN	failed	none	NaN	NaN	NaN	NaN	NaN	0	false	0		critical_fail
0.700000	1.510220			failed	NaN	NaN	NaN	failed	none	NaN	NaN	NaN	NaN	NaN	0	false	0		critical_fail
0.700000	1.513026			failed	NaN	NaN	NaN	failed	none	NaN	NaN	NaN	NaN	NaN	0	false	0		critical_fail
0.700000	1.515832			failed	NaN	NaN	NaN	failed	none	NaN	NaN	NaN	NaN	NaN	0	false	0		critical_fail
0.700000	1.518637			failed	NaN	NaN	NaN	failed	none	NaN	NaN	NaN	NaN	NaN	0	false	0		critical_fail
0.700000	1.521443			failed	NaN	NaN	NaN	failed	none	NaN	NaN	NaN	NaN	NaN	0	false	0		critical_fail
0.700000	1.524248			failed	NaN	NaN	NaN	failed	none	NaN	NaN	NaN	NaN	NaN	0	false	0		critical_fail
0.700000	1.527054			failed	NaN	NaN	NaN	failed	none	NaN	NaN	NaN	NaN	NaN	0	false	0		critical_fail
0.700000	1.529860			failed	NaN	NaN	NaN	failed	none	NaN	NaN	NaN	NaN	NaN	0	false	0		critical_fail
0.700000	1.532665			failed	NaN	NaN	NaN	failed	none	NaN	NaN	NaN	NaN	NaN	0	false	0		critical_fail
0.700000	1.535471			failed	NaN	NaN	NaN	failed	none	NaN	NaN	NaN	NaN	NaN	0	false	0		critical_fail
0.700000	1.538277			failed	NaN	NaN	NaN	failed	none	NaN	NaN	NaN	NaN	NaN	0	false	0		critical_fail
0.700000	1.541082			failed	NaN	NaN	NaN	failed	none	NaN	NaN	NaN	NaN	NaN	0	false	0		critical_fail
0.700000	1.543888			failed	NaN	NaN	NaN	failed	none	NaN	NaN	NaN	NaN	NaN	0	false	0		critical_fail
0.700000	1.546693			failed	NaN	NaN	NaN	failed	none	NaN	NaN	NaN	NaN	NaN	0	false	0		critical_fail
0.700000	1.549499			failed	NaN	NaN	NaN	failed	none	NaN	NaN	NaN	NaN	NaN	0	false	0		critical_fail
0.700000	1.552305			failed	NaN	NaN	NaN	failed	none	NaN	NaN	NaN	NaN	NaN	0	false	0		critical_fail
0.700000	1.555110			failed	NaN	NaN	NaN	failed	none	NaN	NaN	NaN	NaN	NaN	0	false	0		critical_fail
0.700000	1.557916			failed	NaN	NaN	NaN	failed	none	NaN	NaN	NaN	NaN	NaN	0	false	0		critical_fail
0.700000	1.560721			failed	NaN	NaN	NaN	failed	none	NaN	NaN	NaN	NaN	NaN	0	false	0		critical_fail
0.700000	1.563527			failed	NaN	NaN	NaN	failed	none	NaN	NaN	NaN	NaN	NaN	0	false	0		critical_fail
0.700000	1.566333			failed	NaN	NaN	NaN	failed	none	NaN	NaN	NaN	NaN	NaN	0	false	0		critical_fail
0.700000	1.569138			failed	NaN	NaN	NaN	failed	none	NaN	NaN	NaN	NaN	NaN	0	false	0		critical_fail
0.700000	1.571944			failed	NaN	NaN	NaN	failed	none	NaN	NaN	NaN	NaN	NaN	0	false	0		critical_fail
0.700000	1.574749			failed	NaN	NaN	NaN	failed	none	NaN	NaN	NaN	NaN	NaN	0	false	0		critical_fail
0.700000	1.577555			failed	NaN	NaN	NaN	failed	none	NaN	NaN	NaN	NaN	NaN	0	false	0		critical_fail
0.700000	1.580361			failed	NaN	NaN	NaN	failed	none	NaN	NaN	NaN	NaN	NaN	0	false	0		critical_fail
0.700000	1.583166			failed	NaN	NaN	NaN	failed	none	NaN	NaN	NaN	NaN	NaN	0	false	0		critical_fail
0.700000	1.585972			failed	NaN	NaN	NaN	failed	none	NaN	NaN	NaN	NaN	NaN	0	false	0		critical_fail
0.700000	1.588778			failed	NaN	NaN	NaN	failed	none	NaN	NaN	NaN	NaN	NaN	0	false	0		critical_fail
0.700000	1.591583			failed	NaN	NaN	NaN	failed	none	NaN	NaN	NaN	NaN	NaN	0	false	0		critical_fail
0.700000	1.594389			failed	NaN	NaN	NaN	failed	none	NaN	NaN	NaN	NaN	NaN	0	false	0		critical_fail
0.700000	1.597194			failed	NaN	NaN	NaN	failed	none	NaN	NaN	NaN	NaN	NaN	0	false	0		critical_fail
0.700000	1.600000			failed	NaN	NaN	NaN	failed	none	NaN	NaN	NaN	NaN	NaN	0	false	0		critical_fail
