delta_x	delta_ca	T_encoding	gamma_encoding	T_scs	gamma_scs	status
-1.223447	-33.000000	2398780970005435642570851271366940	365350974	-1,0,-11,0,-11	11,10,10	ok
-1.223447	-32.973948	2398780970005435642570851271366940	78933308	-1,0,-11,0,-11	11,10,8	ok
-1.223447	-32.947896	2398780970005435642570851271366940	79280948437122119	-1,0,-11,0,-11	11,10,2,-11	ok
-1.223447	-32.921844	2398780970005435642570851271366940	640124	-1,0,-11,0,-11	11,10,1,1	ok
-1.223447	-32.895792	2398780970005435642570851271366940	69244136503577853	-1,0,-11,0,-11	11,-10,0,-11	ok
-1.223447	-32.869739	2398780970005435642570851271366940	71640156105387848	-1,0,-11,0,-11	11,-10,-1,-11	ok
-1.223447	-32.843687	2398780970005435642570851271366940	1005963063	-1,0,-11,0,-11	11,-10,-11,-1	ok
-1.223447	-32.817635	2398780970005435642570851271366940	709910018	-1,0,-11,0,-11	11,9,-11,0	ok
-1.223447	-32.791583	2398780970005435642570851271366940	81954897045671363	-1,0,-11,0,-11	11,9,-3,-11	ok
-1.223447	-32.765531	2398780970005435642570851271366940	15411657069330731	-1,0,-11,0,-11	11,-9,-1,-10	ok
-1.223447	-32.739479	2398780970005435642570851271366940	340957419	-1,0,-11,0,-11	11,8,10	ok
-1.223447	-32.713427	2398780970005435642570851271366940	35098906418421929	-1,0,-11,0,-11	11,-8,1,10	ok
-1.223447	-32.687375	2398780970005435642570851271366940	47873	-1,0,-11,0,-11	11,7,-1,-1	ok
-1.223447	-32.661323	2398780970005435642570851271366940	1286893256	-1,0,-11,0,-11	11,6,10,1	ok
-1.223447	-32.635271	2398780970005435642570851271366940	890778714	-1,0,-11,0,-11	11,5,-11,-1	ok
-1.223447	-32.609218	2398780970005435642570851271366940	69142670621292113	-1,0,-11,0,-11	11,-5,0,-11	ok
-1.223447	-32.583166	2398780970005435642570851271366940	11399065523	-1,0,-11,0,-11	11,4,-11,2	ok
-1.223447	-32.557114	2398780970005435642570851271366940	6729687267771218	-1,0,-11,0,-11	11,-4,-1,9	ok
-1.223447	-32.531062	2398780970005435642570851271366940	1162704731	-1,0,-11,0,-11	11,3,11,-1	ok
-1.223447	-32.505010	10120112685661138170022855667962415	133024324058762219	-1,0,-11,0,11	11,3,10,-11	ok
-1.223447	-32.478958	2567647961367320582579832139747490	18742481	-1,0,-11,-1,-11	11,3,1,2	ok
-1.223447	-32.452906	2567647961367320582579832139747490	2731817336859004927993929745907609	-1,0,-11,-1,-11	11,-3,-1,1,-11	ok
-1.223447	-32.426854	573024187102859427165004082491790	2135997458	-1,0,-11,-1,10	11,2,11,1	ok
-1.223447	-32.400802	118962475367985198926991011110115	1584816828	-1,0,-11,-1,-10	11,2,-11,1	ok
-1.223447	-32.374749	40162269134861268365	66563091997658333	-1,0,-11,-1,-4	11,2,10,10	ok
-1.223447	-32.348697	76162556615	84566110468038738	-1,0,-11,-1,1	11,2,3,-11	ok
-1.223447	-32.322645	6444360155	121791112548	-1,0,-11,-1,-1	11,2,1,2,1	ok
-1.223447	-32.296593	2567647988496652850877349572623559	7075834643172536453	-1,-1,-11,-1,-11	11,-2,-1,-11,-2	ok
-1.223447	-32.270541	24979135483845957402234923631327	2552756423123183976811267214133998	-1,-1,-11,1,9	11,-2,-1,-1,-11	ok
-1.223447	-32.244489	1032469047278318880	90346470681382904	-1,-1,-11,10,1	11,-2,4,-11	ok
-1.223447	-32.218437	518641873583183559	808281299	-1,-1,10,-11,-1	11,-2,-11,-1	ok
-1.223447	-32.192385	713785787735367119877	2893798488131	-1,-1,10,-11,-3	11,1,-11,-1,-2	ok
-1.223447	-32.166333	2225840513933910982099331104159059	3799696703	-1,-1,10,10,10	11,1,-11,-2	ok
-1.223447	-32.140281	28897914160904634	68859151567934006	-1,-1,10,1,-3	11,1,-11,10	ok
-1.223447	-32.114228	1737492698692103355	132958071733921154	-1,-1,9,-11,1	11,1,10,-11	ok
-1.223447	-32.088176	124837592536665659	66543382376047556	-1,-1,8,-10,-1	11,1,10,10	ok
-1.223447	-32.062124	127495629761387149783031713437809	1133237006	-1,-1,5,-11,9	11,1,10,1	ok
-1.223447	-32.036072	19747014959244388614150567627	1603903181	-1,-1,3,-11,-1,2	11,1,9,-2	ok
-1.223447	-32.010020	1930919656307952557472471644402277	282765067334981	-1,-1,-3,9,10	11,1,5,7	ok
-1.223447	-31.983968	43645820278135077	24791340	-1,-1,2,8,1	-11,1,-3,-1,-1	ok
-1.223447	-31.957916	7222636400370436406617271640	8847300	-1,-1,-2,-1,1,2	-11,1,-2,-1,-1	ok
-1.223447	-31.931864	1195551947784741777	73927071732449190	-1,-1,1,-11,1	-11,1,1,-11	ok
-1.223447	-31.905812	8838922979787477218981561721110985	35019689908080090	-1,-1,1,10,-11	-11,1,1,10	ok
-1.223447	-31.879760	36606660770053381952	359589132	-1,-1,1,10,2	-11,-1,1,-2,-1	ok
-1.223447	-31.853707	951538816220864724212653469119680	525090600	-1,-1,1,4,10	-11,-1,-1,-1,1	ok
-1.223447	-31.827655	2923445321793548677090071429681402	525090600	-1,-1,1,-2,-11	-11,-1,-1,-1,1	ok
-1.223447	-31.801603	252660673165961205435983108555734368941549870782878200475856222577	2643829	-1,-1,-1,1,2,10	-11,-1,-1,-1,-1	ok
-1.223447	-31.775551	3374961778890	2643829	-1,-1,-1,-1,-1,-1	-11,-1,-1,-1,-1	ok
-1.223447	-31.749499	3374961778890	2643829	-1,-1,-1,-1,-1,-1	-11,-1,-1,-1,-1	ok
-1.223447	-31.723447	3374961778890	2643829	-1,-1,-1,-1,-1,-1	-11,-1,-1,-1,-1	ok
-1.223447	-31.697395	3374961778890	2643829	-1,-1,-1,-1,-1,-1	-11,-1,-1,-1,-1	ok
-1.223447	-31.671343	3374961778890	2643829	-1,-1,-1,-1,-1,-1	-11,-1,-1,-1,-1	ok
-1.223447	-31.645291	187869772378322743426607391273631741876169955644364217804093703159	525090600	-1,-1,-1,-1,1,10	-11,-1,-1,-1,1	ok
-1.223447	-31.619238	612975974045186771750349988600077	612975974045187472022282337848007	-1,-1,-1,1,10	-11,-1,-1,1,10	ok
-1.223447	-31.593186	205896622687887473810203680	15604470	-1,-1,1,2,6	-11,-1,1,2	ok
-1.223447	-31.567134	16974308648913733482641604046152	35013601909992895	-1,-1,1,8,-9	-11,-1,1,10	ok
-1.223447	-31.541082	2214010359232145026291181011669452	35013601909992895	-1,-1,1,10,10	-11,-1,1,10	ok
-1.223447	-31.515030	8838922979787477218981561721110985	82935851880	-1,-1,1,10,-11	-11,1,2,4	ok
-1.223447	-31.488978	565234016346745878428756921776005	67591901280	-1,1,1,-11,-10	-11,1,-4,-2,1	ok
-1.223447	-31.462926	1033933513379052020	411859329	-1,1,-2,1,3	-11,1,-9,1	ok
-1.223447	-31.436874	4428436295879683646579	2878545729	-1,1,2,10,3	-11,1,10,-2	ok
-1.223447	-31.410822	4905902627815742284094	66543382011236970	-1,1,-3,-5,-2,1	-11,1,10,10	ok
-1.223447	-31.384770	2373576907605964139205940098564999	66543382011236970	-1,1,3,-11,10	-11,1,10,10	ok
-1.223447	-31.358717	2071939971843012376120522857350384	132958071218250579	-1,1,5,-10,10	-11,1,10,-11	ok
-1.223447	-31.332665	8865379032161488885518445790795034	132974631978766684	-1,1,7,10,-11	-11,-2,10,-11	ok
-1.223447	-31.306613	24927351012313495146991167595380	35025778700069857	-1,1,-9,1,9	-11,-2,1,10	ok
-1.223447	-31.280561	2224523351101539202167921067876835	37718569318771510	-1,1,9,10,10	-11,2,2,10	ok
-1.223447	-31.254509	4648857582719	66563091632793724	-1,1,-10,-3,1	-11,2,10,10	ok
-1.223447	-31.228457	616823184448707801834465399740789	26806417899484632	-1,1,-10,1,10	-11,-3,-8,-10	ok
-1.223447	-31.202405	48512486903955359	66582805632509545	-1,1,10,4,2	-11,3,10,10	ok
-1.223447	-31.176353	15300105596617379	66602524011032757	-1,1,10,9	-11,4,10,10	ok
-1.223447	-31.150301	433369464862329130241711835	35074517624763375	-1,1,10,10,-6	-11,-6,1,10	ok
-1.223447	-31.124248	66543374715025460	39201200509191307	-1,1,10,10	-11,-8,-3,10	ok
-1.223447	-31.098196	66543374715025460	35111105186352195	-1,1,10,10	-11,-9,1,10	ok
-1.223447	-31.072144	66543374715025460	66701181608454382	-1,1,10,10	-11,9,10,10	ok
-1.223447	-31.046092	2225840538306857047055153497572930	66711053393069074	-1,1,10,10,10	-11,-10,10,10	ok
-1.223447	-31.020040	2225840538306857047055153497572930	35123307398983789	-1,1,10,10,10	-11,-10,1,10	ok
-1.223447	-30.993988	2225840538306857047055153497572930	6088284	-1,1,10,10,10	-11,-10,-2,-2	ok
-1.223447	-30.967936	2225840538306857047055153497572930	25867310438847090	-1,1,10,10,10	-11,10,7,-10	ok
-1.223447	-30.941884	2225840538306857047055153497572930	2960514088213632	-1,1,10,10,10	-11,10,-10,8	ok
-1.223447	-30.915832	2225840538306857047055153497572930	545965772625057	-1,1,10,10,10	-11,10,10,7	ok
-1.223447	-30.889780	2225840538306857047055153497572930	66720926273439432	-1,1,10,10,10	-11,10,10,10	ok
-1.223447	-30.863727	2225840538306857047055153497572930	66720926273439432	-1,1,10,10,10	-11,10,10,10	ok
-1.223447	-30.837675	2225840538306857047055153497572930	66720926273439432	-1,1,10,10,10	-11,10,10,10	ok
-1.223447	-30.811623	2225840538306857047055153497572930	66720926273439432	-1,1,10,10,10	-11,10,10,10	ok
-1.223447	-30.785571	2225840562679803312173733158786429	66720926273439432	-1,-2,10,10,10	-11,10,10,10	ok
-1.223447	-30.759519	4846165979391313291212891359252	66720926273439432	-1,-2,10,10,8	-11,10,10,10	ok
-1.223447	-30.733467	18154262102339	66720925908142496	-1,-2,-10,-2,-2	10,10,10,10	ok
-1.223447	-30.707415	2223206870343887372459478252300494	66720925908142496	-1,-2,8,10,10	10,10,10,10	ok
-1.223447	-30.681363	2216634565596786495919483143003584	66720925908142496	-1,-2,3,10,10	10,10,10,10	ok
-1.223447	-30.655311	22395789153823405718930634357254	66720925908142496	-1,-2,2,-10,-9	10,10,10,10	ok
-1.223447	-30.629259	5695183504485864105705494	66720925908142496	-1,-2,-2,-2,-2,-2	10,10,10,10	ok
-1.223447	-30.603206	1930338054011731903314597320976014	66720925908142496	-1,-2,2,9,10	10,10,10,10	ok
-1.223447	-30.577154	12989824122779594	66720925908142496	-1,-2,-3,-4,2	10,10,10,10	ok
-1.223447	-30.551102	2220575929512067034602174415917575	66720925908142496	-1,2,6,10,10	10,10,10,10	ok
-1.223447	-30.525050	62134338496596750	66720925908142496	-1,2,9,10	10,10,10,10	ok
-1.223447	-30.498998	827684157373908346615677535339244	66720925908142496	-1,2,-10,3,10	10,10,10,10	ok
-1.223447	-30.472946	309682702921777853231979187526754	66720925908142496	-1,2,10,-7,-10	10,10,10,10	ok
-1.223447	-30.446894	3530495764003857315975	66720925908142496	-1,2,10,-10,3	10,10,10,10	ok
-1.223447	-30.420842	66563084335501754	66720925908142496	-1,2,10,10	10,10,10,10	ok
-1.223447	-30.394790	66563084335501754	66720925908142496	-1,2,10,10	10,10,10,10	ok
-1.223447	-30.368737	66563084335501754	66720925908142496	-1,2,10,10	10,10,10,10	ok
-1.223447	-30.342685	66563084335501754	66720925908142496	-1,2,10,10	10,10,10,10	ok
-1.223447	-30.316633	2225840587052749777455071183690310	32491315884349396	-1,2,10,10,10	10,10,10,-10	ok
-1.223447	-30.290581	769406469756420602453430433153985	32491315884349396	-1,-3,-10,-3,10	10,10,10,-10	ok
-1.223447	-30.264529	1933247862268787637632528077507002	32491315884349396	-1,-3,-5,9,10	10,10,10,-10	ok
-1.223447	-30.238477	952478813875633479638970111695349	32491315884349396	-1,-3,-3,4,10	10,10,10,-10	ok
-1.223447	-30.212425	57983660494761374	32491315884349396	-1,3,8,10	10,10,10,-10	ok
-1.223447	-30.186373	827684180586090778024594960214777	32491315884349396	-1,3,-10,3,10	10,10,10,-10	ok
-1.223447	-30.160321	32410806976297385	32491315884349396	-1,3,10,-10	10,10,10,-10	ok
-1.223447	-30.134269	66582798334137035	15359086166696990	-1,3,10,10	10,10,10,9	ok
-1.223447	-30.108216	66582798334137035	15359086166696990	-1,3,10,10	10,10,10,9	ok
-1.223447	-30.082164	890083694575339081780846914390789	15359086166696990	-1,-4,-10,-4,10	10,10,10,9	ok
-1.223447	-30.056112	525416481033526627836456511284575	7033347961312733	-1,-4,-4,10,-10	10,10,10,-9	ok
-1.223447	-30.030060	64353753707449754	2960514011265416	-1,4,-10,10	10,10,-10,8	ok
-1.223447	-30.004008	32422298387535252	1256763749991758	-1,4,10,-10	10,10,-10,-8	ok
-1.223447	-29.977956	66602516711579627	75198304256615	-1,4,10,10	10,10,-10,6	ok
-1.223447	-29.951904	449426867605604	9193718561633	-1,-5,-9,7	10,10,-10,5	ok
-1.223447	-29.925852	62190516765020580	3000741646508	-1,5,9,10	10,10,-10,-5	ok
-1.223447	-29.899800	32433792854344902	3000741646508	-1,5,10,-10	10,10,-10,-5	ok
-1.223447	-29.873747	32439541233758400	9193718561633	-1,-6,10,-10	10,10,-10,5	ok
-1.223447	-29.847695	26836320707414960	200753037500516	-1,-6,-8,-10	10,10,-10,-7	ok
-1.223447	-29.821643	15332849719008134	2960514011265416	-1,6,10,9	10,10,-10,8	ok
-1.223447	-29.795591	32445290377267955	14738679375925166	-1,6,10,-10	10,10,-10,9	ok
-1.223447	-29.769539	50429478562627527	31293739669567733	-1,-7,6,10	10,10,-10,-10	ok
-1.223447	-29.743487	511359928170035	31293739669567733	-1,7,-10,7	10,10,-10,-10	ok
-1.223447	-29.717435	32456790956846079	64469152281719483	-1,7,10,-10	10,10,-10,10	ok
-1.223447	-29.691383	32456790956846079	64469152281719483	-1,7,10,-10	10,10,-10,10	ok
-1.223447	-29.665331	14124927619304777	62284238565023483	-1,-8,9,9	10,10,9,10	ok
-1.223447	-29.639279	6123923398635044	62284238565023483	-1,-8,-9,-9	10,10,9,10	ok
-1.223447	-29.613226	14725954936485077	62284238565023483	-1,8,-10,9	10,10,9,10	ok
-1.223447	-29.587174	14725954936485077	62284238565023483	-1,8,-10,9	10,10,9,10	ok
-1.223447	-29.561122	15345962073538277	62284238565023483	-1,8,10,9	10,10,9,10	ok
-1.223447	-29.535070	32468294593620990	62284238565023483	-1,8,10,-10	10,10,9,10	ok
-1.223447	-29.509018	32468294593620990	30129578305505695	-1,8,10,-10	10,-10,9,-10	ok
-1.223447	-29.482966	32474047558626540	30129578305505695	-1,-9,10,-10	10,-10,9,-10	ok
-1.223447	-29.456914	2957650076023565	30129578305505695	-1,-9,-10,8	10,-10,9,-10	ok
-1.223447	-29.430862	62256106217378639	30129578305505695	-1,-9,9,10	10,-10,9,-10	ok
-1.223447	-29.404810	6127216826882384	14137260602068051	-1,-9,-9,-9	10,-10,9,9	ok
-1.223447	-29.378758	58081478168238755	13560414621494386	-1,-9,8,10	10,-10,-9,9	ok
-1.223447	-29.352705	6127216826882384	6130513687268506	-1,-9,-9,-9	10,-10,-9,-9	ok
-1.223447	-29.326653	30118697274694349	6130513687268506	-1,-9,9,-10	10,-10,-9,-9	ok
-1.223447	-29.300601	62265480372648734	6130513687268506	-1,9,9,10	10,-10,-9,-9	ok
-1.223447	-29.274549	62265480372648734	6130513687268506	-1,9,9,10	10,-10,-9,-9	ok
-1.223447	-29.248497	31282544843925584	6130513687268506	-1,9,-10,-10	10,-10,-9,-9	ok
-1.223447	-29.222445	31282544843925584	6130513687268506	-1,9,-10,-10	10,-10,-9,-9	ok
-1.223447	-29.196393	14732314495311119	13560414621494386	-1,9,-10,9	10,-10,-9,9	ok
-1.223447	-29.170341	14732314495311119	14137260602068051	-1,9,-10,9	10,-10,9,9	ok
-1.223447	-29.144289	14732314495311119	30129578305505695	-1,9,-10,9	10,-10,9,-10	ok
-1.223447	-29.118236	14732314495311119	30129578305505695	-1,9,-10,9	10,-10,9,-10	ok
-1.223447	-29.092184	14732314495311119	30129578305505695	-1,9,-10,9	10,-10,9,-10	ok
-1.223447	-29.066132	14732314495311119	30129578305505695	-1,9,-10,9	10,-10,9,-10	ok
-1.223447	-29.040080	14732314495311119	30129578305505695	-1,9,-10,9	10,-10,9,-10	ok
-1.223447	-29.014028	14732314495311119	30129578305505695	-1,9,-10,9	10,-10,9,-10	ok
-1.223447	-28.987976	14732314495311119	62274862291938445	-1,9,-10,9	10,-10,9,10	ok
-1.223447	-28.961924	14732314495311119	62274862291938445	-1,9,-10,9	10,-10,9,10	ok
-1.223447	-28.935872	14732314495311119	31288144257776695	-1,9,-10,9	10,-10,-10,-10	ok
-1.223447	-28.909820	14732314495311119	31288144257776695	-1,9,-10,9	10,-10,-10,-10	ok
-1.223447	-28.883768	14732314495311119	31288144257776695	-1,9,-10,9	10,-10,-10,-10	ok
-1.223447	-28.857715	14732314495311119	14735498308830058	-1,9,-10,9	10,-10,-10,9	ok
-1.223447	-28.831663	14732314495311119	14735498308830058	-1,9,-10,9	10,-10,-10,9	ok
-1.223447	-28.805611	14732314495311119	14735498308830058	-1,9,-10,9	10,-10,-10,9	ok
-1.223447	-28.779559	14732314495311119	14735498308830058	-1,9,-10,9	10,-10,-10,9	ok
-1.223447	-28.753507	14732314495311119	14735498308830058	-1,9,-10,9	10,-10,-10,9	ok
-1.223447	-28.727455	14732314495311119	14735498308830058	-1,9,-10,9	10,-10,-10,9	ok
-1.223447	-28.701403	14732314495311119	14732317756711450	-1,9,-10,9	10,9,-10,9	ok
-1.223447	-28.675351	14732314495311119	14732317756711450	-1,9,-10,9	10,9,-10,9	ok
-1.223447	-28.649299	14732314495311119	14732317756711450	-1,9,-10,9	10,9,-10,9	ok
-1.223447	-28.623246	14732314495311119	14732317756711450	-1,9,-10,9	10,9,-10,9	ok
-1.223447	-28.597194	14732314495311119	14732317756711450	-1,9,-10,9	10,9,-10,9	ok
-1.223447	-28.571142	14732314495311119	14732317756711450	-1,9,-10,9	10,9,-10,9	ok
-1.223447	-28.545090	14732314495311119	14732317756711450	-1,9,-10,9	10,9,-10,9	ok
-1.223447	-28.519038	14732314495311119	14732317756711450	-1,9,-10,9	10,9,-10,9	ok
-1.223447	-28.492986	14732314495311119	14732317756711450	-1,9,-10,9	10,9,-10,9	ok
-1.223447	-28.466934	14732314495311119	14732317756711450	-1,9,-10,9	10,9,-10,9	ok
-1.223447	-28.440882	14732314495311119	14732317756711450	-1,9,-10,9	10,9,-10,9	ok
-1.223447	-28.414830	14732314495311119	14732317585058792	-1,9,-10,9	-10,9,-10,9	ok
-1.223447	-28.388778	14732314495311119	14732317585058792	-1,9,-10,9	-10,9,-10,9	ok
-1.223447	-28.362725	14732314495311119	14732317585058792	-1,9,-10,9	-10,9,-10,9	ok
-1.223447	-28.336673	14732314495311119	14732317585058792	-1,9,-10,9	-10,9,-10,9	ok
-1.223447	-28.310621	14732314495311119	14732317585058792	-1,9,-10,9	-10,9,-10,9	ok
-1.223447	-28.284569	14732314495311119	14732317585058792	-1,9,-10,9	-10,9,-10,9	ok
-1.223447	-28.258517	14732314495311119	14732317585058792	-1,9,-10,9	-10,9,-10,9	ok
-1.223447	-28.232465	14732314495311119	14732317585058792	-1,9,-10,9	-10,9,-10,9	ok
-1.223447	-28.206413	14732314495311119	14732317585058792	-1,9,-10,9	-10,9,-10,9	ok
-1.223447	-28.180361	14732314495311119	14732317585058792	-1,9,-10,9	-10,9,-10,9	ok
-1.223447	-28.154309	14732314495311119	14732317585058792	-1,9,-10,9	-10,9,-10,9	ok
-1.223447	-28.128257	453895729641538607484895107171494	14732317585058792	-1,9,-10,9,-10	-10,9,-10,9	ok
-1.223447	-28.102204	453895729641538607484895107171494	14732317585058792	-1,9,-10,9,-10	-10,9,-10,9	ok
-1.223447	-28.076152	453895729641538607484895107171494	14732317585058792	-1,9,-10,9,-10	-10,9,-10,9	ok
-1.223447	-28.050100	453895729641538607484895107171494	14732317585058792	-1,9,-10,9,-10	-10,9,-10,9	ok
-1.223447	-28.024048	453895729641538607484895107171494	14732317585058792	-1,9,-10,9,-10	-10,9,-10,9	ok
-1.223447	-27.997996	453895729641538607484895107171494	14732317585058792	-1,9,-10,9,-10	-10,9,-10,9	ok
-1.223447	-27.971944	453895729641538607484895107171494	14732317585058792	-1,9,-10,9,-10	-10,9,-10,9	ok
-1.223447	-27.945892	453895729641538607484895107171494	14732317585058792	-1,9,-10,9,-10	-10,9,-10,9	ok
-1.223447	-27.919840	453895729641538607484895107171494	31282549346268347	-1,9,-10,9,-10	-10,9,-10,-10	ok
-1.223447	-27.893788	453895729641538607484895107171494	31282549346268347	-1,9,-10,9,-10	-10,9,-10,-10	ok
-1.223447	-27.867735	453895729641538607484895107171494	31282549346268347	-1,9,-10,9,-10	-10,9,-10,-10	ok
-1.223447	-27.841683	453895729641538607484895107171494	31282549346268347	-1,9,-10,9,-10	-10,9,-10,-10	ok
-1.223447	-27.815631	453895729641538607484895107171494	31282549346268347	-1,9,-10,9,-10	-10,9,-10,-10	ok
-1.223447	-27.789579	453895729641538607484895107171494	31282549346268347	-1,9,-10,9,-10	-10,9,-10,-10	ok
-1.223447	-27.763527	453895729641538607484895107171494	31282549346268347	-1,9,-10,9,-10	-10,9,-10,-10	ok
-1.223447	-27.737475	453895729641538607484895107171494	31282549346268347	-1,9,-10,9,-10	-10,9,-10,-10	ok
-1.223447	-27.711423	489473969894105793290234580880619	31282549346268347	-1,9,-10,-10,-10	-10,9,-10,-10	ok
-1.223447	-27.685371	489473969894105793290234580880619	31282549346268347	-1,9,-10,-10,-10	-10,9,-10,-10	ok
-1.223447	-27.659319	108567450145445918247420788024204	31282549346268347	-1,9,-10,-10,9	-10,9,-10,-10	ok
-1.223447	-27.633267	108567450145445918247420788024204	30124139508098357	-1,9,-10,-10,9	-10,9,9,-10	ok
-1.223447	-27.607214	108567450145445918247420788024204	30124139508098357	-1,9,-10,-10,9	-10,9,9,-10	ok
-1.223447	-27.581162	108520588184674852847904761334452	30124139508098357	-1,9,9,-10,9	-10,9,9,-10	ok
-1.223447	-27.555110	108520588184674852847904761334452	30124139508098357	-1,9,9,-10,9	-10,9,9,-10	ok
-1.223447	-27.529058	108520588184674852847904761334452	30124139508098357	-1,9,9,-10,9	-10,9,9,-10	ok
-1.223447	-27.503006	108520588184674852847904761334452	30124139508098357	-1,9,9,-10,9	-10,9,9,-10	ok
-1.223447	-27.476954	108520588184674852847904761334452	30124139508098357	-1,9,9,-10,9	-10,9,9,-10	ok
-1.223447	-27.450902	108520588184674852847904761334452	30124139508098357	-1,9,9,-10,9	-10,9,9,-10	ok
-1.223447	-27.424850	108520588184674852847904761334452	30124139508098357	-1,9,9,-10,9	-10,9,9,-10	ok
-1.223447	-27.398798	108520588184674852847904761334452	30124139508098357	-1,9,9,-10,9	-10,9,9,-10	ok
-1.223447	-27.372745	108520588184674852847904761334452	30124139508098357	-1,9,9,-10,9	-10,9,9,-10	ok
-1.223447	-27.346693	108520588184674867580222174740589	30124139508098357	1,9,9,-10,9	-10,9,9,-10	ok
-1.223447	-27.320641	14134174371883889	14134177230126971	1,9,9,9	-10,9,9,9	ok
-1.223447	-27.294589	14134174371883889	14134177230126971	1,9,9,9	-10,9,9,9	ok
-1.223447	-27.268537	14134174371883889	14134177230126971	1,9,9,9	-10,9,9,9	ok
-1.223447	-27.242485	14134174371883889	14134177230126971	1,9,9,9	-10,9,9,9	ok
-1.223447	-27.216433	14134174371883889	14134177230126971	1,9,9,9	-10,9,9,9	ok
-1.223447	-27.190381	99887480609913094787319783397708	14134177230126971	1,9,9,9,9	-10,9,9,9	ok
-1.223447	-27.164329	99887480609913094787319783397708	14134177230126971	1,9,9,9,9	-10,9,9,9	ok
-1.223447	-27.138277	99887480609913094787319783397708	14134177230126971	1,9,9,9,9	-10,9,9,9	ok
-1.223447	-27.112224	99887480609913094787319783397708	14134177230126971	1,9,9,9,9	-10,9,9,9	ok
-1.223447	-27.086172	99887480609913094787319783397708	14134177230126971	1,9,9,9,9	-10,9,9,9	ok
-1.223447	-27.060120	99887480609913094787319783397708	14134177230126971	1,9,9,9,9	-10,9,9,9	ok
-1.223447	-27.034068	99887480609913094787319783397708	14134177230126971	1,9,9,9,9	-10,9,9,9	ok
-1.223447	-27.008016	99887480609913094787319783397708	14134177230126971	1,9,9,9,9	-10,9,9,9	ok
-1.223447	-26.981964	99887480609913094787319783397708	14134177230126971	1,9,9,9,9	-10,9,9,9	ok
-1.223447	-26.955912	99887480609913094787319783397708	14134177230126971	1,9,9,9,9	-10,9,9,9	ok
-1.223447	-26.929860	99887480609913094787319783397708	14134177061995017	1,9,9,9,9	9,9,9,9	ok
-1.223447	-26.903808	99887480609913094787319783397708	14134177061995017	1,9,9,9,9	9,9,9,9	ok
-1.223447	-26.877756	99887480609913094787319783397708	14134177061995017	1,9,9,9,9	9,9,9,9	ok
-1.223447	-26.851703	99887480609913094787319783397708	14134177061995017	1,9,9,9,9	9,9,9,9	ok
-1.223447	-26.825651	99887480609913094787319783397708	14134177061995017	1,9,9,9,9	9,9,9,9	ok
-1.223447	-26.799599	99887480609913094787319783397708	14134177061995017	1,9,9,9,9	9,9,9,9	ok
-1.223447	-26.773547	99887480609913094787319783397708	14134177061995017	1,9,9,9,9	9,9,9,9	ok
-1.223447	-26.747495	99887480609913094787319783397708	14134177061995017	1,9,9,9,9	9,9,9,9	ok
-1.223447	-26.721443	99887480609913094787319783397708	14134177061995017	1,9,9,9,9	9,9,9,9	ok
-1.223447	-26.695391	99887480609913094787319783397708	14134177061995017	1,9,9,9,9	9,9,9,9	ok
-1.223447	-26.669339	99887480609913094787319783397708	14134177061995017	1,9,9,9,9	9,9,9,9	ok
-1.223447	-26.643287	99887480609913094787319783397708	14134177061995017	1,9,9,9,9	9,9,9,9	ok
-1.223447	-26.617234	99887480609913094787319783397708	14134177061995017	1,9,9,9,9	9,9,9,9	ok
-1.223447	-26.591182	99887480609913094787319783397708	14134177061995017	1,9,9,9,9	9,9,9,9	ok
-1.223447	-26.565130	99887480609913094787319783397708	14134177061995017	1,9,9,9,9	9,9,9,9	ok
-1.223447	-26.539078	99887480609913094787319783397708	14134177061995017	1,9,9,9,9	9,9,9,9	ok
-1.223447	-26.513026	99887480609913094787319783397708	14134177061995017	1,9,9,9,9	9,9,9,9	ok
-1.223447	-26.486974	99887480609913094787319783397708	14134177061995017	1,9,9,9,9	9,9,9,9	ok
-1.223447	-26.460922	99887480609913094787319783397708	14134177061995017	1,9,9,9,9	9,9,9,9	ok
-1.223447	-26.434870	99887480609913094787319783397708	14134177061995017	1,9,9,9,9	9,9,9,9	ok
-1.223447	-26.408818	99887480609913094787319783397708	14134177061995017	1,9,9,9,9	9,9,9,9	ok
-1.223447	-26.382766	99887480609913094787319783397708	14134177061995017	1,9,9,9,9	9,9,9,9	ok
-1.223447	-26.356713	99887480609913094787319783397708	14134177061995017	1,9,9,9,9	9,9,9,9	ok
-1.223447	-26.330661	99887480609913094787319783397708	14134177061995017	1,9,9,9,9	9,9,9,9	ok
-1.223447	-26.304609	99887480609913094787319783397708	14134177061995017	1,9,9,9,9	9,9,9,9	ok
-1.223447	-26.278557	99887480609913094787319783397708	14134177061995017	1,9,9,9,9	9,9,9,9	ok
-1.223447	-26.252505	99887480609913094787319783397708	14134177061995017	1,9,9,9,9	9,9,9,9	ok
-1.223447	-26.226453	99887480609913094787319783397708	14134177061995017	1,9,9,9,9	9,9,9,9	ok
-1.223447	-26.200401	99887480609913094787319783397708	14134177061995017	1,9,9,9,9	9,9,9,9	ok
-1.223447	-26.174349	99887480609913094787319783397708	14134177061995017	1,9,9,9,9	9,9,9,9	ok
-1.223447	-26.148297	99887480609913094787319783397708	14134177061995017	1,9,9,9,9	9,9,9,9	ok
-1.223447	-26.122244	99887480609913094787319783397708	14134177061995017	1,9,9,9,9	9,9,9,9	ok
-1.223447	-26.096192	99887480609913094787319783397708	14134177061995017	1,9,9,9,9	9,9,9,9	ok
-1.223447	-26.070140	99887480609913094787319783397708	14134177061995017	1,9,9,9,9	9,9,9,9	ok
-1.223447	-26.044088	99887480609913094787319783397708	14134177061995017	1,9,9,9,9	9,9,9,9	ok
-1.223447	-26.018036	99887480609913094787319783397708	14134177061995017	1,9,9,9,9	9,9,9,9	ok
-1.223447	-25.991984	99887480609913094787319783397708	14134177061995017	1,9,9,9,9	9,9,9,9	ok
-1.223447	-25.965932	99887480609913094787319783397708	14134177061995017	1,9,9,9,9	9,9,9,9	ok
-1.223447	-25.939880	99887480609913094787319783397708	14134177061995017	1,9,9,9,9	9,9,9,9	ok
-1.223447	-25.913828	99887480609913094787319783397708	14134177061995017	1,9,9,9,9	9,9,9,9	ok
-1.223447	-25.887776	99887480609913094787319783397708	14134177061995017	1,9,9,9,9	9,9,9,9	ok
-1.223447	-25.861723	99887480609913094787319783397708	14134177061995017	1,9,9,9,9	9,9,9,9	ok
-1.223447	-25.835671	99887480609913094787319783397708	14134177061995017	1,9,9,9,9	9,9,9,9	ok
-1.223447	-25.809619	99887480609913094787319783397708	14134177061995017	1,9,9,9,9	9,9,9,9	ok
-1.223447	-25.783567	99887480609913094787319783397708	14134177061995017	1,9,9,9,9	9,9,9,9	ok
-1.223447	-25.757515	99887480609913094787319783397708	14134177061995017	1,9,9,9,9	9,9,9,9	ok
-1.223447	-25.731463	99887480609913094787319783397708	14134177061995017	1,9,9,9,9	9,9,9,9	ok
-1.223447	-25.705411	99887480609913094787319783397708	14134177061995017	1,9,9,9,9	9,9,9,9	ok
-1.223447	-25.679359	99887480609913094787319783397708	14134177061995017	1,9,9,9,9	9,9,9,9	ok
-1.223447	-25.653307	99887480609913094787319783397708	14134177061995017	1,9,9,9,9	9,9,9,9	ok
-1.223447	-25.627255	99887480609913094787319783397708	14134177061995017	1,9,9,9,9	9,9,9,9	ok
-1.223447	-25.601202	99887480609913094787319783397708	14134177061995017	1,9,9,9,9	9,9,9,9	ok
-1.223447	-25.575150	99887480609913094787319783397708	14134177061995017	1,9,9,9,9	9,9,9,9	ok
-1.223447	-25.549098	99887480609913094787319783397708	14134177061995017	1,9,9,9,9	9,9,9,9	ok
-1.223447	-25.523046	99887480609913094787319783397708	14134177061995017	1,9,9,9,9	9,9,9,9	ok
-1.223447	-25.496994	99887480609913094787319783397708	14134177061995017	1,9,9,9,9	9,9,9,9	ok
-1.223447	-25.470942	99887480609913094787319783397708	14134177061995017	1,9,9,9,9	9,9,9,9	ok
-1.223447	-25.444890	99887480609913094787319783397708	14134177061995017	1,9,9,9,9	9,9,9,9	ok
-1.223447	-25.418838	99887480609913094787319783397708	14134177061995017	1,9,9,9,9	9,9,9,9	ok
-1.223447	-25.392786	99887480609913094787319783397708	14134177061995017	1,9,9,9,9	9,9,9,9	ok
-1.223447	-25.366733	99887480609913094787319783397708	14134177061995017	1,9,9,9,9	9,9,9,9	ok
-1.223447	-25.340681	99887480609913094787319783397708	14134177061995017	1,9,9,9,9	9,9,9,9	ok
-1.223447	-25.314629	99887480609913094787319783397708	14134177061995017	1,9,9,9,9	9,9,9,9	ok
-1.223447	-25.288577	99887480609913094787319783397708	14134177061995017	1,9,9,9,9	9,9,9,9	ok
-1.223447	-25.262525	99887480609913094787319783397708	14134177061995017	1,9,9,9,9	9,9,9,9	ok
-1.223447	-25.236473	99887480609913094787319783397708	14134177061995017	1,9,9,9,9	9,9,9,9	ok
-1.223447	-25.210421	99887480609913094787319783397708	14134177061995017	1,9,9,9,9	9,9,9,9	ok
-1.223447	-25.184369	99887480609913094787319783397708	14134177061995017	1,9,9,9,9	9,9,9,9	ok
-1.223447	-25.158317	18771403874319079111379122357950	14134177061995017	-1,-9,-9,-9,-9	9,9,9,9	ok
-1.223447	-25.132265	18771403874319079111379122357950	14134177061995017	-1,-9,-9,-9,-9	9,9,9,9	ok
-1.223447	-25.106212	18771403874319079111379122357950	6417185109182742	-1,-9,-9,-9,-9	9,9,9,-9	ok
-1.223447	-25.080160	18771403874319079111379122357950	6417185109182742	-1,-9,-9,-9,-9	9,9,9,-9	ok
-1.223447	-25.054108	18771403874319079111379122357950	6128865921236743	-1,-9,-9,-9,-9	9,9,-9,-9	ok
-1.223447	-25.028056	18771403874319079111379122357950	6128865921236743	-1,-9,-9,-9,-9	9,9,-9,-9	ok
-1.223447	-25.002004	18771403874319079111379122357950	6128865921236743	-1,-9,-9,-9,-9	9,9,-9,-9	ok
-1.223447	-24.975952	18771403874319079111379122357950	6128865921236743	-1,-9,-9,-9,-9	9,9,-9,-9	ok
-1.223447	-24.949900	18771403874319079111379122357950	6128865921236743	-1,-9,-9,-9,-9	9,9,-9,-9	ok
-1.223447	-24.923848	18771403874319079111379122357950	6128865921236743	-1,-9,-9,-9,-9	9,9,-9,-9	ok
-1.223447	-24.897796	18771403874319079111379122357950	6128865921236743	-1,-9,-9,-9,-9	9,9,-9,-9	ok
-1.223447	-24.871743	18771403874319079111379122357950	6127218708778185	-1,-9,-9,-9,-9	9,-9,-9,-9	ok
-1.223447	-24.845691	18771403874319079111379122357950	6127218708778185	-1,-9,-9,-9,-9	9,-9,-9,-9	ok
-1.223447	-24.819639	18771403874319079111379122357950	6127218708778185	-1,-9,-9,-9,-9	9,-9,-9,-9	ok
-1.223447	-24.793587	18771403874319079111379122357950	6127218708778185	-1,-9,-9,-9,-9	9,-9,-9,-9	ok
-1.223447	-24.767535	18771403874319079111379122357950	6127218708778185	-1,-9,-9,-9,-9	9,-9,-9,-9	ok
-1.223447	-24.741483	18771403874319079111379122357950	6127218708778185	-1,-9,-9,-9,-9	9,-9,-9,-9	ok
-1.223447	-24.715431	18771403874319079111379122357950	6127218708778185	-1,-9,-9,-9,-9	9,-9,-9,-9	ok
-1.223447	-24.689379	18771403874319079111379122357950	6127218708778185	-1,-9,-9,-9,-9	9,-9,-9,-9	ok
-1.223447	-24.663327	18771403874319079111379122357950	6127218708778185	-1,-9,-9,-9,-9	9,-9,-9,-9	ok
-1.223447	-24.637275	18771403874319079111379122357950	6127218708778185	-1,-9,-9,-9,-9	9,-9,-9,-9	ok
-1.223447	-24.611222	18771403874319079111379122357950	6127218708778185	-1,-9,-9,-9,-9	9,-9,-9,-9	ok
-1.223447	-24.585170	18771403874319079111379122357950	6127218708778185	-1,-9,-9,-9,-9	9,-9,-9,-9	ok
-1.223447	-24.559118	18771403874319079111379122357950	6127218708778185	-1,-9,-9,-9,-9	9,-9,-9,-9	ok
-1.223447	-24.533066	18771403874319079111379122357950	6127218708778185	-1,-9,-9,-9,-9	9,-9,-9,-9	ok
-1.223447	-24.507014	18771403874319079111379122357950	6127218708778185	-1,-9,-9,-9,-9	9,-9,-9,-9	ok
-1.223447	-24.480962	18771403874319079111379122357950	6127218708778185	-1,-9,-9,-9,-9	9,-9,-9,-9	ok
-1.223447	-24.454910	18771403874319079111379122357950	6127218708778185	-1,-9,-9,-9,-9	9,-9,-9,-9	ok
-1.223447	-24.428858	18771403874319079111379122357950	6127218708778185	-1,-9,-9,-9,-9	9,-9,-9,-9	ok
-1.223447	-24.402806	18771403874319079111379122357950	6127218708778185	-1,-9,-9,-9,-9	9,-9,-9,-9	ok
-1.223447	-24.376754	18771403874319079111379122357950	6127218708778185	-1,-9,-9,-9,-9	9,-9,-9,-9	ok
-1.223447	-24.350701	18771403874319079111379122357950	6127218708778185	-1,-9,-9,-9,-9	9,-9,-9,-9	ok
-1.223447	-24.324649	18771403874319079111379122357950	6127218708778185	-1,-9,-9,-9,-9	9,-9,-9,-9	ok
-1.223447	-24.298597	18771403874319079111379122357950	6127218708778185	-1,-9,-9,-9,-9	9,-9,-9,-9	ok
-1.223447	-24.272545	18771403874319079111379122357950	6127218708778185	-1,-9,-9,-9,-9	9,-9,-9,-9	ok
-1.223447	-24.246493	18771403874319079111379122357950	6127218708778185	-1,-9,-9,-9,-9	9,-9,-9,-9	ok
-1.223447	-24.220441	18771403874319079111379122357950	6127218708778185	-1,-9,-9,-9,-9	9,-9,-9,-9	ok
-1.223447	-24.194389	18771403874319079111379122357950	6127218708778185	-1,-9,-9,-9,-9	9,-9,-9,-9	ok
-1.223447	-24.168337	18771403874319079111379122357950	6127218708778185	-1,-9,-9,-9,-9	9,-9,-9,-9	ok
-1.223447	-24.142285	18771403874319079111379122357950	6127218708778185	-1,-9,-9,-9,-9	9,-9,-9,-9	ok
-1.223447	-24.116232	18771403874319079111379122357950	6127218708778185	-1,-9,-9,-9,-9	9,-9,-9,-9	ok
-1.223447	-24.090180	18771403874319079111379122357950	6127218598078424	-1,-9,-9,-9,-9	-9,-9,-9,-9	ok
-1.223447	-24.064128	18771403874319079111379122357950	6127218598078424	-1,-9,-9,-9,-9	-9,-9,-9,-9	ok
-1.223447	-24.038076	18771403874319079111379122357950	6127218598078424	-1,-9,-9,-9,-9	-9,-9,-9,-9	ok
-1.223447	-24.012024	18771403874319079111379122357950	6127218598078424	-1,-9,-9,-9,-9	-9,-9,-9,-9	ok
-1.223447	-23.985972	18771403874319079111379122357950	6127218598078424	-1,-9,-9,-9,-9	-9,-9,-9,-9	ok
-1.223447	-23.959920	18771403874319079111379122357950	6127218598078424	-1,-9,-9,-9,-9	-9,-9,-9,-9	ok
-1.223447	-23.933868	18771403874319079111379122357950	6127218598078424	-1,-9,-9,-9,-9	-9,-9,-9,-9	ok
-1.223447	-23.907816	18771403874319079111379122357950	6127218598078424	-1,-9,-9,-9,-9	-9,-9,-9,-9	ok
-1.223447	-23.881764	18771403874319079111379122357950	6127218598078424	-1,-9,-9,-9,-9	-9,-9,-9,-9	ok
-1.223447	-23.855711	18771403874319079111379122357950	6127218598078424	-1,-9,-9,-9,-9	-9,-9,-9,-9	ok
-1.223447	-23.829659	18771403874319079111379122357950	6127218598078424	-1,-9,-9,-9,-9	-9,-9,-9,-9	ok
-1.223447	-23.803607	18771403874319079111379122357950	6127218598078424	-1,-9,-9,-9,-9	-9,-9,-9,-9	ok
-1.223447	-23.777555	18771403874319079111379122357950	6127218598078424	-1,-9,-9,-9,-9	-9,-9,-9,-9	ok
-1.223447	-23.751503	18771403874319079111379122357950	6127218598078424	-1,-9,-9,-9,-9	-9,-9,-9,-9	ok
-1.223447	-23.725451	18771403874319079111379122357950	6127218598078424	-1,-9,-9,-9,-9	-9,-9,-9,-9	ok
-1.223447	-23.699399	18771403874319079111379122357950	6127218598078424	-1,-9,-9,-9,-9	-9,-9,-9,-9	ok
-1.223447	-23.673347	18771403874319079111379122357950	6127218598078424	-1,-9,-9,-9,-9	-9,-9,-9,-9	ok
-1.223447	-23.647295	18771403874319079111379122357950	6127218598078424	-1,-9,-9,-9,-9	-9,-9,-9,-9	ok
-1.223447	-23.621242	18771403874319079111379122357950	6127218598078424	-1,-9,-9,-9,-9	-9,-9,-9,-9	ok
-1.223447	-23.595190	18771403874319079111379122357950	6127218598078424	-1,-9,-9,-9,-9	-9,-9,-9,-9	ok
-1.223447	-23.569138	18771403874319079111379122357950	6127218598078424	-1,-9,-9,-9,-9	-9,-9,-9,-9	ok
-1.223447	-23.543086	18771403874319079111379122357950	6127218598078424	-1,-9,-9,-9,-9	-9,-9,-9,-9	ok
-1.223447	-23.517034	18771403874319079111379122357950	6127218598078424	-1,-9,-9,-9,-9	-9,-9,-9,-9	ok
-1.223447	-23.490982	18771403874319079111379122357950	6127218598078424	-1,-9,-9,-9,-9	-9,-9,-9,-9	ok
-1.223447	-23.464930	18771403874319079111379122357950	6127218598078424	-1,-9,-9,-9,-9	-9,-9,-9,-9	ok
-1.223447	-23.438878	18771403874319079111379122357950	6127218598078424	-1,-9,-9,-9,-9	-9,-9,-9,-9	ok
-1.223447	-23.412826	18771403874319079111379122357950	6127218598078424	-1,-9,-9,-9,-9	-9,-9,-9,-9	ok
-1.223447	-23.386774	18771403874319079111379122357950	6127218598078424	-1,-9,-9,-9,-9	-9,-9,-9,-9	ok
-1.223447	-23.360721	18771403874319079111379122357950	6127218598078424	-1,-9,-9,-9,-9	-9,-9,-9,-9	ok
-1.223447	-23.334669	18771403874319079111379122357950	6127218598078424	-1,-9,-9,-9,-9	-9,-9,-9,-9	ok
-1.223447	-23.308617	18771403874319079111379122357950	6127218598078424	-1,-9,-9,-9,-9	-9,-9,-9,-9	ok
-1.223447	-23.282565	18771403874319079111379122357950	6127218598078424	-1,-9,-9,-9,-9	-9,-9,-9,-9	ok
-1.223447	-23.256513	18771403874319079111379122357950	6125571717704269	-1,-9,-9,-9,-9	-9,8,-9,-9	ok
-1.223447	-23.230461	18771403874319079111379122357950	6125571717704269	-1,-9,-9,-9,-9	-9,8,-9,-9	ok
-1.223447	-23.204409	18771403196037456963779279659110	6125571717704269	-1,8,-9,-9,-9	-9,8,-9,-9	ok
-1.223447	-23.178357	18771403196037456963779279659110	6125571717704269	-1,8,-9,-9,-9	-9,8,-9,-9	ok
-1.223447	-23.152305	17113432059335363421900214640502	2671081176279736	-1,8,-9,8,-9	-9,8,-9,8	ok
-1.223447	-23.126253	17113432059335363421900214640502	2671081176279736	-1,8,-9,8,-9	-9,8,-9,8	ok
-1.223447	-23.100200	17113432059335363421900214640502	2671081176279736	-1,8,-9,8,-9	-9,8,-9,8	ok
-1.223447	-23.074148	17113432059335363421900214640502	2671081176279736	-1,8,-9,8,-9	-9,8,-9,8	ok
-1.223447	-23.048096	17113432059335363421900214640502	2671081176279736	-1,8,-9,8,-9	-9,8,-9,8	ok
-1.223447	-23.022044	17113432059335363421900214640502	2671081176279736	-1,8,-9,8,-9	-9,8,-9,8	ok
-1.223447	-22.995992	17113432059335363421900214640502	2671081176279736	-1,8,-9,8,-9	-9,8,-9,8	ok
-1.223447	-22.969940	17113432059335363421900214640502	2671081176279736	-1,8,-9,8,-9	-9,8,-9,8	ok
-1.223447	-22.943888	17113432059335363421900214640502	2671081176279736	-1,8,-9,8,-9	-9,8,-9,8	ok
-1.223447	-22.917836	17113432059335363421900214640502	2671081176279736	-1,8,-9,8,-9	-9,8,-9,8	ok
-1.223447	-22.891784	17113432059335363421900214640502	2671081176279736	-1,8,-9,8,-9	-9,8,-9,8	ok
-1.223447	-22.865731	17113432059335363421900214640502	2671081176279736	-1,8,-9,8,-9	-9,8,-9,8	ok
-1.223447	-22.839679	17113432059335363421900214640502	2671081176279736	-1,8,-9,8,-9	-9,8,-9,8	ok
-1.223447	-22.813627	17113432059335363421900214640502	2671081176279736	-1,8,-9,8,-9	-9,8,-9,8	ok
-1.223447	-22.787575	17113432059335363421900214640502	2671081176279736	-1,8,-9,8,-9	-9,8,-9,8	ok
-1.223447	-22.761523	17113432059335363421900214640502	2671081176279736	-1,8,-9,8,-9	-9,8,-9,8	ok
-1.223447	-22.735471	17113432059335363421900214640502	2671081176279736	-1,8,-9,8,-9	-9,8,-9,8	ok
-1.223447	-22.709419	18771403196037456963779279659110	2671081176279736	-1,8,-9,-9,-9	-9,8,-9,8	ok
-1.223447	-22.683367	3567337129908398802593659638902	2671081176279736	-1,8,8,-9,8	-9,8,-9,8	ok
-1.223447	-22.657315	3567337129908398802593659638902	6125571717704269	-1,8,8,-9,8	-9,8,-9,-9	ok
-1.223447	-22.631263	3567337129908398802593659638902	5848782350016823	-1,8,8,-9,8	-9,8,8,-9	ok
-1.223447	-22.605210	3567337129908398802593659638902	5848782350016823	-1,8,8,-9,8	-9,8,8,-9	ok
-1.223447	-22.579158	17104126856357488909866837685830	2537570117940154	-1,8,8,8,-9	-9,8,8,8	ok
-1.223447	-22.553106	3219630870954874081466514659729	2537570117940154	-1,8,8,8,8	-9,8,8,8	ok
-1.223447	-22.527054	3219630870954874081466514659729	2537570117940154	-1,8,8,8,8	-9,8,8,8	ok
-1.223447	-22.501002	3219630870954874081466514659729	2537570117940154	-1,8,8,8,8	-9,8,8,8	ok
-1.223447	-22.474950	3219630870954874081466514659729	2537570117940154	-1,8,8,8,8	-9,8,8,8	ok
-1.223447	-22.448898	3219630870954874081466514659729	2537570117940154	-1,8,8,8,8	-9,8,8,8	ok
-1.223447	-22.422846	3219630870954874081466514659729	2537570117940154	-1,8,8,8,8	-9,8,8,8	ok
-1.223447	-22.396794	3219630870954874081466514659729	2537570117940154	-1,8,8,8,8	-9,8,8,8	ok
-1.223447	-22.370741	3219630870954874081466514659729	2537570117940154	-1,8,8,8,8	-9,8,8,8	ok
-1.223447	-22.344689	3219630870954874081466514659729	2537570046700137	-1,8,8,8,8	8,8,8,8	ok
-1.223447	-22.318637	3219630870954874081466514659729	2537570046700137	-1,8,8,8,8	8,8,8,8	ok
-1.223447	-22.292585	3219630870954874081466514659729	2537570046700137	-1,8,8,8,8	8,8,8,8	ok
-1.223447	-22.266533	3219630870954874081466514659729	2537570046700137	-1,8,8,8,8	8,8,8,8	ok
-1.223447	-22.240481	3219630870954874081466514659729	2537570046700137	-1,8,8,8,8	8,8,8,8	ok
-1.223447	-22.214429	3219630870954874081466514659729	2537570046700137	-1,8,8,8,8	8,8,8,8	ok
-1.223447	-22.188377	3219630870954874081466514659729	2537570046700137	-1,8,8,8,8	8,8,8,8	ok
-1.223447	-22.162325	3219630870954874081466514659729	2537570046700137	-1,8,8,8,8	8,8,8,8	ok
-1.223447	-22.136273	3219630870954874081466514659729	2537570046700137	-1,8,8,8,8	8,8,8,8	ok
-1.223447	-22.110220	3219630870954874081466514659729	2537570046700137	-1,8,8,8,8	8,8,8,8	ok
-1.223447	-22.084168	3219630870954874081466514659729	2537570046700137	-1,8,8,8,8	8,8,8,8	ok
-1.223447	-22.058116	3219630870954874081466514659729	2537570046700137	-1,8,8,8,8	8,8,8,8	ok
-1.223447	-22.032064	3219630870954874081466514659729	2537570046700137	-1,8,8,8,8	8,8,8,8	ok
-1.223447	-22.006012	3219630870954874081466514659729	2537570046700137	-1,8,8,8,8	8,8,8,8	ok
-1.223447	-21.979960	3219630870954874081466514659729	2537570046700137	-1,8,8,8,8	8,8,8,8	ok
-1.223447	-21.953908	3219630870954874081466514659729	2537570046700137	-1,8,8,8,8	8,8,8,8	ok
-1.223447	-21.927856	3219630870954874081466514659729	2537570046700137	-1,8,8,8,8	8,8,8,8	ok
-1.223447	-21.901804	3219630870954874081466514659729	2537570046700137	-1,8,8,8,8	8,8,8,8	ok
-1.223447	-21.875752	3219630870954874081466514659729	2537570046700137	-1,8,8,8,8	8,8,8,8	ok
-1.223447	-21.849699	3219630870954874081466514659729	2537570046700137	-1,8,8,8,8	8,8,8,8	ok
-1.223447	-21.823647	3219630870954874081466514659729	2537570046700137	-1,8,8,8,8	8,8,8,8	ok
-1.223447	-21.797595	3219630870954874081466514659729	2537570046700137	-1,8,8,8,8	8,8,8,8	ok
-1.223447	-21.771543	3219630870954874081466514659729	2537570046700137	-1,8,8,8,8	8,8,8,8	ok
-1.223447	-21.745491	3219630870954874081466514659729	2537570046700137	-1,8,8,8,8	8,8,8,8	ok
-1.223447	-21.719439	3219630870954874081466514659729	2537570046700137	-1,8,8,8,8	8,8,8,8	ok
-1.223447	-21.693387	3219630870954874081466514659729	2537570046700137	-1,8,8,8,8	8,8,8,8	ok
-1.223447	-21.667335	3219630870954874081466514659729	2537570046700137	-1,8,8,8,8	8,8,8,8	ok
-1.223447	-21.641283	3219630870954874081466514659729	2537570046700137	-1,8,8,8,8	8,8,8,8	ok
-1.223447	-21.615230	3219630870954874081466514659729	2537570046700137	-1,8,8,8,8	8,8,8,8	ok
-1.223447	-21.589178	3219630870954874081466514659729	2537570046700137	-1,8,8,8,8	8,8,8,8	ok
-1.223447	-21.563126	3219630870954874081466514659729	2537570046700137	-1,8,8,8,8	8,8,8,8	ok
-1.223447	-21.537074	3219630870954874081466514659729	2537570046700137	-1,8,8,8,8	8,8,8,8	ok
-1.223447	-21.511022	3219630870954874081466514659729	2537570046700137	-1,8,8,8,8	8,8,8,8	ok
-1.223447	-21.484970	3219630870954874081466514659729	2537570046700137	-1,8,8,8,8	8,8,8,8	ok
-1.223447	-21.458918	3219630870954874081466514659729	2537570046700137	-1,8,8,8,8	8,8,8,8	ok
-1.223447	-21.432866	3219630870954874081466514659729	2537570046700137	-1,8,8,8,8	8,8,8,8	ok
-1.223447	-21.406814	3219630870954874081466514659729	2537570046700137	-1,8,8,8,8	8,8,8,8	ok
-1.223447	-21.380762	3219630870954874081466514659729	2537570046700137	-1,8,8,8,8	8,8,8,8	ok
-1.223447	-21.354709	3219630870954874081466514659729	2537570046700137	-1,8,8,8,8	8,8,8,8	ok
-1.223447	-21.328657	3219630870954874081466514659729	2537570046700137	-1,8,8,8,8	8,8,8,8	ok
-1.223447	-21.302605	3219630870954874081466514659729	2537570046700137	-1,8,8,8,8	8,8,8,8	ok
-1.223447	-21.276553	3219630870954874081466514659729	2537570046700137	-1,8,8,8,8	8,8,8,8	ok
-1.223447	-21.250501	3219630870954874081466514659729	2537570046700137	-1,8,8,8,8	8,8,8,8	ok
-1.223447	-21.224449	3219630870954874081466514659729	2537570046700137	-1,8,8,8,8	8,8,8,8	ok
-1.223447	-21.198397	3219630870954874081466514659729	2537570046700137	-1,8,8,8,8	8,8,8,8	ok
-1.223447	-21.172345	3219630870954874081466514659729	2537570046700137	-1,8,8,8,8	8,8,8,8	ok
-1.223447	-21.146293	3219630870954874081466514659729	2537570046700137	-1,8,8,8,8	8,8,8,8	ok
-1.223447	-21.120240	3219630870954874081466514659729	2537570046700137	-1,8,8,8,8	8,8,8,8	ok
-1.223447	-21.094188	3219630870954874081466514659729	2537570046700137	-1,8,8,8,8	8,8,8,8	ok
-1.223447	-21.068136	3219630870954874081466514659729	2537570046700137	-1,8,8,8,8	8,8,8,8	ok
-1.223447	-21.042084	3219630870954874081466514659729	2537570046700137	-1,8,8,8,8	8,8,8,8	ok
-1.223447	-21.016032	3219630870954874081466514659729	2537570046700137	-1,8,8,8,8	8,8,8,8	ok
-1.223447	-20.989980	3219630870954874081466514659729	2537570046700137	-1,8,8,8,8	8,8,8,8	ok
-1.223447	-20.963928	3219630870954874081466514659729	2537570046700137	-1,8,8,8,8	8,8,8,8	ok
-1.223447	-20.937876	3219630870954874081466514659729	2537570046700137	-1,8,8,8,8	8,8,8,8	ok
-1.223447	-20.911824	3219630870954874081466514659729	2537570046700137	-1,8,8,8,8	8,8,8,8	ok
-1.223447	-20.885772	3219630870954874081466514659729	2537570046700137	-1,8,8,8,8	8,8,8,8	ok
-1.223447	-20.859719	3219630870954874081466514659729	2537570046700137	-1,8,8,8,8	8,8,8,8	ok
-1.223447	-20.833667	3219630870954874081466514659729	2537570046700137	-1,8,8,8,8	8,8,8,8	ok
-1.223447	-20.807615	3219630870954874081466514659729	2537570046700137	-1,8,8,8,8	8,8,8,8	ok
-1.223447	-20.781563	3219630870954874081466514659729	2537570046700137	-1,8,8,8,8	8,8,8,8	ok
-1.223447	-20.755511	3219630870954874081466514659729	2537570046700137	-1,8,8,8,8	8,8,8,8	ok
-1.223447	-20.729459	3219630870954874081466514659729	2537570046700137	-1,8,8,8,8	8,8,8,8	ok
-1.223447	-20.703407	3219630870954874081466514659729	2537570046700137	-1,8,8,8,8	8,8,8,8	ok
-1.223447	-20.677355	3219630870954874081466514659729	2537570046700137	-1,8,8,8,8	8,8,8,8	ok
-1.223447	-20.651303	3219630870954874081466514659729	2537570046700137	-1,8,8,8,8	8,8,8,8	ok
-1.223447	-20.625251	3219630870954874081466514659729	2537570046700137	-1,8,8,8,8	8,8,8,8	ok
-1.223447	-20.599198	3219630870954874081466514659729	2537570046700137	-1,8,8,8,8	8,8,8,8	ok
-1.223447	-20.573146	3219630870954874081466514659729	2537570046700137	-1,8,8,8,8	8,8,8,8	ok
-1.223447	-20.547094	3219630870954874081466514659729	2537570046700137	-1,8,8,8,8	8,8,8,8	ok
-1.223447	-20.521042	3219630870954874081466514659729	2537570046700137	-1,8,8,8,8	8,8,8,8	ok
-1.223447	-20.494990	3219630870954874081466514659729	2537570046700137	-1,8,8,8,8	8,8,8,8	ok
-1.223447	-20.468938	3219630870954874081466514659729	2537570046700137	-1,8,8,8,8	8,8,8,8	ok
-1.223447	-20.442886	3219630870954874081466514659729	2537570046700137	-1,8,8,8,8	8,8,8,8	ok
-1.223447	-20.416834	3219630870954874081466514659729	2537570046700137	-1,8,8,8,8	8,8,8,8	ok
-1.223447	-20.390782	3219630870954874081466514659729	2537570046700137	-1,8,8,8,8	8,8,8,8	ok
-1.223447	-20.364729	3219630870954874081466514659729	2537570046700137	-1,8,8,8,8	8,8,8,8	ok
-1.223447	-20.338677	3219630870954874081466514659729	2537570046700137	-1,8,8,8,8	8,8,8,8	ok
-1.223447	-20.312625	3219630870954874081466514659729	2537570046700137	-1,8,8,8,8	8,8,8,8	ok
-1.223447	-20.286573	3219630870954874081466514659729	2537570046700137	-1,8,8,8,8	8,8,8,8	ok
-1.223447	-20.260521	3219630870954874081466514659729	2537570046700137	-1,8,8,8,8	8,8,8,8	ok
-1.223447	-20.234469	3219630870954874081466514659729	2537570046700137	-1,8,8,8,8	8,8,8,8	ok
-1.223447	-20.208417	3219630870954874081466514659729	2537570046700137	-1,8,8,8,8	8,8,8,8	ok
-1.223447	-20.182365	3219630870954874081466514659729	2537570046700137	-1,8,8,8,8	8,8,8,8	ok
-1.223447	-20.156313	3219630870954874081466514659729	2537570046700137	-1,8,8,8,8	8,8,8,8	ok
-1.223447	-20.130261	3219630870954874081466514659729	2537570046700137	-1,8,8,8,8	8,8,8,8	ok
-1.223447	-20.104208	3219630870954874081466514659729	2537570046700137	-1,8,8,8,8	8,8,8,8	ok
-1.223447	-20.078156	3219630870954874081466514659729	2537570046700137	-1,8,8,8,8	8,8,8,8	ok
-1.223447	-20.052104	3219630870954874081466514659729	2537570046700137	-1,8,8,8,8	8,8,8,8	ok
-1.223447	-20.026052	3219630870954874081466514659729	2537570046700137	-1,8,8,8,8	8,8,8,8	ok
-1.223447	-20.000000	3219630870954874081466514659729	2537570046700137	-1,8,8,8,8	8,8,8,8	ok
