delta_x	delta_ca	category_id	encoding	T_scs	gamma_scs	status
-1.500000	-33.000000	144	131504586847961235687181966940029500971544335982514018353166305658350750964995496310422969588712631	-1,0,0,0,0,0,0,0,0	11,-2,0,0,0	ok
-1.447368	-33.000000	4	5695192305613342475180838	-1,0,0,0,0,0,0	11,2,0,0,0	ok
-1.394737	-33.000000	52	53008825342785082024659447012960991356	-1,0,0,0,0,0,-1	11,2,-9,0	ok
-1.342105	-33.000000	12	20677850592207430788696737348364	-1,0,0,-1,0,0	11,4,0,9	ok
-1.289474	-33.000000	10	9712191592617621446201733429	-1,0,-1,0,1,-1	11,8,-11,-1	ok
-1.236842	-33.000000	40	35479624129278413796093325657620615	-1,0,10,-11,0	11,10,2	ok
-1.184211	-33.000000	56	461103661064608510208869360476967761800840	-1,-1,5,11,-3	11,10,11,-2	ok
-1.131579	-33.000000	139	10943875016077651013766180759685573586309719962436947254179033449489	-1,1,11,5,-11	11,-11,-11,5	ok
-1.078947	-33.000000	39	32471956473141060709212768349640925	-1,-8,8,-11	11,-11,-11,-11	ok
-1.026316	-33.000000	44	37818864923015051320480374457918425	-1,10,-11,-11	11,-11,-11,-11	ok
-0.973684	-33.000000	45	37823535792741073666422882855893427	-1,-11,-11,-11	-11,-11,-11,-11	ok
-0.921053	-33.000000	142	44706877440489331387102487987147292890505349630782406592305110301833	-1,-11,-11,-11,-11	-11,-11,-11,-11	ok
-0.868421	-33.000000	142	44706877440489331387102487987147292890505349630782406592305110301833	-1,-11,-11,-11,-11	-11,-11,-11,-11	ok
-0.815789	-33.000000	142	44706877440489331387102487987147292890505349630782406592305110301833	-1,-11,-11,-11,-11	-11,-11,-11,-11	ok
-0.763158	-33.000000	142	44706877440489331387102487987147292890505349630782406592305110301833	-1,-11,-11,-11,-11	-11,-11,-11,-11	ok
-0.710526	-33.000000	142	44706877440489331387102487987147292890505349630782406592305110301833	-1,-11,-11,-11,-11	-11,-11,-11,-11	ok
-0.657895	-33.000000	142	44706877440489331387102487987147292890505349630782406592305110301833	-1,-11,-11,-11,-11	-11,-11,-11,-11	ok
-0.605263	-33.000000	141	44706876758517742174726278834707884383145473022258889698033478840010	-1,10,-11,-11,-11	-11,-11,-11,-11	ok
-0.552632	-33.000000	134	2477184027490497153751519346338357647882666249796527087525192547335	-1,10,10,10,10	-11,10,10,10	ok
-0.500000	-33.000000	133	2477184027490497153751518533245468719259292686092983923843405985627	-1,10,10,10,10	10,10,10,10	ok
-1.500000	-32.315789	8	5698682402611943506846068	-1,0,0,0,0,0,0	11,0,0,-3,0	ok
-1.447368	-32.315789	7	5695255652271294545390625	-1,0,0,0,0,0,0	11,0,-6,0,0	ok
-1.394737	-32.315789	62	272789550784601753556600728726528035292953598118955593	-1,0,0,0,-1,2	11,-1,0,0,0	ok
-1.342105	-32.315789	13	27087700875620824675000854695430	-1,0,0,-8,0,0	11,1,0,-2,0	ok
-1.289474	-32.315789	46	42178739300554740822041340037483041	-1,0,2,-11,0	11,1,9,-11	ok
-1.236842	-32.315789	137	2877075071030109717284971288225761688114495707701329268636270499519	-1,0,-11,0,-11	11,-2,0,-11,0	ok
-1.184211	-32.315789	140	39141198674140752179549684381733485851392745062708031446472122774219	-1,1,3,10,-11	11,-3,8,-2	ok
-1.131579	-32.315789	28	1680537225515750226555364188068220	-1,-3,8,10	-11,7,9	ok
-1.078947	-32.315789	41	35514534427726977660469245751257195	-1,10,10,-11	-11,10,10,-11	ok
-1.026316	-32.315789	37	9533403427261574835841747000193325	-1,10,-11,10	-11,10,-11,10	ok
-0.973684	-32.315789	43	37814194053084174960376390528504077	-1,10,-11,-11	-11,10,-11,-11	ok
-0.921053	-32.315789	142	44706877440489331387102487987147292890505349630782406592305110301833	-1,-11,-11,-11,-11	-11,-11,-11,-11	ok
-0.868421	-32.315789	141	44706876758517742174726278834707884383145473022258889698033478840010	-1,10,-11,-11,-11	-11,-11,-11,-11	ok
-0.815789	-32.315789	141	44706876758517742174726278834707884383145473022258889698033478840010	-1,10,-11,-11,-11	-11,-11,-11,-11	ok
-0.763158	-32.315789	136	2840181203653355805443754284417309200964130332128899294040457202585	-1,10,10,-11,10	-11,10,-11,10	ok
-0.710526	-32.315789	133	2477184027490497153751518533245468719259292686092983923843405985627	-1,10,10,10,10	10,10,10,10	ok
-0.657895	-32.315789	133	2477184027490497153751518533245468719259292686092983923843405985627	-1,10,10,10,10	10,10,10,10	ok
-0.605263	-32.315789	133	2477184027490497153751518533245468719259292686092983923843405985627	-1,10,10,10,10	10,10,10,10	ok
-0.552632	-32.315789	133	2477184027490497153751518533245468719259292686092983923843405985627	-1,10,10,10,10	10,10,10,10	ok
-0.500000	-32.315789	133	2477184027490497153751518533245468719259292686092983923843405985627	-1,10,10,10,10	10,10,10,10	ok
-1.500000	-31.631579	5	5695201054661755803056486	1,0,0,0,0,0,0	11,0,0,0,0	ok
-1.447368	-31.631579	70	124384776697171638783271890197244681234750286669986551273349	-1,0,0,0,0,0,1	11,0,0,1,0	ok
-1.394737	-31.631579	1	372243102297414	-1,0,0,-1,0,0	11,0,1,0,0	ok
-1.342105	-31.631579	49	158140114107234429452737447310296125	-1,0,1,0,-3,0	11,0,-4,0,1	ok
-1.289474	-31.631579	118	8329351013055694577386870664382510742173689651585869523228147335	-1,0,10,1,-10	-11,0,10,10	ok
-1.236842	-31.631579	138	3735720760986142366697619789522935073860818373076205578398609237180	-1,-1,-2,1,-11	-11,-1,1,-11	ok
-1.184211	-31.631579	58	1516666222521229647095387737868394697551106303	-1,-2,9,10	-11,-2,-2,-2,-5	ok
-1.131579	-31.631579	33	7753981102883236824337670515039530	-1,-9,9,10	-11,-10,9,10	ok
-1.078947	-31.631579	41	35514534427726977660469245751257195	-1,10,10,-11	-11,10,10,-11	ok
-1.026316	-31.631579	42	36655347101956519477277124697765023	-1,10,10,-11	-11,10,-11,-11	ok
-0.973684	-31.631579	36	8903363030653535366344201167925377	-1,10,10,10	-11,10,10,10	ok
-0.921053	-31.631579	35	8903362981907638232363440576457397	-1,10,10,10	10,10,10,10	ok
-0.868421	-31.631579	133	2477184027490497153751518533245468719259292686092983923843405985627	-1,10,10,10,10	10,10,10,10	ok
-0.815789	-31.631579	135	2477184027490497302261689444299095874676510507839355766196825594386	1,10,10,10,10	10,10,10,10	ok
-0.763158	-31.631579	133	2477184027490497153751518533245468719259292686092983923843405985627	-1,10,10,10,10	10,10,10,10	ok
-0.710526	-31.631579	133	2477184027490497153751518533245468719259292686092983923843405985627	-1,10,10,10,10	10,10,10,10	ok
-0.657895	-31.631579	133	2477184027490497153751518533245468719259292686092983923843405985627	-1,10,10,10,10	10,10,10,10	ok
-0.605263	-31.631579	133	2477184027490497153751518533245468719259292686092983923843405985627	-1,10,10,10,10	10,10,10,10	ok
-0.552632	-31.631579	133	2477184027490497153751518533245468719259292686092983923843405985627	-1,10,10,10,10	10,10,10,10	ok
-0.500000	-31.631579	126	119792387432966962835758769657860790130038052408299969079637650190	-1,-10,-10,-10,-10	10,-10,-10,-10	ok
-1.500000	-30.947368	6	5695209971820749963769925	1,0,0,0,0,0,0	-11,0,0,0,0,0	ok
-1.447368	-30.947368	2	1862769504936666925	1,0,0,-2,0,0	-11,0,0,0,0	ok
-1.394737	-30.947368	9	1043655197218662722298720159	-1,0,-1,0,-2,0	-11,0,0,4	ok
-1.342105	-30.947368	53	858414050350482487959592424888622061510	-1,0,5,10,2	-11,0,-9,0	ok
-1.289474	-30.947368	132	2477182942484498431674263406406309968838485036472910085112165992054	-1,0,10,10,10	-11,1,10,-1,0	ok
-1.236842	-30.947368	131	2474252069798011004902222820362231063552814107028536554614753248789	-1,1,9,10,10	-11,-10,1,10	ok
-1.184211	-30.947368	32	6456615547098750995475176068222635	-1,-4,5,10	-11,10,10,10	ok
-1.131579	-30.947368	31	4802888451566945217202975284732512	-1,-10,-10,-10	10,10,10,10	ok
-1.078947	-30.947368	35	8903362981907638232363440576457397	-1,10,10,10	10,10,10,10	ok
-1.026316	-30.947368	35	8903362981907638232363440576457397	-1,10,10,10	10,10,10,10	ok
-0.973684	-30.947368	35	8903362981907638232363440576457397	-1,10,10,10	10,10,10,10	ok
-0.921053	-30.947368	133	2477184027490497153751518533245468719259292686092983923843405985627	-1,10,10,10,10	10,10,10,10	ok
-0.868421	-30.947368	133	2477184027490497153751518533245468719259292686092983923843405985627	-1,10,10,10,10	10,10,10,10	ok
-0.815789	-30.947368	135	2477184027490497302261689444299095874676510507839355766196825594386	1,10,10,10,10	10,10,10,10	ok
-0.763158	-30.947368	133	2477184027490497153751518533245468719259292686092983923843405985627	-1,10,10,10,10	10,10,10,10	ok
-0.710526	-30.947368	133	2477184027490497153751518533245468719259292686092983923843405985627	-1,10,10,10,10	10,10,10,10	ok
-0.657895	-30.947368	126	119792387432966962835758769657860790130038052408299969079637650190	-1,-10,-10,-10,-10	10,-10,-10,-10	ok
-0.605263	-30.947368	125	119792387432966962835758647214707383553716437264105594664641632507	-1,-10,-10,-10,-10	-10,-10,-10,-10	ok
-0.552632	-30.947368	125	119792387432966962835758647214707383553716437264105594664641632507	-1,-10,-10,-10,-10	-10,-10,-10,-10	ok
-0.500000	-30.947368	125	119792387432966962835758647214707383553716437264105594664641632507	-1,-10,-10,-10,-10	-10,-10,-10,-10	ok
-1.500000	-30.263158	101	211976775357959937334652948440492319963539360980128646778988008	1,0,0,0,0,0	-11,0,0,0,9	ok
-1.447368	-30.263158	64	2708557382798539055414592735554902716409168305665729550	1,0,0,-10,0,2	-11,1,1,9,0	ok
-1.394737	-30.263158	50	460137934482104359230130441384101549	1,0,9,10,1	10,10,-6,0	ok
-1.342105	-30.263158	129	458106995963205713220349630403826419527869519152655303219729684486	-1,0,10,4,10	10,10,9,-8	ok
-1.289474	-30.263158	65	25933777940964486013808460778987483764272224352609691665	-1,-1,-1,-1,1,2	10,10,-10,1	ok
-1.236842	-30.263158	61	96626234905546711011857111414054840933744322023905157	-1,2,-8,4,6	10,10,10,-10	ok
-1.184211	-30.263158	34	8317537407953855584658539636747176	-1,-9,9,10	10,10,10,10	ok
-1.131579	-30.263158	31	4802888451566945217202975284732512	-1,-10,-10,-10	10,10,10,10	ok
-1.078947	-30.263158	35	8903362981907638232363440576457397	-1,10,10,10	10,10,10,10	ok
-1.026316	-30.263158	35	8903362981907638232363440576457397	-1,10,10,10	10,10,10,10	ok
-0.973684	-30.263158	133	2477184027490497153751518533245468719259292686092983923843405985627	-1,10,10,10,10	10,10,10,10	ok
-0.921053	-30.263158	133	2477184027490497153751518533245468719259292686092983923843405985627	-1,10,10,10,10	10,10,10,10	ok
-0.868421	-30.263158	133	2477184027490497153751518533245468719259292686092983923843405985627	-1,10,10,10,10	10,10,10,10	ok
-0.815789	-30.263158	126	119792387432966962835758769657860790130038052408299969079637650190	-1,-10,-10,-10,-10	10,-10,-10,-10	ok
-0.763158	-30.263158	125	119792387432966962835758647214707383553716437264105594664641632507	-1,-10,-10,-10,-10	-10,-10,-10,-10	ok
-0.710526	-30.263158	125	119792387432966962835758647214707383553716437264105594664641632507	-1,-10,-10,-10,-10	-10,-10,-10,-10	ok
-0.657895	-30.263158	125	119792387432966962835758647214707383553716437264105594664641632507	-1,-10,-10,-10,-10	-10,-10,-10,-10	ok
-0.605263	-30.263158	125	119792387432966962835758647214707383553716437264105594664641632507	-1,-10,-10,-10,-10	-10,-10,-10,-10	ok
-0.552632	-30.263158	125	119792387432966962835758647214707383553716437264105594664641632507	-1,-10,-10,-10,-10	-10,-10,-10,-10	ok
-0.500000	-30.263158	130	479169549731868341414468282189810102490265865102339437540758246900	-1,-10,-10,-10,-10	-10,-10,-10,-10,-10	ok
-1.500000	-29.578947	143	4628217957377885401880809196775451974808715429103137481190821884783035693302555612260316411076	1,0,0,0,0,5	10,3,0,3,0	ok
-1.447368	-29.578947	54	114956723141477986285967931436979144312500	1,0,-1,0,0,-2	10,8,0,-10	ok
-1.394737	-29.578947	55	389993511619597021133532200439437494088371	1,0,-10,0,4	10,9,10,0	ok
-1.342105	-29.578947	63	413045934579836865526256482033342044570892858488893476	1,1,-10,-1,-1,2	10,-10,0,10	ok
-1.289474	-29.578947	117	6920605468093383754536136214740141578787903579704412768540435885	-1,-2,7,10,9	10,-10,-2,2	ok
-1.236842	-29.578947	60	10814600276030916025190057239079544673506596216889	-1,6,-10,-5,5	10,10,9,-10	ok
-1.184211	-29.578947	30	2033532263141859124962147725305938	-1,9,10,-10	10,10,-10,-10	ok
-1.131579	-29.578947	29	1958245800502513336704170311349159	-1,-10,-10,-10	10,10,-10,-10	ok
-1.078947	-29.578947	126	119792387432966962835758769657860790130038052408299969079637650190	-1,-10,-10,-10,-10	10,-10,-10,-10	ok
-1.026316	-29.578947	126	119792387432966962835758769657860790130038052408299969079637650190	-1,-10,-10,-10,-10	10,-10,-10,-10	ok
-0.973684	-29.578947	126	119792387432966962835758769657860790130038052408299969079637650190	-1,-10,-10,-10,-10	10,-10,-10,-10	ok
-0.921053	-29.578947	125	119792387432966962835758647214707383553716437264105594664641632507	-1,-10,-10,-10,-10	-10,-10,-10,-10	ok
-0.868421	-29.578947	125	119792387432966962835758647214707383553716437264105594664641632507	-1,-10,-10,-10,-10	-10,-10,-10,-10	ok
-0.815789	-29.578947	125	119792387432966962835758647214707383553716437264105594664641632507	-1,-10,-10,-10,-10	-10,-10,-10,-10	ok
-0.763158	-29.578947	125	119792387432966962835758647214707383553716437264105594664641632507	-1,-10,-10,-10,-10	-10,-10,-10,-10	ok
-0.710526	-29.578947	125	119792387432966962835758647214707383553716437264105594664641632507	-1,-10,-10,-10,-10	-10,-10,-10,-10	ok
-0.657895	-29.578947	125	119792387432966962835758647214707383553716437264105594664641632507	-1,-10,-10,-10,-10	-10,-10,-10,-10	ok
-0.605263	-29.578947	125	119792387432966962835758647214707383553716437264105594664641632507	-1,-10,-10,-10,-10	-10,-10,-10,-10	ok
-0.552632	-29.578947	130	479169549731868341414468282189810102490265865102339437540758246900	-1,-10,-10,-10,-10	-10,-10,-10,-10,-10	ok
-0.500000	-29.578947	130	479169549731868341414468282189810102490265865102339437540758246900	-1,-10,-10,-10,-10	-10,-10,-10,-10,-10	ok
-1.500000	-28.894737	71	390019984401975715084347387666253037777347325372095636662685	-1,0,0,0,6,1	10,1,0,-2,0	ok
-1.447368	-28.894737	120	75063157390998646500420088720064686722114572434643907038299194961	1,0,1,8,-10	10,2,-1,0,2	ok
-1.394737	-28.894737	57	1892226927497850373977213155528686833320786	1,0,10,-1,-4,0	10,-6,0,9	ok
-1.342105	-28.894737	47	56243236816505279202638268709164541	1,-2,1,-10,1	10,9,4,3	ok
-1.289474	-28.894737	20	334206658906371564112824421606405	1,-9,7,-10	10,9,-10,4	ok
-1.236842	-28.894737	27	1058830147804440251460268966623961	-1,9,-10,-10	10,-10,-10,9	ok
-1.184211	-28.894737	124	119792383601948007562109454515697735485372775152971207070839952650	-1,9,-10,-10,-10	10,-10,-10,-10	ok
-1.131579	-28.894737	126	119792387432966962835758769657860790130038052408299969079637650190	-1,-10,-10,-10,-10	10,-10,-10,-10	ok
-1.078947	-28.894737	125	119792387432966962835758647214707383553716437264105594664641632507	-1,-10,-10,-10,-10	-10,-10,-10,-10	ok
-1.026316	-28.894737	125	119792387432966962835758647214707383553716437264105594664641632507	-1,-10,-10,-10,-10	-10,-10,-10,-10	ok
-0.973684	-28.894737	125	119792387432966962835758647214707383553716437264105594664641632507	-1,-10,-10,-10,-10	-10,-10,-10,-10	ok
-0.921053	-28.894737	125	119792387432966962835758647214707383553716437264105594664641632507	-1,-10,-10,-10,-10	-10,-10,-10,-10	ok
-0.868421	-28.894737	125	119792387432966962835758647214707383553716437264105594664641632507	-1,-10,-10,-10,-10	-10,-10,-10,-10	ok
-0.815789	-28.894737	125	119792387432966962835758647214707383553716437264105594664641632507	-1,-10,-10,-10,-10	-10,-10,-10,-10	ok
-0.763158	-28.894737	125	119792387432966962835758647214707383553716437264105594664641632507	-1,-10,-10,-10,-10	-10,-10,-10,-10	ok
-0.710526	-28.894737	125	119792387432966962835758647214707383553716437264105594664641632507	-1,-10,-10,-10,-10	-10,-10,-10,-10	ok
-0.657895	-28.894737	125	119792387432966962835758647214707383553716437264105594664641632507	-1,-10,-10,-10,-10	-10,-10,-10,-10	ok
-0.605263	-28.894737	125	119792387432966962835758647214707383553716437264105594664641632507	-1,-10,-10,-10,-10	-10,-10,-10,-10	ok
-0.552632	-28.894737	122	119792383601948007559370890968500420324561876831023563921887277408	-1,9,-10,-10,-10	-10,9,-10,-10	ok
-0.500000	-28.894737	110	4988754391297882243303500714265803434061224583630874033836725088	-1,9,9,9,9	9,9,9,9	ok
-1.500000	-28.210526	128	252660680526492960516213951534123506721426722696851004371806943327	-1,0,0,1,9,-1	10,0,-9,0,0	ok
-1.447368	-28.210526	51	4794990148336111060528042257118846492	-1,0,-4,0,2,0	10,-1,0,2,3	ok
-1.394737	-28.210526	127	162004232359797233196492511574812761620431714724577361309452707700	-1,-1,-1,0,-10,0	10,1,-10,-1,0	ok
-1.342105	-28.210526	103	311331933372765342194138587639472910690235026073714257675443053	1,2,-10,1,9	10,-4,7,9	ok
-1.289474	-28.210526	16	107257088810827283273326823834250	1,9,9,9	10,-9,-10,7	ok
-1.236842	-28.210526	26	434082271815781884182046922317708	-1,9,-10,9	-10,9,-10,9	ok
-1.184211	-28.210526	121	103010666693412361318723253186098300074277284708182314940358994833	-1,9,-10,9,-10	-10,9,-10,9	ok
-1.131579	-28.210526	121	103010666693412361318723253186098300074277284708182314940358994833	-1,9,-10,9,-10	-10,9,-10,9	ok
-1.078947	-28.210526	125	119792387432966962835758647214707383553716437264105594664641632507	-1,-10,-10,-10,-10	-10,-10,-10,-10	ok
-1.026316	-28.210526	125	119792387432966962835758647214707383553716437264105594664641632507	-1,-10,-10,-10,-10	-10,-10,-10,-10	ok
-0.973684	-28.210526	125	119792387432966962835758647214707383553716437264105594664641632507	-1,-10,-10,-10,-10	-10,-10,-10,-10	ok
-0.921053	-28.210526	125	119792387432966962835758647214707383553716437264105594664641632507	-1,-10,-10,-10,-10	-10,-10,-10,-10	ok
-0.868421	-28.210526	125	119792387432966962835758647214707383553716437264105594664641632507	-1,-10,-10,-10,-10	-10,-10,-10,-10	ok
-0.815789	-28.210526	123	119792383601948007562109332072546286804938563241177285004285824671	-1,9,-10,-10,-10	-10,-10,-10,-10	ok
-0.763158	-28.210526	113	5888359029973899031721154878369397383485652833010677703576386947	-1,9,9,-10,9	-10,9,-10,-10	ok
-0.710526	-28.210526	110	4988754391297882243303500714265803434061224583630874033836725088	-1,9,9,9,9	9,9,9,9	ok
-0.657895	-28.210526	110	4988754391297882243303500714265803434061224583630874033836725088	-1,9,9,9,9	9,9,9,9	ok
-0.605263	-28.210526	110	4988754391297882243303500714265803434061224583630874033836725088	-1,9,9,9,9	9,9,9,9	ok
-0.552632	-28.210526	110	4988754391297882243303500714265803434061224583630874033836725088	-1,9,9,9,9	9,9,9,9	ok
-0.500000	-28.210526	110	4988754391297882243303500714265803434061224583630874033836725088	-1,9,9,9,9	9,9,9,9	ok
-1.500000	-27.526316	116	5915985462492479554397434150331188000771978438121305512202153321	-1,0,0,9,7	10,0,1,0,-10	ok
-1.447368	-27.526316	87	6516206852985536168519142239362997561735247944954254466898507	-1,0,-9,0,-9	-10,0,9,1,1	ok
-1.394737	-27.526316	38	10714886701099041744694168481682419	-1,1,-2,-1,-1,1	-10,-1,-1,-1,-1	ok
-1.342105	-27.526316	94	174110401703540148055604355084382335053086464170417171031369969	-1,-5,3,-9,-9	-10,2,9,9	ok
-1.289474	-27.526316	23	399462713067557110730069273058801	1,9,9,9	-10,-9,9,9	ok
-1.236842	-27.526316	114	5888359029973900504769588907410209457633802601896954339436713288	1,9,9,-10,9	-10,9,9,-10	ok
-1.184211	-27.526316	113	5888359029973899031721154878369397383485652833010677703576386947	-1,9,9,-10,9	-10,9,-10,-10	ok
-1.131579	-27.526316	115	5893445615541944067058356542942841633088779140911152695723768298	-1,9,-10,-10,9	-10,9,-10,9	ok
-1.078947	-27.526316	113	5888359029973899031721154878369397383485652833010677703576386947	-1,9,9,-10,9	-10,9,-10,-10	ok
-1.026316	-27.526316	111	4988754391297882243303517508543098515861621362934613724135749601	-1,9,9,9,9	-10,9,9,9	ok
-0.973684	-27.526316	110	4988754391297882243303500714265803434061224583630874033836725088	-1,9,9,9,9	9,9,9,9	ok
-0.921053	-27.526316	110	4988754391297882243303500714265803434061224583630874033836725088	-1,9,9,9,9	9,9,9,9	ok
-0.868421	-27.526316	110	4988754391297882243303500714265803434061224583630874033836725088	-1,9,9,9,9	9,9,9,9	ok
-0.815789	-27.526316	110	4988754391297882243303500714265803434061224583630874033836725088	-1,9,9,9,9	9,9,9,9	ok
-0.763158	-27.526316	110	4988754391297882243303500714265803434061224583630874033836725088	-1,9,9,9,9	9,9,9,9	ok
-0.710526	-27.526316	110	4988754391297882243303500714265803434061224583630874033836725088	-1,9,9,9,9	9,9,9,9	ok
-0.657895	-27.526316	110	4988754391297882243303500714265803434061224583630874033836725088	-1,9,9,9,9	9,9,9,9	ok
-0.605263	-27.526316	110	4988754391297882243303500714265803434061224583630874033836725088	-1,9,9,9,9	9,9,9,9	ok
-0.552632	-27.526316	110	4988754391297882243303500714265803434061224583630874033836725088	-1,9,9,9,9	9,9,9,9	ok
-0.500000	-27.526316	110	4988754391297882243303500714265803434061224583630874033836725088	-1,9,9,9,9	9,9,9,9	ok
-1.500000	-26.842105	59	14747293455238623368805042402031326506853972477	-1,0,1,-9,0,-2	-10,0,5,2,0	ok
-1.447368	-26.842105	17	107726600933151911538162017059557	-1,0,9,-9,0	-10,1,-8,1	ok
-1.394737	-26.842105	108	4988750593326535863483790548777915010953123034355696313870421317	-1,1,9,9,9	-10,8,9,9	ok
-1.342105	-26.842105	21	339953228071605682062584011472697	-1,-8,7,9	-10,9,9,9	ok
-1.289474	-26.842105	25	399549851147455005768750810102201	1,9,9,9	-10,9,9,9	ok
-1.236842	-26.842105	112	4988754391297883655130837931371797936990908330240455955226154192	1,9,9,9,9	9,9,9,9	ok
-1.184211	-26.842105	110	4988754391297882243303500714265803434061224583630874033836725088	-1,9,9,9,9	9,9,9,9	ok
-1.131579	-26.842105	110	4988754391297882243303500714265803434061224583630874033836725088	-1,9,9,9,9	9,9,9,9	ok
-1.078947	-26.842105	110	4988754391297882243303500714265803434061224583630874033836725088	-1,9,9,9,9	9,9,9,9	ok
-1.026316	-26.842105	110	4988754391297882243303500714265803434061224583630874033836725088	-1,9,9,9,9	9,9,9,9	ok
-0.973684	-26.842105	110	4988754391297882243303500714265803434061224583630874033836725088	-1,9,9,9,9	9,9,9,9	ok
-0.921053	-26.842105	110	4988754391297882243303500714265803434061224583630874033836725088	-1,9,9,9,9	9,9,9,9	ok
-0.868421	-26.842105	110	4988754391297882243303500714265803434061224583630874033836725088	-1,9,9,9,9	9,9,9,9	ok
-0.815789	-26.842105	110	4988754391297882243303500714265803434061224583630874033836725088	-1,9,9,9,9	9,9,9,9	ok
-0.763158	-26.842105	110	4988754391297882243303500714265803434061224583630874033836725088	-1,9,9,9,9	9,9,9,9	ok
-0.710526	-26.842105	110	4988754391297882243303500714265803434061224583630874033836725088	-1,9,9,9,9	9,9,9,9	ok
-0.657895	-26.842105	110	4988754391297882243303500714265803434061224583630874033836725088	-1,9,9,9,9	9,9,9,9	ok
-0.605263	-26.842105	110	4988754391297882243303500714265803434061224583630874033836725088	-1,9,9,9,9	9,9,9,9	ok
-0.552632	-26.842105	119	19955017565191571328034119370290495377425119478446059510478668851	-1,9,9,9,9	9,9,9,9,9	ok
-0.500000	-26.842105	107	704731206825606577782849408775771942492350085518746908245876609	-1,-9,-9,-9,-9	9,-9,-9,-9,-9	ok
-1.500000	-26.157895	48	127620708750525288946931665712867466	-1,0,7,8,-2	9,9,3,2	ok
-1.447368	-26.157895	3	2136982029343831373465603	-1,-1,1,3,1	9,9,-9,1	ok
-1.394737	-26.157895	100	211976565792916832747530430818282990494207566904506517418215945	-1,2,9,9,-9	9,9,9,-9	ok
-1.342105	-26.157895	22	399375589258536200207769839815395	-1,8,9,9	9,9,9,9	ok
-1.289474	-26.157895	24	399549841641829160457197461211982	-1,9,9,9	9,9,9,9	ok
-1.236842	-26.157895	112	4988754391297883655130837931371797936990908330240455955226154192	1,9,9,9,9	9,9,9,9	ok
-1.184211	-26.157895	110	4988754391297882243303500714265803434061224583630874033836725088	-1,9,9,9,9	9,9,9,9	ok
-1.131579	-26.157895	110	4988754391297882243303500714265803434061224583630874033836725088	-1,9,9,9,9	9,9,9,9	ok
-1.078947	-26.157895	110	4988754391297882243303500714265803434061224583630874033836725088	-1,9,9,9,9	9,9,9,9	ok
-1.026316	-26.157895	110	4988754391297882243303500714265803434061224583630874033836725088	-1,9,9,9,9	9,9,9,9	ok
-0.973684	-26.157895	110	4988754391297882243303500714265803434061224583630874033836725088	-1,9,9,9,9	9,9,9,9	ok
-0.921053	-26.157895	110	4988754391297882243303500714265803434061224583630874033836725088	-1,9,9,9,9	9,9,9,9	ok
-0.868421	-26.157895	110	4988754391297882243303500714265803434061224583630874033836725088	-1,9,9,9,9	9,9,9,9	ok
-0.815789	-26.157895	110	4988754391297882243303500714265803434061224583630874033836725088	-1,9,9,9,9	9,9,9,9	ok
-0.763158	-26.157895	110	4988754391297882243303500714265803434061224583630874033836725088	-1,9,9,9,9	9,9,9,9	ok
-0.710526	-26.157895	110	4988754391297882243303500714265803434061224583630874033836725088	-1,9,9,9,9	9,9,9,9	ok
-0.657895	-26.157895	107	704731206825606577782849408775771942492350085518746908245876609	-1,-9,-9,-9,-9	9,-9,-9,-9,-9	ok
-0.605263	-26.157895	106	704731206825606347749859547235987325794879265190801445527867752	-1,-9,-9,-9,-9	-9,-9,-9,-9,-9	ok
-0.552632	-26.157895	106	704731206825606347749859547235987325794879265190801445527867752	-1,-9,-9,-9,-9	-9,-9,-9,-9,-9	ok
-0.500000	-26.157895	106	704731206825606347749859547235987325794879265190801445527867752	-1,-9,-9,-9,-9	-9,-9,-9,-9,-9	ok
-1.500000	-25.473684	102	215839572578790403447635738434637889221021289856577424994584713	-1,0,-9,0,9	9,-9,0,9	ok
-1.447368	-25.473684	66	11371544941946180889736249846411954669687304213960833370019	-1,1,-9,-3,-8	9,9,3,-8	ok
-1.394737	-25.473684	18	169255099274595910567608925138882	-1,-6,6,-9	9,9,-9,9	ok
-1.342105	-25.473684	19	211052506857988922261151045803370	-1,8,9,9	9,9,9,-9	ok
-1.289474	-25.473684	99	176182801706400932123851502497632102578756295485914615375023045	-1,-9,-9,-9,-9	9,9,9,9	ok
-1.236842	-25.473684	110	4988754391297882243303500714265803434061224583630874033836725088	-1,9,9,9,9	9,9,9,9	ok
-1.184211	-25.473684	112	4988754391297883655130837931371797936990908330240455955226154192	1,9,9,9,9	9,9,9,9	ok
-1.131579	-25.473684	110	4988754391297882243303500714265803434061224583630874033836725088	-1,9,9,9,9	9,9,9,9	ok
-1.078947	-25.473684	110	4988754391297882243303500714265803434061224583630874033836725088	-1,9,9,9,9	9,9,9,9	ok
-1.026316	-25.473684	110	4988754391297882243303500714265803434061224583630874033836725088	-1,9,9,9,9	9,9,9,9	ok
-0.973684	-25.473684	110	4988754391297882243303500714265803434061224583630874033836725088	-1,9,9,9,9	9,9,9,9	ok
-0.921053	-25.473684	109	4988754153924598973683795736140278763528775663661498318361074645	-1,-9,9,9,9	9,9,9,9	ok
-0.868421	-25.473684	96	176182801706400781822002449411597263501463307457542750075715365	-1,-9,-9,-9,-9	9,-9,-9,-9	ok
-0.815789	-25.473684	95	176182801706400781822000371421674741904689656055788079949430549	-1,-9,-9,-9,-9	-9,-9,-9,-9	ok
-0.763158	-25.473684	106	704731206825606347749859547235987325794879265190801445527867752	-1,-9,-9,-9,-9	-9,-9,-9,-9,-9	ok
-0.710526	-25.473684	106	704731206825606347749859547235987325794879265190801445527867752	-1,-9,-9,-9,-9	-9,-9,-9,-9,-9	ok
-0.657895	-25.473684	106	704731206825606347749859547235987325794879265190801445527867752	-1,-9,-9,-9,-9	-9,-9,-9,-9,-9	ok
-0.605263	-25.473684	106	704731206825606347749859547235987325794879265190801445527867752	-1,-9,-9,-9,-9	-9,-9,-9,-9,-9	ok
-0.552632	-25.473684	106	704731206825606347749859547235987325794879265190801445527867752	-1,-9,-9,-9,-9	-9,-9,-9,-9,-9	ok
-0.500000	-25.473684	106	704731206825606347749859547235987325794879265190801445527867752	-1,-9,-9,-9,-9	-9,-9,-9,-9,-9	ok
-1.500000	-24.789474	145	3618132551685511479748632656828698073990570941223752328787739150176418712057368866393889295577198688008410567960	-1,-1,-2,-1,1,7	9,8,8,9	ok
-1.447368	-24.789474	104	445405088987800511764075465364717200677495355704071017195164951	-1,2,-9,2,9	9,-9,8,-9	ok
-1.394737	-24.789474	14	34096903211573191631368271662845	-1,-8,8,-9	9,-9,-8,8	ok
-1.342105	-24.789474	15	78638243144687646834540069178560	-1,8,9,-9	9,-9,-9,-9	ok
-1.289474	-24.789474	96	176182801706400781822002449411597263501463307457542750075715365	-1,-9,-9,-9,-9	9,-9,-9,-9	ok
-1.236842	-24.789474	96	176182801706400781822002449411597263501463307457542750075715365	-1,-9,-9,-9,-9	9,-9,-9,-9	ok
-1.184211	-24.789474	98	176182801706400896838497380180935815436584585248769472610596826	1,-9,-9,-9,-9	9,-9,-9,-9	ok
-1.131579	-24.789474	96	176182801706400781822002449411597263501463307457542750075715365	-1,-9,-9,-9,-9	9,-9,-9,-9	ok
-1.078947	-24.789474	96	176182801706400781822002449411597263501463307457542750075715365	-1,-9,-9,-9,-9	9,-9,-9,-9	ok
-1.026316	-24.789474	96	176182801706400781822002449411597263501463307457542750075715365	-1,-9,-9,-9,-9	9,-9,-9,-9	ok
-0.973684	-24.789474	95	176182801706400781822000371421674741904689656055788079949430549	-1,-9,-9,-9,-9	-9,-9,-9,-9	ok
-0.921053	-24.789474	95	176182801706400781822000371421674741904689656055788079949430549	-1,-9,-9,-9,-9	-9,-9,-9,-9	ok
-0.868421	-24.789474	95	176182801706400781822000371421674741904689656055788079949430549	-1,-9,-9,-9,-9	-9,-9,-9,-9	ok
-0.815789	-24.789474	106	704731206825606347749859547235987325794879265190801445527867752	-1,-9,-9,-9,-9	-9,-9,-9,-9,-9	ok
-0.763158	-24.789474	106	704731206825606347749859547235987325794879265190801445527867752	-1,-9,-9,-9,-9	-9,-9,-9,-9,-9	ok
-0.710526	-24.789474	106	704731206825606347749859547235987325794879265190801445527867752	-1,-9,-9,-9,-9	-9,-9,-9,-9,-9	ok
-0.657895	-24.789474	106	704731206825606347749859547235987325794879265190801445527867752	-1,-9,-9,-9,-9	-9,-9,-9,-9,-9	ok
-0.605263	-24.789474	106	704731206825606347749859547235987325794879265190801445527867752	-1,-9,-9,-9,-9	-9,-9,-9,-9,-9	ok
-0.552632	-24.789474	106	704731206825606347749859547235987325794879265190801445527867752	-1,-9,-9,-9,-9	-9,-9,-9,-9,-9	ok
-0.500000	-24.789474	106	704731206825606347749859547235987325794879265190801445527867752	-1,-9,-9,-9,-9	-9,-9,-9,-9,-9	ok
-1.500000	-24.105263	75	5183003324136580908537443164628087563029732089081968818202029	-1,1,8,8,8	9,7,-9,1	ok
-1.447368	-24.105263	74	1824619290172724716453402695338077775041551605692417662614491	-1,5,-9,-6,8	9,8,-9,7	ok
-1.394737	-24.105263	91	146434778424743754587686796295391079027861000048329002474781113	-1,8,-9,8,-9	9,8,-9,8	ok
-1.342105	-24.105263	92	146434778424743813734060395604170657196360336442820879920889513	-1,8,-9,8,-9	9,-9,-9,-9	ok
-1.289474	-24.105263	96	176182801706400781822002449411597263501463307457542750075715365	-1,-9,-9,-9,-9	9,-9,-9,-9	ok
-1.236842	-24.105263	96	176182801706400781822002449411597263501463307457542750075715365	-1,-9,-9,-9,-9	9,-9,-9,-9	ok
-1.184211	-24.105263	97	176182801706400896838495302191013293839132652212612765666855824	1,-9,-9,-9,-9	-9,-9,-9,-9	ok
-1.131579	-24.105263	95	176182801706400781822000371421674741904689656055788079949430549	-1,-9,-9,-9,-9	-9,-9,-9,-9	ok
-1.078947	-24.105263	95	176182801706400781822000371421674741904689656055788079949430549	-1,-9,-9,-9,-9	-9,-9,-9,-9	ok
-1.026316	-24.105263	95	176182801706400781822000371421674741904689656055788079949430549	-1,-9,-9,-9,-9	-9,-9,-9,-9	ok
-0.973684	-24.105263	95	176182801706400781822000371421674741904689656055788079949430549	-1,-9,-9,-9,-9	-9,-9,-9,-9	ok
-0.921053	-24.105263	106	704731206825606347749859547235987325794879265190801445527867752	-1,-9,-9,-9,-9	-9,-9,-9,-9,-9	ok
-0.868421	-24.105263	106	704731206825606347749859547235987325794879265190801445527867752	-1,-9,-9,-9,-9	-9,-9,-9,-9,-9	ok
-0.815789	-24.105263	106	704731206825606347749859547235987325794879265190801445527867752	-1,-9,-9,-9,-9	-9,-9,-9,-9,-9	ok
-0.763158	-24.105263	106	704731206825606347749859547235987325794879265190801445527867752	-1,-9,-9,-9,-9	-9,-9,-9,-9,-9	ok
-0.710526	-24.105263	106	704731206825606347749859547235987325794879265190801445527867752	-1,-9,-9,-9,-9	-9,-9,-9,-9,-9	ok
-0.657895	-24.105263	106	704731206825606347749859547235987325794879265190801445527867752	-1,-9,-9,-9,-9	-9,-9,-9,-9,-9	ok
-0.605263	-24.105263	106	704731206825606347749859547235987325794879265190801445527867752	-1,-9,-9,-9,-9	-9,-9,-9,-9,-9	ok
-0.552632	-24.105263	106	704731206825606347749859547235987325794879265190801445527867752	-1,-9,-9,-9,-9	-9,-9,-9,-9,-9	ok
-0.500000	-24.105263	106	704731206825606347749859547235987325794879265190801445527867752	-1,-9,-9,-9,-9	-9,-9,-9,-9,-9	ok
-1.500000	-23.421053	76	5183004488202504572096841613215180020176750882768155308130375	-1,2,8,8,8	9,-5,2,8	ok
-1.447368	-23.421053	11	13555816944371232758665552298195	-1,7,-9,8	-9,8,8,8	ok
-1.394737	-23.421053	90	146434778424743754587685545472981859296197733524776366110728177	-1,8,-9,8,-9	-9,8,-9,8	ok
-1.342105	-23.421053	90	146434778424743754587685545472981859296197733524776366110728177	-1,8,-9,8,-9	-9,8,-9,8	ok
-1.289474	-23.421053	90	146434778424743754587685545472981859296197733524776366110728177	-1,8,-9,8,-9	-9,8,-9,8	ok
-1.236842	-23.421053	95	176182801706400781822000371421674741904689656055788079949430549	-1,-9,-9,-9,-9	-9,-9,-9,-9	ok
-1.184211	-23.421053	95	176182801706400781822000371421674741904689656055788079949430549	-1,-9,-9,-9,-9	-9,-9,-9,-9	ok
-1.131579	-23.421053	95	176182801706400781822000371421674741904689656055788079949430549	-1,-9,-9,-9,-9	-9,-9,-9,-9	ok
-1.078947	-23.421053	95	176182801706400781822000371421674741904689656055788079949430549	-1,-9,-9,-9,-9	-9,-9,-9,-9	ok
-1.026316	-23.421053	95	176182801706400781822000371421674741904689656055788079949430549	-1,-9,-9,-9,-9	-9,-9,-9,-9	ok
-0.973684	-23.421053	106	704731206825606347749859547235987325794879265190801445527867752	-1,-9,-9,-9,-9	-9,-9,-9,-9,-9	ok
-0.921053	-23.421053	106	704731206825606347749859547235987325794879265190801445527867752	-1,-9,-9,-9,-9	-9,-9,-9,-9,-9	ok
-0.868421	-23.421053	106	704731206825606347749859547235987325794879265190801445527867752	-1,-9,-9,-9,-9	-9,-9,-9,-9,-9	ok
-0.815789	-23.421053	106	704731206825606347749859547235987325794879265190801445527867752	-1,-9,-9,-9,-9	-9,-9,-9,-9,-9	ok
-0.763158	-23.421053	105	704731181361010038061001754552487552400118508032604229784160892	-1,8,-9,-9,-9	-9,-9,-9,-9,-9	ok
-0.710526	-23.421053	84	6362947099211555625991154864229250986118723315723915272126577	-1,8,8,-9,8	-9,8,-9,8	ok
-0.657895	-23.421053	81	5183011472602828690147237291666709647051034180418713905149048	-1,8,8,8,8	8,8,8,8	ok
-0.605263	-23.421053	81	5183011472602828690147237291666709647051034180418713905149048	-1,8,8,8,8	8,8,8,8	ok
-0.552632	-23.421053	88	20732045890411527181599297888474911497867694095882062024790695	-1,8,8,8,8	8,8,8,8,8	ok
-0.500000	-23.421053	88	20732045890411527181599297888474911497867694095882062024790695	-1,8,8,8,8	8,8,8,8,8	ok
-1.500000	-22.736842	77	5183007980401639131618531768210755898556000047379458689211424	-1,5,8,8,8	-9,5,8,8	ok
-1.447368	-22.736842	80	5183010890569154124146346644593136844722452566937730259575464	-1,-8,8,8,8	-9,8,8,8	ok
-1.394737	-22.736842	89	146275577759184801434960645156777062693335454816648823243737274	-1,8,8,8,-9	-9,8,8,8	ok
-1.342105	-22.736842	85	6362947099211566961922539690052868402742144615748686867482498	-1,8,8,-9,8	-9,8,8,-9	ok
-1.289474	-22.736842	86	6371372052609878467402904243301761167152041120474566360718302	-1,8,-9,-9,8	-9,8,-9,8	ok
-1.236842	-22.736842	90	146434778424743754587685545472981859296197733524776366110728177	-1,8,-9,8,-9	-9,8,-9,8	ok
-1.184211	-22.736842	90	146434778424743754587685545472981859296197733524776366110728177	-1,8,-9,8,-9	-9,8,-9,8	ok
-1.131579	-22.736842	93	146434778424743854707646226561557391633050907039487083576017006	1,8,-9,8,-9	-9,8,-9,8	ok
-1.078947	-22.736842	85	6362947099211566961922539690052868402742144615748686867482498	-1,8,8,-9,8	-9,8,8,-9	ok
-1.026316	-22.736842	82	5183011472602828690147466658224690197267607250111182420046940	-1,8,8,8,8	-9,8,8,8	ok
-0.973684	-22.736842	81	5183011472602828690147237291666709647051034180418713905149048	-1,8,8,8,8	8,8,8,8	ok
-0.921053	-22.736842	81	5183011472602828690147237291666709647051034180418713905149048	-1,8,8,8,8	8,8,8,8	ok
-0.868421	-22.736842	81	5183011472602828690147237291666709647051034180418713905149048	-1,8,8,8,8	8,8,8,8	ok
-0.815789	-22.736842	81	5183011472602828690147237291666709647051034180418713905149048	-1,8,8,8,8	8,8,8,8	ok
-0.763158	-22.736842	81	5183011472602828690147237291666709647051034180418713905149048	-1,8,8,8,8	8,8,8,8	ok
-0.710526	-22.736842	81	5183011472602828690147237291666709647051034180418713905149048	-1,8,8,8,8	8,8,8,8	ok
-0.657895	-22.736842	88	20732045890411527181599297888474911497867694095882062024790695	-1,8,8,8,8	8,8,8,8,8	ok
-0.605263	-22.736842	88	20732045890411527181599297888474911497867694095882062024790695	-1,8,8,8,8	8,8,8,8,8	ok
-0.552632	-22.736842	88	20732045890411527181599297888474911497867694095882062024790695	-1,8,8,8,8	8,8,8,8,8	ok
-0.500000	-22.736842	88	20732045890411527181599297888474911497867694095882062024790695	-1,8,8,8,8	8,8,8,8,8	ok
-1.500000	-22.052632	78	5183010308535536748410821331149132416025405591738839162660390	-1,7,8,8,8	8,8,8,8	ok
-1.447368	-22.052632	81	5183011472602828690147237291666709647051034180418713905149048	-1,8,8,8,8	8,8,8,8	ok
-1.394737	-22.052632	81	5183011472602828690147237291666709647051034180418713905149048	-1,8,8,8,8	8,8,8,8	ok
-1.342105	-22.052632	81	5183011472602828690147237291666709647051034180418713905149048	-1,8,8,8,8	8,8,8,8	ok
-1.289474	-22.052632	81	5183011472602828690147237291666709647051034180418713905149048	-1,8,8,8,8	8,8,8,8	ok
-1.236842	-22.052632	81	5183011472602828690147237291666709647051034180418713905149048	-1,8,8,8,8	8,8,8,8	ok
-1.184211	-22.052632	81	5183011472602828690147237291666709647051034180418713905149048	-1,8,8,8,8	8,8,8,8	ok
-1.131579	-22.052632	83	5183011472602836860186096857845393730329835867127388191030152	1,8,8,8,8	8,8,8,8	ok
-1.078947	-22.052632	81	5183011472602828690147237291666709647051034180418713905149048	-1,8,8,8,8	8,8,8,8	ok
-1.026316	-22.052632	81	5183011472602828690147237291666709647051034180418713905149048	-1,8,8,8,8	8,8,8,8	ok
-0.973684	-22.052632	81	5183011472602828690147237291666709647051034180418713905149048	-1,8,8,8,8	8,8,8,8	ok
-0.921053	-22.052632	81	5183011472602828690147237291666709647051034180418713905149048	-1,8,8,8,8	8,8,8,8	ok
-0.868421	-22.052632	81	5183011472602828690147237291666709647051034180418713905149048	-1,8,8,8,8	8,8,8,8	ok
-0.815789	-22.052632	81	5183011472602828690147237291666709647051034180418713905149048	-1,8,8,8,8	8,8,8,8	ok
-0.763158	-22.052632	88	20732045890411527181599297888474911497867694095882062024790695	-1,8,8,8,8	8,8,8,8,8	ok
-0.710526	-22.052632	88	20732045890411527181599297888474911497867694095882062024790695	-1,8,8,8,8	8,8,8,8,8	ok
-0.657895	-22.052632	88	20732045890411527181599297888474911497867694095882062024790695	-1,8,8,8,8	8,8,8,8,8	ok
-0.605263	-22.052632	88	20732045890411527181599297888474911497867694095882062024790695	-1,8,8,8,8	8,8,8,8,8	ok
-0.552632	-22.052632	88	20732045890411527181599297888474911497867694095882062024790695	-1,8,8,8,8	8,8,8,8,8	ok
-0.500000	-22.052632	88	20732045890411527181599297888474911497867694095882062024790695	-1,8,8,8,8	8,8,8,8,8	ok
-1.500000	-21.368421	79	5183010890569154124146117278048034817447369469901401904453340	-1,-8,8,8,8	8,8,8,8	ok
-1.447368	-21.368421	81	5183011472602828690147237291666709647051034180418713905149048	-1,8,8,8,8	8,8,8,8	ok
-1.394737	-21.368421	81	5183011472602828690147237291666709647051034180418713905149048	-1,8,8,8,8	8,8,8,8	ok
-1.342105	-21.368421	81	5183011472602828690147237291666709647051034180418713905149048	-1,8,8,8,8	8,8,8,8	ok
-1.289474	-21.368421	81	5183011472602828690147237291666709647051034180418713905149048	-1,8,8,8,8	8,8,8,8	ok
-1.236842	-21.368421	81	5183011472602828690147237291666709647051034180418713905149048	-1,8,8,8,8	8,8,8,8	ok
-1.184211	-21.368421	81	5183011472602828690147237291666709647051034180418713905149048	-1,8,8,8,8	8,8,8,8	ok
-1.131579	-21.368421	83	5183011472602836860186096857845393730329835867127388191030152	1,8,8,8,8	8,8,8,8	ok
-1.078947	-21.368421	81	5183011472602828690147237291666709647051034180418713905149048	-1,8,8,8,8	8,8,8,8	ok
-1.026316	-21.368421	81	5183011472602828690147237291666709647051034180418713905149048	-1,8,8,8,8	8,8,8,8	ok
-0.973684	-21.368421	81	5183011472602828690147237291666709647051034180418713905149048	-1,8,8,8,8	8,8,8,8	ok
-0.921053	-21.368421	81	5183011472602828690147237291666709647051034180418713905149048	-1,8,8,8,8	8,8,8,8	ok
-0.868421	-21.368421	88	20732045890411527181599297888474911497867694095882062024790695	-1,8,8,8,8	8,8,8,8,8	ok
-0.815789	-21.368421	88	20732045890411527181599297888474911497867694095882062024790695	-1,8,8,8,8	8,8,8,8,8	ok
-0.763158	-21.368421	88	20732045890411527181599297888474911497867694095882062024790695	-1,8,8,8,8	8,8,8,8,8	ok
-0.710526	-21.368421	88	20732045890411527181599297888474911497867694095882062024790695	-1,8,8,8,8	8,8,8,8,8	ok
-0.657895	-21.368421	88	20732045890411527181599297888474911497867694095882062024790695	-1,8,8,8,8	8,8,8,8,8	ok
-0.605263	-21.368421	88	20732045890411527181599297888474911497867694095882062024790695	-1,8,8,8,8	8,8,8,8,8	ok
-0.552632	-21.368421	148	13431803962566864244537535872149671071430281106755938079994458546844871689564226655441923691190182980897496253020093687919	-1,8,8,8,8,8	8,8,8,8,8	ok
-0.500000	-21.368421	148	13431803962566864244537535872149671071430281106755938079994458546844871689564226655441923691190182980897496253020093687919	-1,8,8,8,8,8	8,8,8,8,8	ok
-1.500000	-20.684211	69	124384776697165930297407521729858205170920544133835298822872	1,-8,-8,-8,-8	8,8,8,8	ok
-1.447368	-20.684211	81	5183011472602828690147237291666709647051034180418713905149048	-1,8,8,8,8	8,8,8,8	ok
-1.394737	-20.684211	81	5183011472602828690147237291666709647051034180418713905149048	-1,8,8,8,8	8,8,8,8	ok
-1.342105	-20.684211	81	5183011472602828690147237291666709647051034180418713905149048	-1,8,8,8,8	8,8,8,8	ok
-1.289474	-20.684211	81	5183011472602828690147237291666709647051034180418713905149048	-1,8,8,8,8	8,8,8,8	ok
-1.236842	-20.684211	81	5183011472602828690147237291666709647051034180418713905149048	-1,8,8,8,8	8,8,8,8	ok
-1.184211	-20.684211	81	5183011472602828690147237291666709647051034180418713905149048	-1,8,8,8,8	8,8,8,8	ok
-1.131579	-20.684211	81	5183011472602828690147237291666709647051034180418713905149048	-1,8,8,8,8	8,8,8,8	ok
-1.078947	-20.684211	81	5183011472602828690147237291666709647051034180418713905149048	-1,8,8,8,8	8,8,8,8	ok
-1.026316	-20.684211	81	5183011472602828690147237291666709647051034180418713905149048	-1,8,8,8,8	8,8,8,8	ok
-0.973684	-20.684211	81	5183011472602828690147237291666709647051034180418713905149048	-1,8,8,8,8	8,8,8,8	ok
-0.921053	-20.684211	88	20732045890411527181599297888474911497867694095882062024790695	-1,8,8,8,8	8,8,8,8,8	ok
-0.868421	-20.684211	88	20732045890411527181599297888474911497867694095882062024790695	-1,8,8,8,8	8,8,8,8,8	ok
-0.815789	-20.684211	88	20732045890411527181599297888474911497867694095882062024790695	-1,8,8,8,8	8,8,8,8,8	ok
-0.763158	-20.684211	88	20732045890411527181599297888474911497867694095882062024790695	-1,8,8,8,8	8,8,8,8,8	ok
-0.710526	-20.684211	88	20732045890411527181599297888474911497867694095882062024790695	-1,8,8,8,8	8,8,8,8,8	ok
-0.657895	-20.684211	147	7735786337002564403960715824183332294963879979792430247837022974809660244103158104108697964038776347767489723622760030	-1,-8,-8,-8,-8,-8	8,-8,-8,-8,-8	ok
-0.605263	-20.684211	146	7735786337002564403960715824183332294963879855560985668321175373232403600756739295841767101373614951305203452290617166	-1,-8,-8,-8,-8,-8	-8,-8,-8,-8,-8	ok
-0.552632	-20.684211	146	7735786337002564403960715824183332294963879855560985668321175373232403600756739295841767101373614951305203452290617166	-1,-8,-8,-8,-8,-8	-8,-8,-8,-8,-8	ok
-0.500000	-20.684211	146	7735786337002564403960715824183332294963879855560985668321175373232403600756739295841767101373614951305203452290617166	-1,-8,-8,-8,-8,-8	-8,-8,-8,-8,-8	ok
-1.500000	-20.000000	68	124384776697165163002563807990313414712639125244706808578226	1,-8,-8,-8,-8	8,8,-8,-8	ok
-1.447368	-20.000000	67	124384776697164694366208996974817874530135529732860886437694	-1,-8,-8,-8,-8	8,8,8,-8	ok
-1.394737	-20.000000	81	5183011472602828690147237291666709647051034180418713905149048	-1,8,8,8,8	8,8,8,8	ok
-1.342105	-20.000000	81	5183011472602828690147237291666709647051034180418713905149048	-1,8,8,8,8	8,8,8,8	ok
-1.289474	-20.000000	81	5183011472602828690147237291666709647051034180418713905149048	-1,8,8,8,8	8,8,8,8	ok
-1.236842	-20.000000	81	5183011472602828690147237291666709647051034180418713905149048	-1,8,8,8,8	8,8,8,8	ok
-1.184211	-20.000000	81	5183011472602828690147237291666709647051034180418713905149048	-1,8,8,8,8	8,8,8,8	ok
-1.131579	-20.000000	81	5183011472602828690147237291666709647051034180418713905149048	-1,8,8,8,8	8,8,8,8	ok
-1.078947	-20.000000	81	5183011472602828690147237291666709647051034180418713905149048	-1,8,8,8,8	8,8,8,8	ok
-1.026316	-20.000000	88	20732045890411527181599297888474911497867694095882062024790695	-1,8,8,8,8	8,8,8,8,8	ok
-0.973684	-20.000000	88	20732045890411527181599297888474911497867694095882062024790695	-1,8,8,8,8	8,8,8,8,8	ok
-0.921053	-20.000000	88	20732045890411527181599297888474911497867694095882062024790695	-1,8,8,8,8	8,8,8,8,8	ok
-0.868421	-20.000000	73	497539106788671610537318625369114148988162817482616059340835	-1,-8,-8,-8,-8	8,-8,-8,-8,-8	ok
-0.815789	-20.000000	72	497539106788670614230934110802136621016995254603713016897459	-1,-8,-8,-8,-8	-8,-8,-8,-8,-8	ok
-0.763158	-20.000000	146	7735786337002564403960715824183332294963879855560985668321175373232403600756739295841767101373614951305203452290617166	-1,-8,-8,-8,-8,-8	-8,-8,-8,-8,-8	ok
-0.710526	-20.000000	146	7735786337002564403960715824183332294963879855560985668321175373232403600756739295841767101373614951305203452290617166	-1,-8,-8,-8,-8,-8	-8,-8,-8,-8,-8	ok
-0.657895	-20.000000	146	7735786337002564403960715824183332294963879855560985668321175373232403600756739295841767101373614951305203452290617166	-1,-8,-8,-8,-8,-8	-8,-8,-8,-8,-8	ok
-0.605263	-20.000000	146	7735786337002564403960715824183332294963879855560985668321175373232403600756739295841767101373614951305203452290617166	-1,-8,-8,-8,-8,-8	-8,-8,-8,-8,-8	ok
-0.552632	-20.000000	146	7735786337002564403960715824183332294963879855560985668321175373232403600756739295841767101373614951305203452290617166	-1,-8,-8,-8,-8,-8	-8,-8,-8,-8,-8	ok
-0.500000	-20.000000	146	7735786337002564403960715824183332294963879855560985668321175373232403600756739295841767101373614951305203452290617166	-1,-8,-8,-8,-8,-8	-8,-8,-8,-8,-8	ok
