delta_x	delta_ca	T_category_id	T_encoding	gamma_category_id	gamma_encoding	T_scs	gamma_scs	status
-1.500000	-45.000000							error: T SSCS does not start with ±1: [-2, -2, -1, -1, -1, -1, -1]
-1.500000	-42.222222							error: T SSCS does not start with ±1: [4, 0, 0, 0, 0, 0, 0]
-1.500000	-39.444444							error: T SSCS does not start with ±1: [2, 0, 0, 0, 0, 0, 0]
-1.500000	-36.666667	7	3374966975014	5	4345	1,0,0,0,0,0,0	13,0,0,0,0	ok
-1.500000	-33.888889	6	3374964376952	3	4162	-1,0,0,0,0,0,0	12,0,0,0,0	ok
-1.500000	-31.111111	7	3374966975014	2	3983	1,0,0,0,0,0,0	11,0,0,0,0	ok
-1.500000	-28.333333	3	19879880900	39	6386547328603766	-1,0,0,1,-1,0	10,0,9,-9	ok
-1.500000	-25.555556	42	3610043449319006788630658100077	36	2687023258164198	-1,0,-9,0,-9	9,-9,0,-9	ok
-1.500000	-22.777778	39	3211009090000673471152537431089	33	2283266909404894	-1,-5,6,8,8	-9,5,7,8	ok
-1.500000	-20.000000	38	498768035658189837530332217308	32	999189900303645	1,-8,-8,-8,-8	8,8,-8,-8	ok
-1.388889	-45.000000							error: T SSCS does not start with ±1: [-2, -1, -1, -1, -1, -1, -1]
-1.388889	-42.222222	7	3374966975014	7	4918	1,0,0,0,0,0,0	16,0,0,0,0	ok
-1.388889	-39.444444							error: T SSCS does not start with ±1: [2, 0, 0, 0, 0, 0, 0]
-1.388889	-36.666667	7	3374966975014	4	4253	1,0,0,0,0,0,0	-13,0,0,0,0	ok
-1.388889	-33.888889	6	3374964376952	15	2650730	-1,0,0,0,0,0,0	-12,0,0,0,0,0	ok
-1.388889	-31.111111	19	160660191070203827	29	37998490629	-1,0,-1,-10,0,0	-11,0,0,4	ok
-1.388889	-28.333333	55	850068549701250877044440496012892069875526	40	7037003902501906	1,-1,0,-10,-1,4	10,2,1,9	ok
-1.388889	-25.555556	12	6406958294820305	31	451520166673117	-1,6,9,-9	9,9,-9,7	ok
-1.388889	-22.777778	41	3567337129908398802593659638902	37	5848782350016823	-1,8,8,-9,8	-9,8,8,-9	ok
-1.388889	-20.000000	40	3219630870954874081466514659729	34	2537570046700137	-1,8,8,8,8	8,8,8,8	ok
-1.277778	-45.000000							error: T SSCS does not start with ±1: [-2, -2, -2, -2, -2]
-1.277778	-42.222222	1	2602619	11	854747	1,0,0,0,0,0	-16,0,3,0,0	ok
-1.277778	-39.444444	6	3374964376952	6	4532	-1,0,0,0,0,0,0	14,0,0,0,0	ok
-1.277778	-36.666667	36	331374310391957453775077	19	69708503	-1,0,0,0,0,-1,-1	-13,0,-1,0,1	ok
-1.277778	-33.888889	25	592831039668499940	25	2089326380	-1,0,0,-11,0,0	-12,1,11,1	ok
-1.277778	-31.111111	50	2225840489560965117306264882654065	46	32497077261929295	-1,0,10,10,10	-11,-1,0,10	ok
-1.277778	-28.333333	14	31282545094055729	43	30124139753553605	1,9,-10,-10	10,9,9,-10	ok
-1.277778	-25.555556	13	14131091504650400	41	14134177061995017	-1,-9,9,9	9,9,9,9	ok
-1.277778	-22.777778	43	17113432059335363421900214640502	35	2671081176279736	-1,8,-9,8,-9	-9,8,-9,8	ok
-1.277778	-20.000000	40	3219630870954874081466514659729	34	2537570046700137	-1,8,8,8,8	8,8,8,8	ok
-1.166667	-45.000000	8	5364510721919	1	2380	1,-3,-2,-6	-18,-2,1	ok
-1.166667	-42.222222	4	120805540028	13	1322721	1,0,0,1,0,-1	15,-1,-1,1,0	ok
-1.166667	-39.444444	32	28389566347886097095	17	4834468	-1,0,0,1,0,0,-1	-14,0,-1,0,0,0	ok
-1.166667	-36.666667	49	528216936647526235856965062654814	8	108787	1,0,1,0,10	12,12,-1,0	ok
-1.166667	-33.888889	24	546776432642569589	21	752041131	-1,0,11,-11,-1	11,11,-11,0	ok
-1.166667	-31.111111	16	66641966605480280	48	66720926273439432	-1,6,10,10	-11,10,10,10	ok
-1.166667	-28.333333	47	453895729641538607484895107171494	42	14732317585058792	-1,9,-10,9,-10	-10,9,-10,9	ok
-1.166667	-25.555556	45	99887480609913080653142721402689	41	14134177061995017	-1,9,9,9,9	9,9,9,9	ok
-1.166667	-22.777778	43	17113432059335363421900214640502	35	2671081176279736	-1,8,-9,8,-9	-9,8,-9,8	ok
-1.166667	-20.000000	40	3219630870954874081466514659729	34	2537570046700137	-1,8,8,8,8	8,8,8,8	ok
-1.055556	-45.000000	11	2959559468645953	59	116573686892467903676879703	1,-2,-2,0,-3	-17,-1,-2,-1,6	ok
-1.055556	-42.222222	15	64449909553968943	18	27465137	1,0,-1,1,-2,-1	-15,0,0,-1,0,0	ok
-1.055556	-39.444444	22	533414326698335252	9	140159	-1,0,1,1,0,-1,0	13,13,-1,0	ok
-1.055556	-36.666667	34	229719767049135620179	54	548931685865374866	1,-1,0,12,2	12,-12,0,12	ok
-1.055556	-33.888889	5	514702014309	20	741298238	-1,-4,-8,4	11,11,11	ok
-1.055556	-31.111111	17	66720918967500902	47	66720925908142496	-1,10,10,10	10,10,10,10	ok
-1.055556	-28.333333	48	489473977720914081937327972658195	44	31288144007624166	-1,-10,-10,-10,-10	-10,-10,-10,-10	ok
-1.055556	-25.555556	45	99887480609913080653142721402689	41	14134177061995017	-1,9,9,9,9	9,9,9,9	ok
-1.055556	-22.777778	41	3567337129908398802593659638902	35	2671081176279736	-1,8,8,-9,8	-9,8,-9,8	ok
-1.055556	-20.000000	40	3219630870954874081466514659729	34	2537570046700137	-1,8,8,8,8	8,8,8,8	ok
-0.944444	-45.000000	2	6336734174	10	374513	1,1,-13,-1,0	16,-15,2	ok
-0.944444	-42.222222	57	210480181279024439703889316792889309130428357121207377190803560502304589	28	6286288099	1,0,0,0,2,-13	-15,2,14,-1	ok
-0.944444	-39.444444	10	40916265649910	16	2924545	-1,0,13,-1,-1,-1	13,12,-1,-2	ok
-0.944444	-36.666667	21	454426601051659700	22	1033010307	-1,-11,-9,-12	12,-12,-12	ok
-0.944444	-33.888889	18	137520058369471127	51	137537054508265638	-1,-11,-11,-11	11,11,-11,-11	ok
-0.944444	-31.111111	17	66720918967500902	47	66720925908142496	-1,10,10,10	10,10,10,10	ok
-0.944444	-28.333333	48	489473977720914081937327972658195	44	31288144007624166	-1,-10,-10,-10,-10	-10,-10,-10,-10	ok
-0.944444	-25.555556	45	99887480609913080653142721402689	41	14134177061995017	-1,9,9,9,9	9,9,9,9	ok
-0.944444	-22.777778	40	3219630870954874081466514659729	34	2537570046700137	-1,8,8,8,8	8,8,8,8	ok
-0.944444	-20.000000	40	3219630870954874081466514659729	62	3219630870954912145017215161919	-1,8,8,8,8	8,8,8,8,8	ok
-0.833333	-45.000000	9	16773096244276	30	39665473622	1,1,-2,0,2	-16,0,-16,-2	ok
-0.833333	-42.222222	31	19082437102322085527	14	1570850	-1,0,1,14,-1	14,-14,-3,-1	ok
-0.833333	-39.444444	52	3147190906793045267617379912596370	56	1777327259257775915	-1,1,-13,2,-11	-13,-2,-12,-13	ok
-0.833333	-36.666667	23	533508198414997652	53	533508221140224737	-1,-12,-12,-12	-12,-12,-12,-12	ok
-0.833333	-33.888889	53	9455884669399191660884342385366419	50	137520069382767449	-1,-11,-11,-11,-11	11,-11,-11,-11	ok
-0.833333	-31.111111	51	2225840977019920444092511290911250	47	66720925908142496	-1,10,10,10,10	10,10,10,10	ok
-0.833333	-28.333333	48	489473977720914081937327972658195	44	31288144007624166	-1,-10,-10,-10,-10	-10,-10,-10,-10	ok
-0.833333	-25.555556	44	18771403874319079111379122357950	38	6127218708778185	-1,-9,-9,-9,-9	9,-9,-9,-9	ok
-0.833333	-22.777778	40	3219630870954874081466514659729	34	2537570046700137	-1,8,8,8,8	8,8,8,8	ok
-0.833333	-20.000000	37	498768035658188838763056363530	61	498768035658203820272194170305	-1,-8,-8,-8,-8	8,-8,-8,-8,-8	ok
-0.722222	-45.000000	35	359248837960810589488	12	1106297	1,-1,-3,-15,-2	-16,15,-3,0	ok
-0.722222	-42.222222	29	5818052338901405759	24	1975846926	-1,-1,13,-14	-14,-1,13	ok
-0.722222	-39.444444	27	1862402202891664994	23	1930037360	-1,12,-13,-13	-13,-13,-13	ok
-0.722222	-36.666667	54	142315511012103471820664918283921429	53	533508221140224737	-1,-12,-12,-12,-12	-12,-12,-12,-12	ok
-0.722222	-33.888889	53	9455884669399191660884342385366419	49	137520068858324757	-1,-11,-11,-11,-11	-11,-11,-11,-11	ok
-0.722222	-31.111111	51	2225840977019920444092511290911250	47	66720925908142496	-1,10,10,10,10	10,10,10,10	ok
-0.722222	-28.333333	46	108520588184674852847904761334452	42	14732317585058792	-1,9,9,-10,9	-10,9,-10,9	ok
-0.722222	-25.555556	44	18771403874319079111379122357950	63	18771403874319177146876691612886	-1,-9,-9,-9,-9	-9,-9,-9,-9,-9	ok
-0.722222	-22.777778	40	3219630870954874081466514659729	34	2537570046700137	-1,8,8,8,8	8,8,8,8	ok
-0.722222	-20.000000	56	124384776697171140630079328682461662975044243401923320030869	60	498768035658202821504918316513	-1,-8,-8,-8,-8,-8	-8,-8,-8,-8,-8	ok
-0.611111	-45.000000	33	125142217739315803535	58	11277341565956793520	-1,0,-15,-15,1	15,-1,2,-15	ok
-0.611111	-42.222222	30	5939583698530895609	27	3446948908	-1,-12,-14,-14	-14,-14,-14	ok
-0.611111	-39.444444	27	1862402202891664994	57	1862522156643875166	-1,12,-13,-13	-13,-13,-13,-13	ok
-0.611111	-36.666667	54	142315511012103471820664918283921429	53	533508221140224737	-1,-12,-12,-12,-12	-12,-12,-12,-12	ok
-0.611111	-33.888889	53	9455884669399191660884342385366419	49	137520068858324757	-1,-11,-11,-11,-11	-11,-11,-11,-11	ok
-0.611111	-31.111111	48	489473977720914081937327972658195	45	31288144257776695	-1,-10,-10,-10,-10	10,-10,-10,-10	ok
-0.611111	-28.333333	45	99887480609913080653142721402689	41	14134177061995017	-1,9,9,9,9	9,9,9,9	ok
-0.611111	-25.555556	44	18771403874319079111379122357950	63	18771403874319177146876691612886	-1,-9,-9,-9,-9	-9,-9,-9,-9,-9	ok
-0.611111	-22.777778	40	3219630870954874081466514659729	62	3219630870954912145017215161919	-1,8,8,8,8	8,8,8,8,8	ok
-0.611111	-20.000000	56	124384776697171140630079328682461662975044243401923320030869	60	498768035658202821504918316513	-1,-8,-8,-8,-8,-8	-8,-8,-8,-8,-8	ok
-0.500000	-45.000000							error: T SSCS does not start with ±1: [-2, -3, -15, -15]
-0.500000	-42.222222	28	3361378628987190902	26	2592900051	-1,13,13,13	-14,13,13	ok
-0.500000	-39.444444	26	1009021255905833795	55	1009021288579133361	-1,12,12,12	12,12,12,12	ok
-0.500000	-36.666667	20	274761540684197919	52	274761556251461169	-1,11,11,11	11,11,11,11	ok
-0.500000	-33.888889	53	9455884669399191660884342385366419	49	137520068858324757	-1,-11,-11,-11,-11	-11,-11,-11,-11	ok
-0.500000	-31.111111	48	489473977720914081937327972658195	44	31288144007624166	-1,-10,-10,-10,-10	-10,-10,-10,-10	ok
-0.500000	-28.333333	45	99887480609913080653142721402689	41	14134177061995017	-1,9,9,9,9	9,9,9,9	ok
-0.500000	-25.555556	44	18771403874319079111379122357950	63	18771403874319177146876691612886	-1,-9,-9,-9,-9	-9,-9,-9,-9,-9	ok
-0.500000	-22.777778	40	3219630870954874081466514659729	62	3219630870954912145017215161919	-1,8,8,8,8	8,8,8,8,8	ok
-0.500000	-20.000000	56	124384776697171140630079328682461662975044243401923320030869	60	498768035658202821504918316513	-1,-8,-8,-8,-8,-8	-8,-8,-8,-8,-8	ok
