delta_x	delta_ca	T0_V	T0_Ca	T0_method	T_encoding	gamma_encoding	T_scs	gamma_scs	status
-1.500000	-41.993988	-44.733597	0.853268	continued:5	3374966975014	4918	1,0,0,0,0,0,0	16,0,0,0,0	ok
-1.497996	-41.993988	-45.057450	0.852018	continued:5	3374966975014	4918	1,0,0,0,0,0,0	16,0,0,0,0	ok
-1.495992	-41.993988	-45.376457	0.851310	continued:5	3374966975014	4918	1,0,0,0,0,0,0	16,0,0,0,0	ok
-1.493988	-41.993988	-45.685879	0.850809	continued:5	3374966975014	4918	1,0,0,0,0,0,0	16,0,0,0,0	ok
-1.491984	-41.993988	-45.984316	0.850641	full	3374966975014	4918	1,0,0,0,0,0,0	16,0,0,0,0	ok
-1.489980	-41.993988	-44.082945	0.854785	continued:5	3374966975014	4918	1,0,0,0,0,0,0	16,0,0,0,0	ok
-1.487976	-41.993988	-44.420133	0.852995	continued:5	3374966975014	4918	1,0,0,0,0,0,0	16,0,0,0,0	ok
-1.485972	-41.993988	-44.753177	0.851618	continued:5	3374966975014	4918	1,0,0,0,0,0,0	16,0,0,0,0	ok
-1.483968	-41.993988	-45.080204	0.850369	continued:5	3374966975014	4918	1,0,0,0,0,0,0	16,0,0,0,0	ok
-1.481964	-41.993988	-45.401701	0.849661	continued:5	3374966975014	4918	1,0,0,0,0,0,0	16,0,0,0,0	ok
-1.479960	-41.993988	-45.712974	0.849159	continued:5	3374966975014	4918	1,0,0,0,0,0,0	16,0,0,0,0	ok
-1.477956	-41.993988	-46.012655	0.848992	full	3374966975014	4918	1,0,0,0,0,0,0	16,0,0,0,0	ok
-1.475952	-41.993988	-44.098221	0.853265	continued:5	3374966975014	4918	1,0,0,0,0,0,0	16,0,0,0,0	ok
-1.473948	-41.993988	-44.438312	0.851475	continued:5	3374966975014	4918	1,0,0,0,0,0,0	16,0,0,0,0	ok
-1.471944	-41.993988	-44.773598	0.849892	continued:5	3374966975014	4918	1,0,0,0,0,0,0	16,0,0,0,0	ok
-1.469940	-41.993988	-45.104556	0.848849	continued:5	3374966975014	4918	1,0,0,0,0,0,0	16,0,0,0,0	ok
-1.467936	-41.993988	-45.427021	0.848013	continued:5	3374966975014	4918	1,0,0,0,0,0,0	16,0,0,0,0	ok
-1.465932	-41.993988	-45.740059	0.847512	continued:5	3374966975014	4918	1,0,0,0,0,0,0	16,0,0,0,0	ok
-1.463928	-41.993988	-46.040898	0.847344	full	3374966975014	4918	1,0,0,0,0,0,0	16,0,0,0,0	ok
-1.461924	-41.993988	-44.111133	0.851742	continued:5	3374966975014	4918	1,0,0,0,0,0,0	16,0,0,0,0	ok
-1.459920	-41.993988	-44.454314	0.849824	continued:5	3374966975014	4918	1,0,0,0,0,0,0	16,0,0,0,0	ok
-1.457916	-41.993988	-44.793444	0.848241	continued:5	3374966975014	4918	1,0,0,0,0,0,0	16,0,0,0,0	ok
-1.455912	-41.993988	-45.127479	0.847198	continued:5	3374966975014	4918	1,0,0,0,0,0,0	16,0,0,0,0	ok
-1.453908	-41.993988	-45.452329	0.846362	continued:5	3374966975014	4918	1,0,0,0,0,0,0	16,0,0,0,0	ok
-1.451904	-41.993988	-45.767104	0.845861	continued:5	3374966975014	4918	1,0,0,0,0,0,0	16,0,0,0,0	ok
-1.449900	-41.993988	-46.069069	0.845694	full	3374966975014	4918	1,0,0,0,0,0,0	16,0,0,0,0	ok
-1.447896	-41.993988	-44.126799	0.850053	continued:5	3374966975014	4918	1,0,0,0,0,0,0	16,0,0,0,0	ok
-1.445892	-41.993988	-44.474801	0.848263	continued:5	3374966975014	4918	1,0,0,0,0,0,0	16,0,0,0,0	ok
-1.443888	-41.993988	-44.816414	0.846807	continued:5	3374966975014	4918	1,0,0,0,0,0,0	16,0,0,0,0	ok
-1.441884	-41.993988	-45.150901	0.845558	continued:5	2602619	4918	1,0,0,0,0,0	16,0,0,0,0	ok
-1.439880	-41.993988	-45.477943	0.844722	continued:5	3374966975014	4918	1,0,0,0,0,0,0	16,0,0,0,0	ok
-1.437876	-41.993988	-45.794271	0.844220	continued:5	3374966975014	4918	1,0,0,0,0,0,0	16,0,0,0,0	ok
-1.435872	-41.993988	-46.097188	0.844053	full	3374966975014	4918	1,0,0,0,0,0,0	16,0,0,0,0	ok
-1.433868	-41.993988	-44.140133	0.848527	continued:5	3374966975014	4918	1,0,0,0,0,0,0	16,0,0,0,0	ok
-1.431864	-41.993988	-44.491165	0.846609	continued:5	3374966975014	4918	1,0,0,0,0,0,0	16,0,0,0,0	ok
-1.429860	-41.993988	-44.836550	0.845153	continued:5	3374966975014	4918	1,0,0,0,0,0,0	16,0,0,0,0	ok
-1.427856	-41.993988	-45.174031	0.843904	continued:5	3374966975014	4918	1,0,0,0,0,0,0	16,0,0,0,0	ok
-1.425852	-41.993988	-45.503365	0.843068	continued:5	3374966975014	4918	1,0,0,0,0,0,0	16,0,0,0,0	ok
-1.423848	-41.993988	-45.821330	0.842567	continued:5	2602619	4918	1,0,0,0,0,0	16,0,0,0,0	ok
-1.421844	-41.993988	-46.125270	0.842399	full	3374966975014	4918	1,0,0,0,0,0,0	16,0,0,0,0	ok
-1.419840	-41.993988	-44.154918	0.846886	continued:5	3374966975014	4918	1,0,0,0,0,0,0	16,0,0,0,0	ok
-1.417836	-41.993988	-44.510201	0.845096	continued:5	3374966975014	4918	1,0,0,0,0,0,0	16,0,0,0,0	ok
-1.415832	-41.993988	-44.857531	0.843512	continued:5	3374966975014	4918	1,0,0,0,0,0,0	16,0,0,0,0	ok
-1.413828	-41.993988	-45.197770	0.842263	continued:5	3374966975014	4918	1,0,0,0,0,0,0	16,0,0,0,0	ok
-1.411824	-41.993988	-45.529173	0.841427	continued:5	3374966975014	4918	1,0,0,0,0,0,0	16,0,0,0,0	ok
-1.409820	-41.993988	-45.848564	0.840925	continued:5	3374966975014	4918	1,0,0,0,0,0,0	16,0,0,0,0	ok
-1.407816	-41.993988	-46.153327	0.840758	full	2602619	4918	1,0,0,0,0,0	16,0,0,0,0	ok
-1.405812	-41.993988	-44.169718	0.845369	continued:5	3374966975014	4918	1,0,0,0,0,0,0	16,0,0,0,0	ok
-1.403808	-41.993988	-44.527747	0.843451	continued:5	2602619	4918	1,0,0,0,0,0	16,0,0,0,0	ok
-1.401804	-41.993988	-44.878587	0.841867	continued:5	3374966975014	4918	1,0,0,0,0,0,0	16,0,0,0,0	ok
-1.399800	-41.993988	-45.221570	0.840618	continued:5	2602619	4918	1,0,0,0,0,0	16,0,0,0,0	ok
-1.397796	-41.993988	-45.555021	0.839782	continued:5	3374966975014	4918	1,0,0,0,0,0,0	16,0,0,0,0	ok
-1.395792	-41.993988	-45.875813	0.839280	continued:5	3374966975014	4918	1,0,0,0,0,0,0	16,0,0,0,0	ok
-1.393788	-41.993988	-46.181371	0.839113	full	3374966975014	2669174	1,0,0,0,0,0,0	-16,0,0,0,0,0	ok
-1.391784	-41.993988	-44.186042	0.843785	continued:5	3374966975014	4820	1,0,0,0,0,0,0	-16,0,0,0,0	ok
-1.389780	-41.993988	-44.547449	0.841867	continued:5	3374966975014	4820	1,0,0,0,0,0,0	-16,0,0,0,0	ok
-1.387776	-41.993988	-44.900908	0.840283	continued:5	3374966975014	4820	1,0,0,0,0,0,0	-16,0,0,0,0	ok
-1.385772	-41.993988	-45.245835	0.839034	continued:5	3374966975014	4820	1,0,0,0,0,0,0	-16,0,0,0,0	ok
-1.383768	-41.993988	-45.580604	0.838119	continued:5	3374966975014	4820	1,0,0,0,0,0,0	-16,0,0,0,0	ok
-1.381764	-41.993988	-45.902936	0.837617	continued:5	2602619	4820	1,0,0,0,0,0	-16,0,0,0,0	ok
-1.379760	-41.993988	-46.209411	0.837450	full	2602619	4820	1,0,0,0,0,0	-16,0,0,0,0	ok
-1.377756	-41.993988	-44.199921	0.842139	continued:5	3374966975014	4820	1,0,0,0,0,0,0	-16,0,0,0,0	ok
-1.375752	-41.993988	-44.565611	0.840221	continued:5	2602619	4820	1,0,0,0,0,0	-16,0,0,0,0	ok
-1.373747	-41.993988	-44.922462	0.838637	continued:5	2602619	4820	1,0,0,0,0,0	-16,0,0,0,0	ok
-1.371743	-41.993988	-45.270012	0.837388	continued:5	3374966975014	4820	1,0,0,0,0,0,0	-16,0,0,0,0	ok
-1.369739	-41.993988	-45.606705	0.836473	continued:5	2602619	4820	1,0,0,0,0,0	-16,0,0,0,0	ok
-1.367735	-41.993988	-45.930310	0.835972	continued:5	2602619	4820	1,0,0,0,0,0	-16,0,0,0,0	ok
-1.365731	-41.993988	-46.237453	0.835804	full	2602619	4820	1,0,0,0,0,0	-16,0,0,0,0	ok
-1.363727	-41.993988	-44.216600	0.840696	continued:5	2602619	4820	1,0,0,0,0,0	-16,0,0,0,0	ok
-1.361723	-41.993988	-44.583896	0.838571	continued:5	3374966975014	4820	1,0,0,0,0,0,0	-16,0,0,0,0	ok
-1.359719	-41.993988	-44.944130	0.836988	continued:5	2602619	4820	1,0,0,0,0,0	-16,0,0,0,0	ok
-1.357715	-41.993988	-45.294284	0.835739	continued:5	2602619	4820	1,0,0,0,0,0	-16,0,0,0,0	ok
-1.355711	-41.993988	-45.632876	0.834824	continued:5	2602619	4820	1,0,0,0,0,0	-16,0,0,0,0	ok
-1.353707	-41.993988	-45.957724	0.834322	continued:5	3374966975014	4820	1,0,0,0,0,0,0	-16,0,0,0,0	ok
-1.351703	-41.993988	-46.265505	0.834155	full	2602619	4820	1,0,0,0,0,0	-16,0,0,0,0	ok
-1.349699	-41.993988	-44.231248	0.839049	continued:5	2602619	4820	1,0,0,0,0,0	-16,0,0,0,0	ok
-1.347695	-41.993988	-44.602709	0.836924	continued:5	2602619	4820	1,0,0,0,0,0	-16,0,0,0,0	ok
-1.345691	-41.993988	-44.966216	0.835341	continued:5	3374966975014	4820	1,0,0,0,0,0,0	-16,0,0,0,0	ok
-1.343687	-41.993988	-45.318869	0.834092	continued:5	2602619	4820	1,0,0,0,0,0	-16,0,0,0,0	ok
-1.341683	-41.993988	-45.659256	0.833177	continued:5	2602619	4820	1,0,0,0,0,0	-16,0,0,0,0	ok
-1.339679	-41.993988	-45.985249	0.832675	continued:5	2602619	525447122	1,0,0,0,0,0	-16,0,0,0,-1,0	ok
-1.337675	-41.993988	-46.293573	0.832508	full	2602619	30799758497	1,0,0,0,0,0	-16,0,0,0,-2	ok
-1.335671	-41.993988	-44.248975	0.837400	continued:5	2602619	24822259424	1,0,0,0,0,0	-16,0,0,-1,0,-1	ok
-1.333667	-41.993988	-44.624317	0.835482	continued:5	2602619	27479960	1,0,0,0,0,0	-16,0,0,-1,0,0	ok
-1.331663	-41.993988	-44.988511	0.833692	continued:5	2602619	1910145305	1,0,0,0,0,0	-16,0,-1,2,-1	ok
-1.329659	-41.993988	-45.343619	0.832443	continued:5	2602619	43697195	1,0,0,0,0,0	-16,0,-1,-1,0,0	ok
-1.327655	-41.993988	-45.685754	0.831528	continued:5	2602619	934431306485	1,0,0,0,0,0	-16,0,-1,0,-1,-1	ok
-1.325651	-41.993988	-46.012843	0.831026	continued:5	2602619	4846910	1,0,0,0,0,0	-16,0,-1,0,0,0	ok
-1.323647	-41.993988	-46.321661	0.830859	full	2602619	4846910	1,0,0,0,0,0	-16,0,-1,0,0,0	ok
-1.321643	-41.993988	-44.266743	0.835879	continued:5	2602619	29372	1,0,0,0,0,0	-16,0,1,0,0	ok
-1.319639	-41.993988	-44.644415	0.833754	continued:5	2602619	921372	1,0,0,0,0,0	-16,-1,3,0,0	ok
-1.317635	-41.993988	-45.012614	0.832170	continued:5	2602619	34422	1,0,0,0,0,0	-16,-1,1,0,0	ok
-1.315631	-41.993988	-45.368601	0.830793	continued:5	2602619	5092805	1,0,0,0,0,0	-16,-1,-1,0,0,0	ok
-1.313627	-41.993988	-45.712415	0.829879	continued:5	2602619	2537572183901097	1,0,0,0,0,0	-16,-1,-1,-1,0,1	ok
-1.311623	-41.993988	-46.040530	0.829377	continued:5	2602619	672189	1,0,0,0,0,0	-16,-1,0,1,0	ok
-1.309619	-41.993988	-46.349774	0.829210	full	2602619	372440247	1,0,0,0,0,0	-16,-1,0,-1,1	ok
-1.307615	-41.993988	-44.282711	0.834231	continued:5	2602619	5964	1,0,0,0,0,0	-16,-1,0,0,0	ok
-1.305611	-41.993988	-44.664335	0.832106	continued:5	2602619	2826222	1,0,0,0,0,0	-16,-1,0,0,0,0	ok
-1.303607	-41.993988	-45.035597	0.830523	continued:5	2602619	2826222	1,0,0,0,0,0	-16,-1,0,0,0,0	ok
-1.301603	-41.993988	-45.393874	0.829146	continued:5	2602619	2826222	1,0,0,0,0,0	-16,-1,0,0,0,0	ok
-1.299599	-41.993988	-45.739275	0.828231	continued:5	2602619	7350	1,0,0,0,0,0	-16,1,0,0,0	ok
-1.297595	-41.993988	-46.068328	0.827729	continued:5	2602619	7350	1,0,0,0,0,0	-16,1,0,0,0	ok
-1.295591	-41.993988	-46.377916	0.827562	full	2602619	7350	1,0,0,0,0,0	-16,1,0,0,0	ok
-1.293587	-41.993988	-44.302764	0.832592	continued:5	2602619	138570	1,0,0,0,0,0	-16,1,0,0,-1	ok
-1.291583	-41.993988	-44.687815	0.830674	continued:5	2602619	753166235	1,0,0,0,0,0	-16,1,-1,0,-1,0	ok
-1.289579	-41.993988	-45.059360	0.828884	continued:5	2602619	62804	1,0,0,0,0,0	-16,-2,0,-1,0	ok
-1.287575	-41.993988	-45.419719	0.827507	continued:5	2602619	28410	1,0,0,0,0,0	-16,2,0,1	ok
-1.285571	-41.993988	-45.766513	0.826592	continued:5	2602619	45723	1,0,0,0,0,0	15,-3,2,0	ok
-1.283567	-41.993988	-46.096324	0.826090	continued:5	2602619	8881	1,0,0,0,0,0	15,-2,0,0,0	ok
-1.281563	-41.993988	-46.406090	0.825923	full	2602619	326806	1,0,0,0,0,0	15,-2,-1,0,-1	ok
-1.279559	-41.993988	-44.706787	0.829254	continued:5	2602619	4530	1,0,0,0,0,0	15,1,1,0	ok
-1.277555	-41.993988	-45.080808	0.827464	continued:5	2602619	669873	1,0,0,0,0,0	15,1,-1,-2	ok
-1.275551	-41.993988	-45.442988	0.826215	continued:5	2602619	1514640	1,0,0,0,0,0	15,1,0,-1,-1	ok
-1.273547	-41.993988	-45.789665	0.825172	continued:5	2602619	138045	1,0,0,0,0,0	15,1,0,0,-1	ok
-1.271543	-41.993988	-46.120245	0.824671	continued:5	2602619	7230	1,0,0,0,0,0	15,1,0,0,0	ok
-1.269539	-41.993988	-46.430268	0.824503	full	2602619	7230	1,0,0,0,0,0	15,1,0,0,0	ok
-1.267535	-41.993988	-44.724915	0.827843	continued:5	2602619	7230	1,0,0,0,0,0	15,1,0,0,0	ok
-1.265531	-41.993988	-45.101352	0.826052	continued:5	2602619	7230	1,0,0,0,0,0	15,1,0,0,0	ok
-1.263527	-41.993988	-45.465294	0.824803	continued:5	2602619	1245	1,0,0,0,0,0	15,1,0,0	ok
-1.261523	-41.993988	-45.813136	0.823761	continued:5	2602619	1245	1,0,0,0,0,0	15,1,0,0	ok
-1.259519	-41.993988	-46.144333	0.823259	continued:5	2602619	1245	1,0,0,0,0,0	15,1,0,0	ok
-1.257515	-41.993988	-46.454473	0.823092	full	4538138813	5856	1,0,0,0,0,-1	15,-1,0,0,0	ok
-1.255511	-41.993988	-44.744246	0.826444	continued:5	4538138813	5856	1,0,0,0,0,-1	15,-1,0,0,0	ok
-1.253507	-41.993988	-45.122814	0.824654	continued:5	4538138813	5856	1,0,0,0,0,-1	15,-1,0,0,0	ok
-1.251503	-41.993988	-45.488262	0.823405	continued:5	137520069907210163	5856	1,0,0,0,0,-1,0	15,-1,0,0,0	ok
-1.249499	-41.993988	-45.837039	0.822362	continued:5	137520069907210163	5856	1,0,0,0,0,-1,0	15,-1,0,0,0	ok
-1.247495	-41.993988	-46.168642	0.821861	continued:5	998767365241364	122730	1,0,0,0,0,1	15,-1,0,0,-1	ok
-1.245491	-41.993988	-46.478708	0.821694	full	998767365241364	533680755	1,0,0,0,0,1	15,-1,0,0,-1,0	ok
-1.243487	-41.993988	-44.766274	0.825107	continued:5	998767365241364	46286601	1,0,0,0,0,1	15,-1,0,0,1	ok
-1.241483	-41.993988	-45.146020	0.823316	continued:5	474075634852359393488	38472206918676	1,0,0,0,0,-2	15,-1,0,-1,2	ok
-1.239479	-41.993988	-45.512138	0.821939	continued:5	17104126856357588339164949332264	3000812690901	1,0,0,0,-1,-3	15,-1,0,-1,-1,-1	ok
-1.237475	-41.993988	-45.862439	0.821025	continued:5	66720926638736389	28376781	1,0,0,0,-1,1	15,-1,0,-1,0,0	ok
-1.235471	-41.993988	-46.193676	0.820523	continued:5	66720926638736389	671031	1,0,0,0,-1,1	15,-1,0,1,0	ok
-1.233467	-41.993988	-46.502974	0.820356	full	5940728492313138389	16869306	1,0,0,0,-1,-1,0	15,-1,0,1,-1	ok
-1.231463	-41.993988	-44.783140	0.823637	continued:5	814096294019	69061581212008851	1,0,0,0,-1,-1	15,-1,0,-11	ok
-1.229459	-41.993988	-45.165965	0.821846	continued:5	524507464	1322721	1,0,0,0,-1,0	15,-1,-1,1,0	ok
-1.227455	-41.993988	-45.534405	0.820597	continued:5	524507464	108315	1,0,0,0,-1,0	15,-1,-1,-1,0	ok
-1.225451	-41.993988	-45.885017	0.819555	continued:5	524507464	71586565	1,0,0,0,-1,0	15,-1,-1,0,1	ok
-1.223447	-41.993988	-46.217393	0.819053	continued:5	371299139840494	13831	1,0,0,0,-1,0,0	15,-1,-1,0,0	ok
-1.221443	-41.993988	-46.527273	0.819014	full	371299139840494	5089615	1,0,0,0,-1,0,0	15,-1,-1,0,0,0	ok
-1.219439	-41.993988	-44.805247	0.822290	continued:5	171643213369	34161	1,0,0,0,1,0	15,-1,1,0,0	ok
-1.217435	-41.993988	-45.189264	0.820500	continued:5	171643213369	34161	1,0,0,0,1,0	15,-1,1,0,0	ok
-1.215431	-41.993988	-45.558376	0.819123	continued:5	171643213369	567615	1,0,0,0,1,0	15,-1,1,0,-1	ok
-1.213427	-41.993988	-45.910506	0.818208	continued:5	171643213369	242526	1,0,0,0,1,0	15,-1,1,-1,0	ok
-1.211423	-41.993988	-46.242505	0.817707	continued:5	129422031771394	520680	1,0,0,0,1,-1	15,-1,-2,-1,0	ok
-1.209419	-41.993988	-46.551605	0.817667	full	44712694	195595	1,0,0,0,1	15,-1,2,0,0	ok
-1.207415	-41.993988	-44.823748	0.820860	continued:5	41925905971514	397356	1,0,0,0,-2,0	15,-1,3,-1	ok
-1.205411	-41.993988	-45.210180	0.819070	continued:5	6127218819477964	11445690	1,0,0,0,2,0	15,0,-5,1	ok
-1.203407	-41.993988	-45.581022	0.817693	continued:5	533508223206154519	54916	1,0,0,0,-3,0	15,0,-3,0	ok
-1.201403	-41.993988	-45.934266	0.816778	continued:5	19082185018361519723589403351604688688	20473	1,0,0,-1,14	15,0,2,0	ok
-1.199399	-41.993988	-46.266819	0.816277	continued:5	1820670401796024644	73123	1,0,0,-1,2,-1	15,0,-2,0,0	ok
-1.197395	-41.993988	-46.575972	0.816316	full	195111458343779162228	158375473	1,0,0,-1,-2,1	15,0,-2,0,1	ok
-1.195391	-41.993988	-44.847677	0.819505	continued:5	304229984004284756444	4373373	1,0,0,-1,1,-1,0	15,0,-2,1,0	ok
-1.193387	-41.993988	-45.235159	0.817714	continued:5	705808032553	1149856	1,0,0,-1,1,0	15,0,1,-2	ok
-1.191383	-41.993988	-45.606544	0.816337	continued:5	705808032553	218761	1,0,0,-1,1,0	15,0,1,-1,0	ok
-1.189379	-41.993988	-45.959848	0.815423	continued:5	942123173356369	4604065	1,0,0,-1,-1,0,0	15,0,1,-1,-1	ok
-1.187375	-41.993988	-46.292013	0.814921	continued:5	468718933994880007744	2896	1,0,0,-1,-1,0,-1	15,0,1,0	ok
-1.185371	-41.993988	-46.600376	0.814961	full	5675226694170253212219994	521701	1,0,0,-1,-1,-1,-1	15,0,1,0,-1	ok
-1.183367	-41.993988	-44.867875	0.818145	continued:5	10109286249324191648	2896	1,0,0,-1,-1,-1,0	15,0,1,0	ok
-1.181363	-41.993988	-45.256757	0.816354	continued:5	489298938976148660229645874518319	2896	1,0,0,-1,-1,-2,-1	15,0,1,0	ok
-1.179359	-41.993988	-45.628977	0.814977	continued:5	94991925637698669527471693	2896	1,0,0,-1,0,2	15,0,1,0	ok
-1.177355	-41.993988	-45.982595	0.813935	continued:5	2409127854349994	2896	1,0,0,-1,0,1	15,0,1,0	ok
-1.175351	-41.993988	-46.315889	0.813433	continued:5	2409127854349994	2896	1,0,0,-1,0,1	15,0,1,0	ok
-1.173347	-41.993988	-46.624816	0.813600	full	266939968535993519	11446	1,0,0,-1,0,-1,0	15,0,-1,0,0	ok
-1.171343	-41.993988	-44.888706	0.816723	continued:5	436541334413927843232494	11446	1,0,0,-1,0,-1,-1	15,0,-1,0,0	ok
-1.169339	-41.993988	-45.279580	0.814933	continued:5	24815798369	11446	1,0,0,-1,0,-1	15,0,-1,0,0	ok
-1.167335	-41.993988	-45.653150	0.813477	continued:5	27265418	11446	1,0,0,-1,0,0	15,0,-1,0,0	ok
-1.165331	-41.993988	-46.008356	0.812562	continued:5	27265418	243223	1,0,0,-1,0,0	15,0,-1,0,-1	ok
-1.163327	-41.993988	-46.341326	0.812061	continued:5	27265418	243223	1,0,0,-1,0,0	15,0,-1,0,-1	ok
-1.161323	-41.993988	-46.649518	0.812228	full	27265418	243223	1,0,0,-1,0,0	15,0,-1,0,-1	ok
-1.159319	-41.993988	-44.910779	0.815276	continued:5	11285556285869	69767548	1,0,0,-1,0,0,0	15,0,-1,0,1	ok
-1.157315	-41.993988	-45.303783	0.813485	continued:5	11285556285869	69767548	1,0,0,-1,0,0,0	15,0,-1,0,1	ok
-1.155311	-41.993988	-45.678823	0.812108	continued:5	250197263	1348	1,0,0,1,0,0	15,0,-1,0	ok
-1.153307	-41.993988	-46.034074	0.811194	continued:5	250197263	517213173	1,0,0,1,0,0	15,0,-1,-1,1	ok
-1.151303	-41.993988	-46.366637	0.810692	continued:5	250197263	2514373	1,0,0,1,0,0	15,0,-1,-1,-1	ok
-1.149299	-41.993988	-46.674021	0.810859	full	120805540028	95673	1,0,0,1,0,-1	15,0,-1,-1,0	ok
-1.147295	-41.993988	-44.934906	0.813902	continued:5	120805540028	43687848	1,0,0,1,0,-1	15,0,-1,-1,0,0	ok
-1.145291	-41.993988	-45.328974	0.812112	continued:5	120805540028	1234776	1,0,0,1,0,-1	15,0,-1,1,0	ok
-1.143287	-41.993988	-45.704549	0.810735	continued:5	5581481007275738	26582956	1,0,0,1,0,1	15,0,-1,1,-1	ok
-1.141283	-41.993988	-46.059841	0.809820	continued:5	588068	246120361	1,0,0,1,0	15,0,-1,-2,-1	ok
-1.139279	-41.993988	-46.391993	0.809319	continued:5	259313901750377108	165192546	1,0,0,1,-1,1	15,0,-1,2,0	ok
-1.137275	-41.993988	-46.698565	0.809486	full	2592972089	1020683941	1,0,0,1,1	15,0,-1,3	ok
-1.135271	-41.993988	-44.955865	0.812524	continued:5	19880080298	6177731892824361531	1,0,0,1,-1,0	15,0,-1,14	ok
-1.133267	-41.993988	-45.351310	0.810734	continued:5	2653596323243	139467403949781	1,0,0,1,1,0	15,0,0,7	ok
-1.131263	-41.993988	-45.727682	0.809357	continued:5	2592972089	46635343473	1,0,0,1,1	15,0,0,-4,0	ok
-1.129259	-41.993988	-46.083243	0.808442	continued:5	3222249774147883214	742453815	1,0,0,1,2,-1	15,0,0,3	ok
-1.127255	-41.993988	-46.415188	0.807734	continued:5	19839689744437159924156662859254326663	71598531	1,0,0,1,14	15,0,0,-3	ok
-1.125251	-41.993988	-46.723151	0.808108	full	158112645735596701523801025710129338	5092806	1,0,0,-2,-1,3	15,0,0,2	ok
-1.123246	-41.993988	-44.976973	0.811063	continued:5	9181175986144	5092806	1,0,0,-2,1,0	15,0,0,2	ok
-1.121242	-41.993988	-45.374676	0.809272	continued:5	27934437747807078353	5092806	1,0,0,-2,-1,-1,0	15,0,0,2	ok
-1.119238	-41.993988	-45.752610	0.807895	continued:5	1573789455557232379019	9285865	1,0,0,-2,0,-2	15,0,0,-2,0	ok
-1.117234	-41.993988	-46.109106	0.807059	continued:5	747535928846471458643269	9285865	1,0,0,-2,0,-1,-1	15,0,0,-2,0	ok
-1.115230	-41.993988	-46.440634	0.806351	continued:5	1930161644	9285865	1,0,0,-2,0,0	15,0,0,-2,0	ok
-1.113226	-41.993988	-46.747780	0.806725	full	452688970339	5092806	1,0,0,2,-1,0	15,0,0,2	ok
-1.111222	-41.993988	-44.998318	0.809681	continued:5	2070930989744	5092806	1,0,0,2,0,-1	15,0,0,2	ok
-1.109218	-41.993988	-45.397326	0.807890	continued:5	110729519	5092806	1,0,0,2,0	15,0,0,2	ok
-1.107214	-41.993988	-45.775988	0.806514	continued:5	95287473248714	71598531	1,0,0,2,-1,-1	15,0,0,-3	ok
-1.105210	-41.993988	-46.132685	0.805471	continued:5	83666473514	5923344873	1,0,0,2,1	15,0,0,-4	ok
-1.103206	-41.993988	-46.466015	0.804969	continued:5	58072586335505369	108567452675107022851691873521552	1,0,0,2,-3	-15,0,0,0,-10	ok
-1.101202	-41.993988	-46.772296	0.805343	full	10956710532399398	1898587570940766615581245451721851072	1,0,0,3,-2,0	-15,0,0,-1,13	ok
-1.099198	-41.993988	-45.022605	0.808288	continued:5	1661376503090367089	38435479404607	1,0,0,-3,-1,1	-15,0,0,-1,2	ok
-1.097194	-41.993988	-45.422709	0.806498	continued:5	7428506107958	366081182	1,0,0,-3,0,-1	-15,0,0,-1,1	ok
-1.095190	-41.993988	-45.801917	0.805121	continued:5	7657835644	3449357182	1,0,0,3,0	-15,0,0,-1,-1,0	ok
-1.093186	-41.993988	-46.158652	0.804078	continued:5	56931020893	133256416138834807	1,0,0,3,-1	-15,0,0,-1,-1,1	ok
-1.091182	-41.993988	-46.491561	0.803577	continued:5	81393865105033	2409129728519057	1,0,0,3,-2	-15,0,0,-1,0,1	ok
-1.089178	-41.993988	-46.797023	0.803951	full	2671965054846953	27465137	1,0,0,-9	-15,0,0,-1,0,0	ok
-1.087174	-41.993988	-45.046943	0.806891	continued:5	1406499081398	617687	1,0,0,-4,0,0	-15,0,0,1,0	ok
-1.085170	-41.993988	-45.448148	0.805101	continued:5	240302287394	617687	1,0,0,4,0	-15,0,0,1,0	ok
-1.083166	-41.993988	-45.827900	0.803724	continued:5	62803406520708997369188479341681718	2594916791	1,0,0,4,-12	-15,0,0,1,1	ok
-1.081162	-41.993988	-46.184671	0.802681	continued:5	18491296406444	15830698987	1,0,0,-5,0,0	-15,0,0,-2,1	ok
-1.079158	-41.993988	-46.517155	0.802179	continued:5	3800125069101989	111131657	1,0,0,5,-2	-15,0,0,2,0	ok
-1.077154	-41.993988	-46.821793	0.802553	full	18445756694573897578	7661177407	1,0,0,14,-1	-15,0,0,3,0	ok
-1.075150	-41.993988	-45.071332	0.805489	continued:5	18836290203143894	14735503115623691	1,0,0,-7,0,-1	-15,0,0,-10	ok
-1.073146	-41.993988	-45.473641	0.803698	continued:5	93881693750415552796823	6299456207953951756	1,0,0,-8,0,-2	-15,0,-1,-14,0	ok
-1.071142	-41.993988	-45.853938	0.802322	continued:5	15359086517229019	524929732222	1,0,0,9,0	-15,0,-1,2,-1,0	ok
-1.069138	-41.993988	-46.210740	0.801279	continued:5	1139467035608748019	3415635197	1,0,0,-11,1	-15,0,-1,1,1	ok
-1.067134	-41.993988	-46.542796	0.800777	continued:5	20077100030821769108	30624783812	1,0,0,-12,-2	-15,0,-1,-1,0,-1	ok
-1.065130	-41.993988	-46.846608	0.801151	full	24482883287139462657305880634941683568845	561312334941109736884909616953173112	-1,0,0,-1,14,-2	-15,0,-1,-1,-13	ok
-1.063126	-41.993988	-45.095772	0.804082	continued:5	1948758227049712013	69755737	1,0,0,-13,0	-15,0,-1,0,1	ok
-1.061122	-41.993988	-45.499189	0.802292	continued:5	3505735877542789769	11296	1,0,0,13,0	-15,0,-1,0,0	ok
-1.059118	-41.993988	-45.880031	0.800915	continued:5	19083810532369971869	28891	1,0,0,13,1	-15,0,1,0,0	ok
-1.057114	-41.993988	-46.236861	0.799872	continued:5	1905213305981184119	106076866	1,0,0,13	-15,0,1,0,1	ok
-1.055110	-41.993988	-46.568484	0.799371	continued:5	3181694381338337729875603	218101	1,0,0,-14,4	-15,0,1,-1,0	ok
-1.053106	-41.993988	-46.871469	0.799744	full	19841573609528098002424539273323972465	2540668657	-1,0,0,-1,-14,0	-15,0,1,2,-1	ok
-1.051102	-41.993988	-45.121840	0.802798	continued:5	52830228762684899173	4417201007	1,0,0,-14,-1,0	-15,0,-2,-2,0,0	ok
-1.049098	-41.993988	-45.524793	0.800880	continued:5	346796602871980660964	1370601517	1,0,0,-14,-1,-1	-15,0,-2,0,-1,0	ok
-1.047094	-41.993988	-45.906178	0.799503	continued:5	10876415699491981273	13957657	1,0,0,-14,-1	-15,0,2,-1,-1	ok
-1.045090	-41.993988	-46.263034	0.798460	continued:5	6178026519454094218	6147794636523529734624056643667206532	1,0,0,-14,0	-15,0,-3,-1,-14	ok
-1.043086	-41.993988	-46.594221	0.797959	continued:5	1749255321798239664231552717971910426465569865391018391377414991487801004714	788111	1,0,0,0,0,-14,-1	-15,0,-4,-1	ok
-1.041082	-41.993988	-46.896375	0.798333	full	61333549436963293721399222773120609520	50415832	-1,0,0,-1,-14,-1	-15,0,-7,0,0	ok
-1.039078	-41.993988	-45.146381	0.801381	continued:5	10876415699491981273	10283285726	1,0,0,-14,-1	-15,0,-14,-1,0	ok
-1.037074	-41.993988	-45.550451	0.799463	continued:5	10876415699491981273	49565733497	1,0,0,-14,-1	-15,0,14,2	ok
-1.035070	-41.993988	-45.932380	0.798087	continued:5	31761242131284036964	13246141201	1,0,0,-14,1	-15,-1,-14,0,-1	ok
-1.033066	-41.993988	-46.289258	0.797044	continued:5	31761242131284036964	1798180702999	1,0,0,-14,1	-15,-1,4,1,-2	ok
-1.031062	-41.993988	-46.620006	0.796542	continued:5	46417652609726294429383	119362781281	1,0,0,-14,3	-15,-1,2,3,-1	ok
-1.029058	-41.993988	-46.921327	0.796916	full	1748965557072683271309420523584063879037706388058861878354928686221216283239	2810712621565501	-1,0,0,0,-1,14,0	-15,-1,-2,-1,0,1	ok
-1.027054	-41.993988	-45.174558	0.799911	continued:5	147240672381836218285117884147722873957614	43669156	1,0,0,0,13,2	-15,-1,1,1,-1	ok
-1.025050	-41.993988	-45.579912	0.798121	continued:5	19083810532369971869	33901	1,0,0,13,1	-15,-1,1,0,0	ok
-1.023046	-41.993988	-45.961168	0.796665	continued:5	6145092002979552230155943167438365589	18353628439269950145743307226411882249	1,0,0,0,13,0	-15,-1,-1,0,14	ok
-1.021042	-41.993988	-46.317816	0.795829	continued:5	3505735877542789769	168645766	1,0,0,13,0	-15,-1,-1,2,0	ok
-1.019038	-41.993988	-46.645840	0.795121	continued:5	548750025394518712139	1948882333969205749	1,0,0,-13,-2,0	-15,-1,0,-13,0	ok
-1.017034	-41.993988	-46.946326	0.795495	full	10296487298246453339	32240911726624	-1,0,0,0,0,0,-1	-15,-1,0,-2,-1,-1	ok
-1.015030	-41.993988	-45.200337	0.798485	continued:5	2084662620438300764	2409947629945816	1,0,0,11,1	-15,-1,0,-1,0,1	ok
-1.013026	-41.993988	-45.606692	0.796695	continued:5	2552756369100702435670464520034869	7205038988145778351578211	1,0,0,0,10,0	-15,-1,0,0,-6	ok
-1.011022	-41.993988	-45.988384	0.795318	continued:5	6719088874615433	66730810478717986	1,0,0,-9,0	-15,-1,0,0,-1,1	ok
-1.009018	-41.993988	-46.344146	0.794403	continued:5	2812547362699394	1196	1,0,0,8,0	-15,1,0,0	ok
-1.007014	-41.993988	-46.671723	0.793695	continued:5	1256261897690819	2649883571	1,0,0,-7,0,0	-15,1,0,1,1	ok
-1.005010	-41.993988	-46.971373	0.794069	full	23879333940030630030869597954240324739014	6058941955509143357	-1,0,0,0,14,-2	-15,1,0,14	ok
-1.003006	-41.993988	-45.228481	0.797054	continued:5	2714817021190408853	2051	1,0,0,5,-3	-15,1,-1,0	ok
-1.001002	-41.993988	-45.635592	0.795264	continued:5	4778205408838	107387	1,0,0,-5,-1	-15,1,1,1	ok
-0.998998	-41.993988	-46.017507	0.793887	continued:5	827394478859509019	42398207	1,0,0,4,-3	-15,1,2,2	ok
-0.996994	-41.993988	-46.373001	0.792972	continued:5	240302287394	1474978112	1,0,0,4,0	-15,1,-13	ok
-0.994990	-41.993988	-46.699878	0.792471	continued:5	46626792623	6233475311	1,0,0,-4,0	-15,-2,14,-1	ok
-0.992986	-41.993988	-46.996467	0.792638	full	57031306181689351579809704942524689452	13337	-1,0,0,0,14,0	-15,-2,-2,0	ok
-0.990982	-41.993988	-45.255285	0.795697	continued:5	712416358613317009502097753123471299417616638182027095134829063471994	2539273039987292	1,0,0,0,0,0,3	-15,-2,-1,-1,0,1	ok
-0.988978	-41.993988	-45.662431	0.793907	continued:5	69175818944	18135224	1,0,0,-3,0,0	-15,-2,0,1,-1	ok
-0.986974	-41.993988	-46.043944	0.792451	continued:5	1424353565475086428874894804653068098228045764	1924	1,0,0,0,-3,-1,-2	-15,2,0,0	ok
-0.984970	-41.993988	-46.399442	0.791536	continued:5	99529199803542893286383	550439581	1,0,0,-3,-5	-15,2,-1,-1,1	ok
-0.982966	-41.993988	-46.725862	0.791035	continued:5	210480181279024439703889316792889309130428357121207377190803560502304589	986281	1,0,0,0,2,-13	-15,2,4,0	ok
-0.980962	-41.993988	-47.021609	0.791202	full	1898829306052441336506589006808762339	3802596667847	-1,0,0,0,-13,0	-15,-3,2,-2,-2	ok
-0.978958	-41.993988	-45.283197	0.794305	continued:5	6127218819477964	81377	1,0,0,0,2,0	-15,-3,0,-1,0	ok
-0.976954	-41.993988	-45.690598	0.792515	continued:5	1862522160503949964	18785356	1,0,0,0,-2,0,0	-15,3,1,2	ok
-0.974950	-41.993988	-46.071894	0.791138	continued:5	9552952292634167388669309603741167674029165521622672212728714	6526	1,0,0,0,-2,0,-3	-15,-4,-1,0	ok
-0.972946	-41.993988	-46.425935	0.790096	continued:5	42146917559286358361122214	1162945849	1,0,0,0,-2,1,0	-15,4,12	ok
-0.970942	-41.993988	-46.751896	0.789594	continued:5	1066714735788358054715186000663546316976136636330705897493634088929000050528366069400077163	3836135407	1,0,0,0,0,-2,-5	-15,5,14	ok
-0.968938	-41.993988	-47.046800	0.789761	full	2080789345637190861861713931588459076805716864604129714	3582472645349381167	-1,0,0,0,0,-5,1	-15,-8,1,-14	ok
-0.966934	-41.993988	-45.308091	0.792860	continued:5	797379821439352210344431365261685832970904826744434626846121563685196454995000578864	1386458782	1,0,0,0,0,1,4	-15,11,12	ok
-0.964930	-41.993988	-45.716618	0.791069	continued:5	3361378698993548413	110186	1,0,0,0,1,1	-15,13,0,0	ok
-0.962926	-41.993988	-46.098443	0.789693	continued:5	8375026989472593029361778589	4496696332	1,0,0,0,0,1,-1	-15,-14,14	ok
-0.960922	-41.993988	-46.452481	0.788650	continued:5	588068	24671771	1,0,0,1,0	-15,-14,-1,2	ok
-0.958918	-41.993988	-46.777980	0.788148	continued:5	137520069907210163	179072	1,0,0,0,0,-1,0	-15,-14,0,-1	ok
-0.956914	-41.993988	-47.072041	0.788316	full	3374964376952	199999	-1,0,0,0,0,0,0	-15,14,0,-1	ok
-0.954910	-41.993988	-45.338775	0.791537	continued:5	524507464	109249	1,0,0,0,-1,0	-15,14,0	ok
-0.952906	-41.993988	-45.746396	0.789619	continued:5	331374310392771547517089	276367	1,0,0,0,0,-1,-1	-15,14,-1,-1	ok
-0.950902	-41.993988	-46.128352	0.788242	continued:5	272789550784573364020721045711586956108003304985604113	1189624	1,0,0,0,0,-1,2	-15,14,1,1	ok
-0.948898	-41.993988	-46.482037	0.787327	continued:5	1624173973207966211587177549773985175031108955933201934460784416812244712364857635053249501917968992494122135377598423063659689333368967325338214	638986	1,0,0,0,0,-1,13	-15,14,-2,-1	ok
-0.946894	-41.993988	-46.805493	0.786826	continued:5	168395543960660338513492632559582456403595369574957026756455210638076650988	2757697	1,0,0,0,0,14	-15,14,3,-1	ok
-0.944890	-41.993988	-47.097330	0.786865	full	3374964376952	807517550	-1,0,0,0,0,0,0	14,14,11	ok
-0.942886	-41.993988	-45.369990	0.790112	continued:5	3374966975014	881100	1,0,0,0,0,0,0	14,14,3	ok
-0.940882	-41.993988	-45.777716	0.788321	continued:5	3374964376952	337403	-1,0,0,0,0,0,0	14,14,2	ok
-0.938878	-41.993988	-46.157971	0.786865	continued:5	3374966975014	371925	1,0,0,0,0,0,0	14,14,-2,0	ok
-0.936874	-41.993988	-46.510523	0.785951	continued:5	3374964376952	222750	-1,0,0,0,0,0,0	14,14,-2	ok
-0.934870	-41.993988	-46.832532	0.785449	continued:5	3374964376952	158175	-1,0,0,0,0,0,0	14,14,1	ok
-0.932866	-41.993988	-47.122670	0.785410	full	3374964376952	248132	-1,0,0,0,0,0,0	14,14,1,0	ok
-0.930862	-41.993988	-45.395082	0.788651	continued:5	3374966975014	177878	1,0,0,0,0,0,0	14,14,-1,0	ok
-0.928858	-41.993988	-45.803932	0.786861	continued:5	3374964376952	275625	-1,0,0,0,0,0,0	14,14,-1,-1	ok
-0.926854	-41.993988	-46.184703	0.785405	continued:5	3374964376952	9460207548	-1,0,0,0,0,0,0	14,14,-1,-4	ok
-0.924850	-41.993988	-46.537237	0.784490	continued:5	3374964376952	108783	-1,0,0,0,0,0,0	14,14,0	ok
-0.922846	-41.993988	-46.858771	0.783989	continued:5	498768035658203820272194170320	108783	-1,0,0,0,0,0,1	14,14,0	ok
-0.920842	-41.993988	-47.148059	0.783949	full	14178529612903344303977547682799495680212153112225870949770793270826178356589126897872397399323749649381388048222865554109449418453534383205929113089	16701282	-1,0,0,0,0,0,14	14,14,0,2	ok
-0.918838	-41.993988	-45.427554	0.787235	continued:5	336862627675371411695448797600671731407732195789640200527487499658636130348555919579595748559657839	199368	-1,0,0,0,0,0,-6	14,14,0,-1	ok
-0.916834	-41.993988	-45.836165	0.785444	continued:5	150685879407514882980934828909685278813242295404179909518212387508181125950435743287466177408870546484965439829167478691705595445084958573334073445	124223	-1,0,0,0,0,0,-14	14,-14,0,0	ok
-0.914830	-41.993988	-46.216282	0.784068	continued:5	3374964376952	124223	-1,0,0,0,0,0,0	14,-14,0,0	ok
-0.912826	-41.993988	-46.566972	0.783153	continued:5	18876927034780812769507679582512480828980723809229650498785585669025158202	124223	-1,0,0,0,-1,-14	14,-14,0,0	ok
-0.910822	-41.993988	-46.886441	0.782651	continued:5	54158653875804911005277879726334907631298827	178475	-1,0,0,0,0,-1,-2	14,-14,0,-1	ok
-0.908818	-41.993988	-47.173499	0.782484	full	137520069382767470	449798	-1,0,0,0,0,-1,0	14,-14,0,1	ok
-0.906814	-41.993988	-45.454805	0.785843	continued:5	2409127784936339	7414392623	-1,0,0,-1,0,1	14,-14,0,-4	ok
-0.904810	-41.993988	-45.863445	0.784053	continued:5	586985	95675	-1,0,0,1,0	14,-14,0	ok
-0.902806	-41.993988	-46.243136	0.782597	continued:5	2731029217930076476381412753122520	109250	-1,0,0,1,-11	14,-14,-1	ok
-0.900802	-41.993988	-46.593797	0.781682	continued:5	2076891294511578856329384883831688990	694403	-1,0,0,-2,13	14,-14,-1,1	ok
-0.898798	-41.993988	-46.912784	0.781181	continued:5	937194993651530264	158738	-1,0,0,-2,0,-1,0	14,-14,-1,0	ok
-0.896794	-41.993988	-47.198990	0.781014	full	2270809124872595759500801182849470702	140687	-1,0,0,-3,13	14,-14,1	ok
-0.894790	-41.993988	-45.485044	0.784442	continued:5	7563571092866732998220738430303580214	338225	-1,0,0,3,-14	14,-14,-2,0	ok
-0.892786	-41.993988	-45.893430	0.782652	continued:5	8758580902023269004234890	2305850	-1,0,0,-6,-5,0	14,-14,4	ok
-0.890782	-41.993988	-46.272450	0.781275	continued:5	16270664214564261645204436120203070739	3447031937	-1,0,0,-13,-14	14,-14,-14	ok
-0.888778	-41.993988	-46.621260	0.780232	continued:5	39135740587241924287066055	4496601500	-1,0,0,-14,-4,-1	14,-14,14	ok
-0.886774	-41.993988	-46.939450	0.779731	continued:5	6178026515938976435	4455538373	-1,0,0,-14,0	14,13,14	ok
-0.884770	-41.993988	-47.224532	0.779564	full	536631876670555667435	3413403972	-1,0,0,-14,0,0,0	14,13,-14	ok
-0.882766	-41.993988	-45.516639	0.783047	continued:5	57031306181689351579809704942524689452	277112	-1,0,0,0,14,0	14,13,2	ok
-0.880762	-41.993988	-45.924499	0.781256	continued:5	140800601670696060705275140212618642259514	96113	-1,0,0,0,14,-1,-1	14,13,-1	ok
-0.878758	-41.993988	-46.302611	0.779879	continued:5	1240347303335582673002	129838527	-1,0,-1,14,2	14,-13,0,-3	ok
-0.876754	-41.993988	-46.650168	0.778837	continued:5	504356291144233653474821877889634184839	411750	-1,0,0,-1,14,0,0	14,-13,-3	ok
-0.874749	-41.993988	-46.966813	0.778335	continued:5	61333549436963293721399222773120609520	549743033	-1,0,0,-1,-14,-1	14,12,-11	ok
-0.872745	-41.993988	-47.250125	0.778168	full	292089395687651425450160	376250	-1,0,-1,13,-4	14,-12,2,0	ok
-0.870741	-41.993988	-45.548787	0.781652	continued:5	25012945181983226624798120904772520252	280847	-1,0,-1,4,14	14,-11,-3	ok
-0.868737	-41.993988	-45.955987	0.779862	continued:5	136227236142857822970152	128750	-1,0,-1,2,-4,-1	14,9,-2,0	ok
-0.866733	-41.993988	-46.333077	0.778485	continued:5	182082806842505291072147178104619481910	25172	-1,0,-1,1,14,-1	14,-8,1	ok
-0.864729	-41.993988	-46.679281	0.777443	continued:5	260434262745692618838134339425981436413214	2256408225	-1,0,0,-1,-1,0,-2	14,-7,13	ok
-0.862725	-41.993988	-46.994297	0.776941	continued:5	569017653828849823251631548253685	14678	-1,0,-1,-1,10	14,-6,-1,0	ok
-0.860721	-41.993988	-47.275770	0.776774	full	19085826700147977524593347820626471035	51012	-1,0,-1,0,-14,0	14,5,1,-1	ok
-0.858717	-41.993988	-45.578138	0.780131	continued:5	114949633218203982913586479717884199636610	169043	-1,0,0,-1,0,0,-2	14,-5,-3,0	ok
-0.856713	-41.993988	-45.986336	0.778341	continued:5	3818658550103933082842164653155783379191105990714	296010918	-1,0,0,-1,0,-2,-2	14,4,10	ok
-0.854709	-41.993988	-46.363812	0.777091	continued:5	158222539188404549606201644833668027	819821250	-1,0,1,-1,12	14,-4,0,3	ok
-0.852705	-41.993988	-46.708577	0.776049	continued:5	2742403090818034822077902	1309743	-1,0,1,-2,3,1	14,-4,-4,-1	ok
-0.850701	-41.993988	-47.021891	0.775547	continued:5	2084401658400987389	3727599968	-1,0,1,12,-1	14,3,-14,0	ok
-0.848697	-41.993988	-47.301466	0.775380	full	20627274635757360195281183476838253335	22763	-1,0,0,1,-14,0	14,3,-2,0	ok
-0.846693	-41.993988	-45.611281	0.778738	continued:5	3951620672144628454972992019635563562620	430100	-1,0,0,-2,14,-1,0	14,-3,0,-2	ok
-0.844689	-41.993988	-46.018583	0.776947	continued:5	143281050821950291903143853070771695581023021054160048687512708537811410264	13566396769701047	-1,0,0,-2,13,-14	14,-3,-1,1,-3	ok
-0.842685	-41.993988	-46.394828	0.775698	continued:5	63610096662440416904152325218715199902	9143689432097	-1,0,-2,1,-14,-1	14,-3,4,-6	ok
-0.840681	-41.993988	-46.738063	0.774655	continued:5	150885832995852743135018642206378094981727255785527686170767043332798554585092556148142506101761052545984831939472636528604664552227786684182189452	3691939457	-1,0,0,0,-2,0,-14	14,-3,-14,0	ok
-0.838677	-41.993988	-47.049599	0.774154	continued:5	178247553856852709740579879291429221290376882595087401284569902377558801272697617407322490330269873865187805107726374587875852440318409969608160305	3656535858	-1,0,0,2,-1,-1,-14	14,2,-14,0	ok
-0.836673	-41.993988	-47.327214	0.773987	full	11692103623388417000	398424078	-1,0,2,-14,-1	14,2,-11	ok
-0.834669	-41.993988	-45.643062	0.777345	continued:5	28417525978723220222169767225276443396952	204909774678	-1,0,0,-3,13,-1,-1	14,2,1,-1,-2	ok
-0.832665	-41.993988	-46.049568	0.775555	continued:5	1701039726222760105889	1034242058136252707	-1,0,-3,0,3,-1	14,-2,0,-13	ok
-0.830661	-41.993988	-46.424670	0.774178	continued:5	208360918540969251122258047549770727820	3433462540815615533	-1,0,0,3,14,-1	14,-2,0,-14	ok
-0.828657	-41.993988	-46.767743	0.773263	continued:5	50421479281872305	172928746628	-1,0,0,4,-2,0	14,-2,-1,-1,-2	ok
-0.826653	-41.993988	-47.077423	0.772761	continued:5	7489890380701557050	13175	-1,0,5,-14,0	14,-2,-2,0	ok
-0.824649	-41.993988	-47.353015	0.772594	full	535786328832097388413149959802491330	1090048058	-1,0,-8,0,-13	14,-2,12	ok
-0.822645	-41.993988	-45.677262	0.775953	continued:5	21568087277	4795093457	-1,0,-12,-2,0	14,-2,-14,-1	ok
-0.820641	-41.993988	-46.082617	0.774163	continued:5	490575335714	3621387932	-1,0,-13,-1,-1,0	14,-2,-14,0	ok
-0.818637	-41.993988	-46.456268	0.772786	continued:5	1356247250900803037468157989711804360462176564567243919436796550023140310519274433996512203546233318801381068621342823527787936867796018802487089	3586494443	-1,0,0,0,0,0,13	14,1,-14,0	ok
-0.816633	-41.993988	-46.797620	0.771871	continued:5	10098204131102704652	4752003788	-1,0,13,-14,0	14,1,-14,-1	ok
-0.814629	-41.993988	-47.105364	0.771369	continued:5	10284819646884449252	2677692762	-1,0,-14,-14,0	14,1,-14	ok
-0.812625	-41.993988	-47.378868	0.771202	full	5933004899224016264	7100768	-1,0,-14,-14	14,1,4,1	ok
-0.810621	-41.993988	-45.711930	0.774561	continued:5	2459278724554977391652	3655290049570946318	-1,0,-14,12,-3	14,1,-2,-14	ok
-0.808617	-41.993988	-46.116020	0.772771	continued:5	7585473017185987214496045310247184377	16851887	-1,0,-14,3,-14	14,1,-1,-2,0	ok
-0.806613	-41.993988	-46.488123	0.771394	continued:5	9489756710047196226014551916948694271786389100702159970	3433083144833542068	-1,0,0,0,-14,2,-2	14,-1,0,-14	ok
-0.804609	-41.993988	-46.827672	0.770479	continued:5	2083961444650524140991158839926319277	3433083144833542068	-1,0,-14,-2,13	14,-1,0,-14	ok
-0.802605	-41.993988	-47.133412	0.769977	continued:5	6425479116549553335087449511082812002	3433083144833542068	-1,0,-14,1,-14	14,-1,0,-14	ok
-0.800601	-41.993988	-47.404773	0.769810	full	150544421577506264	1948758276405034037	-1,0,-14,1,-2,-1	14,-1,-1,13	ok
-0.798597	-41.993988	-45.747222	0.773171	continued:5	10279270652	5893029696782541013630741021599867638	-1,0,-14,-1,0	14,-1,-1,0,-14	ok
-0.796593	-41.993988	-46.149893	0.771381	continued:5	26336387264	3579731560178959367	-1,0,-14,-1,-1	14,-1,1,-14	ok
-0.794589	-41.993988	-46.520313	0.770004	continued:5	44572731423827	8883	-1,0,-14,-1,-1,-1	14,-1,-2,0	ok
-0.792585	-41.993988	-46.857947	0.769089	continued:5	5734209750764	3889571079478635018	-1,0,-14,-1,-2	14,-1,3,-14	ok
-0.790581	-41.993988	-47.161588	0.768587	continued:5	18733250221417877	5270756679107036013	-1,0,-14,-1,-3	-14,-1,-11,-14	ok
-0.788577	-41.993988	-47.430731	0.768420	full	651865705092718118359502	1975846926	-1,0,-14,-1,5	-14,-1,13	ok
-0.786573	-41.993988	-45.779624	0.771652	continued:5	563479742452491333567162121513059527	5933290909845607284	-1,0,-14,-1,-13	-14,-1,-14,-14	ok
-0.784569	-41.993988	-46.182557	0.769862	continued:5	1905123775073860906934196431467656014	19752576611301	-1,0,-14,-1,13	-14,-1,-14,5	ok
-0.782565	-41.993988	-46.552722	0.768612	continued:5	6162677771333376178509330508026134252	16807236126	-1,0,-14,-1,-14	-14,-1,-14,-2	ok
-0.780561	-41.993988	-46.888371	0.767698	continued:5	6162677771333376178509330508026134252	8037027909	-1,0,-14,-1,-14	-14,-1,-14,1	ok
-0.778557	-41.993988	-47.189860	0.767196	continued:5	6162677771333376178509330508026134252	8037027909	-1,0,-14,-1,-14	-14,-1,-14,1	ok
-0.776553	-41.993988	-47.456742	0.767029	full	6162677771333376178509330508026134252	10359865569	-1,0,-14,-1,-14	-14,-1,-14,-1,0	ok
-0.774549	-41.993988	-45.816130	0.770265	continued:5	6162677771333376178509330508026134252	26497976709	-1,0,-14,-1,-14	-14,-1,-14,-1,-1	ok
-0.772545	-41.993988	-46.217341	0.768475	continued:5	6162677771333376178509330508026134252	26497976709	-1,0,-14,-1,-14	-14,-1,-14,-1,-1	ok
-0.770541	-41.993988	-46.585564	0.767225	continued:5	6162677780636195579012939937636379002	26497976709	-1,-1,-14,-1,-14	-14,-1,-14,-1,-1	ok
-0.768537	-41.993988	-46.919078	0.766310	continued:5	44036348684326888752	26497976709	-1,-1,-14,-1,-4	-14,-1,-14,-1,-1	ok
-0.766533	-41.993988	-47.218287	0.765809	continued:5	591187477850000493518377690575892082546877	26497976709	-1,-1,-14,-1,-1,4	-14,-1,-14,-1,-1	ok
-0.764529	-41.993988	-47.482806	0.765642	full	568744720245	8037027909	-1,-1,-14,1,1	-14,-1,-14,1	ok
-0.762525	-41.993988	-45.852898	0.768875	continued:5	6425479126148346464544263836071278370	8037027909	-1,-1,-14,1,-14	-14,-1,-14,1	ok
-0.760521	-41.993988	-46.252326	0.767084	continued:5	6698763198441783650891664016771866327	16807236126	-1,-1,-14,-2,-14	-14,-1,-14,-2	ok
-0.758517	-41.993988	-46.618555	0.765835	continued:5	4081928780880	40731574626	-1,-1,-14,2,1	-14,-1,-14,2	ok
-0.756513	-41.993988	-46.949891	0.764920	continued:5	1391379234850152	305685759726	-1,-1,-14,-3,-1,-1	-14,-1,-14,3	ok
-0.754509	-41.993988	-47.246789	0.764419	continued:5	6084504632299527	9557019762617784	-1,-1,-14,-5,-2	-14,-1,-14,-9	ok
-0.752505	-41.993988	-47.508922	0.764252	full	1945534856102917695	3427964302581533226	-1,-1,-14,-13	-14,-1,-14,13	ok
-0.750501	-41.993988	-45.887164	0.767408	continued:5	3427964234503580205	5933290909845607284	-1,-1,-14,13	-14,-1,-14,-14	ok
-0.748497	-41.993988	-46.285878	0.765618	continued:5	17646126936323716614736147897286820270	5933290909845607284	-1,-1,-14,-14,-14	-14,-1,-14,-14	ok
-0.746493	-41.993988	-46.651019	0.764369	continued:5	5933290820281053777	5818052427591917188	-1,-1,-14,-14	-14,-1,13,-14	ok
-0.744489	-41.993988	-46.980952	0.763533	continued:5	5933290820281053777	17030366263	-1,-1,-14,-14	-14,-1,-13,-1,-1	ok
-0.742485	-41.993988	-47.275431	0.763031	continued:5	1086630268409496006777	4309715960943182938	-1,-1,-14,-14,2	-14,-1,-6,-14	ok
-0.740481	-41.993988	-47.535092	0.762864	full	47517771868237341684	624388013697678976	-1,-1,13,-14,1	-14,-1,-3,12	ok
-0.738477	-41.993988	-45.500246	0.767915	continued:5	1461792617616102304346892252	607089050226	-1,-1,13,-14,-6	-14,-1,-2,-3,1	ok
-0.736473	-41.993988	-45.931555	0.765790	continued:5	2235761293502	3579731557503242059	-1,-1,13,4	-14,-1,1,-14	ok
-0.734469	-41.993988	-46.327811	0.764000	continued:5	5933862700287907385	525285051	-1,-1,-13,-13,-1	-14,-1,-1,-1,1	ok
-0.732465	-41.993988	-46.690304	0.762750	continued:5	5166880117694386184	4262509447939	-1,-1,10,-14	-14,-1,-1,-6	ok
-0.730461	-41.993988	-47.017426	0.761915	continued:5	30477975733619242428627	6679845674655860880661618848010736899	-1,-1,-5,-1,-5	-14,-1,-1,-2,-14	ok
-0.728457	-41.993988	-47.308988	0.761413	continued:5	874101772841681113002	3655290046867137876	-1,-1,3,-14,2	-14,1,-2,-14	ok
-0.726453	-41.993988	-47.565690	0.761246	full	17608757057446140290140334178312301425	5065054597100539854	-1,-1,-3,-14,-14	-14,1,-10,-14	ok
-0.724449	-41.993988	-45.543949	0.766218	continued:5	1729809801982957814701761015719932205	5933576841239008389	-1,-1,2,-13,-13	-14,1,-14,-14	ok
-0.722445	-41.993988	-45.974142	0.763965	continued:5	7884531563547758885879816309540108175	3428153784472830051	-1,-1,-2,-4,-14	-14,1,-14,13	ok
-0.720441	-41.993988	-46.370279	0.762382	continued:5	1893035082696869568215752764657257259	2677619583	-1,-1,-2,-14,-13	-14,1,-14	ok
-0.718437	-41.993988	-46.729969	0.761132	continued:5	5876118951609553457470033678212434652	307644425379	-1,-1,1,-14,13	-14,-2,-14,3	ok
-0.716433	-41.993988	-47.054154	0.760296	continued:5	1993045349430242480	3428343274219347654	-1,-1,1,13	-14,-2,-14,13	ok
-0.714429	-41.993988	-47.342697	0.759795	continued:5	6407238762855205442836421972774545809	5933862782966864043	-1,-1,-1,1,-14	-14,-2,-14,-14	ok
-0.712425	-41.993988	-47.596360	0.759628	full	5695183504492614029263277	154941579	-1,-1,-1,-1,-1,-1,-1	-14,-2,-4,2	ok
-0.710421	-41.993988	-45.591042	0.764474	continued:5	5695183504492614029263277	372276514	-1,-1,-1,-1,-1,-1,-1	-14,-2,1,-2,-1	ok
-0.708417	-41.993988	-46.020096	0.762349	continued:5	519469759482241050	1223803	-1,-1,1,-2,-1,1	-14,2,-3,1	ok
-0.706413	-41.993988	-46.413375	0.760765	continued:5	17603666533992982701545937179515049220	5934148735029423258	-1,-1,1,-14,-14	-14,2,-14,-14	ok
-0.704409	-41.993988	-46.770079	0.759516	continued:5	8559681667857770344555172039906036400	3428722277278913589	-1,-1,-2,-5,-14	-14,-3,-14,13	ok
-0.702405	-41.993988	-47.091174	0.758680	continued:5	1987120872334625985401613771691011285	1118715924	-1,1,-3,1,13	-14,-3,12	ok
-0.700401	-41.993988	-47.376574	0.758179	continued:5	3218272099400608655	1284164706151842351	-1,1,12,13	-14,3,-5,-13	ok
-0.698397	-41.993988	-47.627102	0.758012	full	5818334095010489150	5935006653227812434	-1,1,13,-14	-14,-4,-14,-14	ok
-0.696393	-41.993988	-45.640747	0.762858	continued:5	5933576751672296804	2136062814	-1,1,-14,-14	-14,4,13	ok
-0.694389	-41.993988	-46.066810	0.760733	continued:5	5933576751672296804	2183580543	-1,1,-14,-14	-14,5,13	ok
-0.692385	-41.993988	-46.457034	0.759150	continued:5	5933576751672296804	2280994626	-1,1,-14,-14	-14,7,13	ok
-0.690381	-41.993988	-46.810588	0.757901	continued:5	5933576751672296804	3248865109	-1,1,-14,-14	-14,-11,-14	ok
-0.688377	-41.993988	-47.128458	0.757065	continued:5	5933576751672296804	3346806178	-1,1,-14,-14	-14,12,-14	ok
-0.686373	-41.993988	-47.410607	0.756563	continued:5	5933576751672296804	3379940844	-1,1,-14,-14	-14,-13,-14	ok
-0.684369	-41.993988	-47.657916	0.756396	full	3428153716392995540	8034009	-1,1,-14,13	-14,-13,-2,-2	ok
-0.682365	-41.993988	-45.683779	0.761115	continued:5	3428343206137631627	2459003229	-1,-2,-14,13	-14,-13,-2,3	ok
-0.680361	-41.993988	-46.109058	0.758991	continued:5	5933862693397994354	2592900051	-1,-2,-14,-14	-14,13,13	ok
-0.678357	-41.993988	-46.498071	0.757407	continued:5	5933862693397994354	3413321349	-1,-2,-14,-14	-14,13,-14	ok
-0.676353	-41.993988	-46.850035	0.756158	continued:5	5933862693397994354	3413321349	-1,-2,-14,-14	-14,13,-14	ok
-0.674349	-41.993988	-47.166006	0.755450	continued:5	5933862693397994354	3413321349	-1,-2,-14,-14	-14,13,-14	ok
-0.672345	-41.993988	-47.444796	0.754948	continued:5	5818615861353175649	3413321349	-1,-2,13,-14	-14,13,-14	ok
-0.670341	-41.993988	-47.688802	0.754781	full	5818615861353175649	3413321349	-1,-2,13,-14	-14,13,-14	ok
-0.668337	-41.993988	-45.735551	0.759502	continued:5	7273651638983492839480731405865284344	3413321349	-1,-2,-11,-3,-14	-14,13,-14	ok
-0.666333	-41.993988	-46.157359	0.757377	continued:5	17608757098335849001125492915877243127	3413321349	-1,-2,-3,-14,-14	-14,13,-14	ok
-0.664329	-41.993988	-46.542906	0.755793	continued:5	5695183504485864105705494	3413321349	-1,-2,-2,-2,-2,-2	-14,13,-14	ok
-0.662325	-41.993988	-46.891373	0.754544	continued:5	385385180997217273469	3413321349	-1,-2,-4,-13,2	-14,13,-14	ok
-0.660321	-41.993988	-47.203835	0.753836	continued:5	5818897637929713050	3413321349	-1,2,13,-14	-14,13,-14	ok
-0.658317	-41.993988	-47.479147	0.753334	continued:5	5934148645458395439	3413321349	-1,2,-14,-14	-14,13,-14	ok
-0.656313	-41.993988	-47.719760	0.753167	full	5934148645458395439	3413321349	-1,2,-14,-14	-14,13,-14	ok
-0.654309	-41.993988	-45.784972	0.757761	continued:5	5934148645458395439	3413321349	-1,2,-14,-14	-14,13,-14	ok
-0.652305	-41.993988	-46.204917	0.755636	continued:5	5934434607853749074	3413321349	-1,-3,-14,-14	-14,13,-14	ok
-0.650301	-41.993988	-46.588337	0.754181	continued:5	5934434607853749074	3446948908	-1,-3,-14,-14	-14,-14,-14	ok
-0.648297	-41.993988	-46.933130	0.752931	continued:5	1860125061546537527	3446948908	-1,-3,-13,-13	-14,-14,-14	ok
-0.646293	-41.993988	-47.241937	0.752223	continued:5	2179672616219408777	3446948908	-1,-3,3,13	-14,-14,-14	ok
-0.644289	-41.993988	-47.513658	0.751722	continued:5	5934720580584304277	3446948908	-1,3,-14,-14	-14,-14,-14	ok
-0.642285	-41.993988	-47.750790	0.751554	full	5934720580584304277	3446948908	-1,3,-14,-14	-14,-14,-14	ok
-0.640281	-41.993988	-45.833478	0.756070	continued:5	5935006563650310069	3446948908	-1,-4,-14,-14	-14,-14,-14	ok
-0.638277	-41.993988	-46.251053	0.753946	continued:5	474075634606022873165	3446948908	-1,-4,-4,-4,-4	-14,-14,-14	ok
-0.636273	-41.993988	-46.631922	0.752362	continued:5	5935292557052015474	3446948908	-1,4,-14,-14	-14,-14,-14	ok
-0.634269	-41.993988	-46.975298	0.751319	continued:5	5595628780505178149	3446948908	-1,-5,12,-14	-14,-14,-14	ok
-0.632265	-41.993988	-47.280309	0.750611	continued:5	5936150599273819652	3446948908	-1,-6,-14,-14	-14,-14,-14	ok
-0.630261	-41.993988	-47.548325	0.750110	continued:5	5821434087682727744	3446948908	-1,-7,13,-14	-14,-14,-14	ok
-0.628257	-41.993988	-47.781891	0.749942	full	5937866962814937149	3446948908	-1,-9,-14,-14	-14,-14,-14	ok
-0.626253	-41.993988	-45.883259	0.754253	continued:5	5939011411936161902	3446948908	-1,-11,-14,-14	-14,-14,-14	ok
-0.624248	-41.993988	-46.299563	0.752335	continued:5	5939583698530895609	3446948908	-1,-12,-14,-14	-14,-14,-14	ok
-0.622244	-41.993988	-46.676627	0.750751	continued:5	5824535318950779815	3446948908	-1,12,13,-14	-14,-14,-14	ok
-0.620240	-41.993988	-47.016231	0.749709	continued:5	5939869857337664534	3446948908	-1,12,-14,-14	-14,-14,-14	ok
-0.618236	-41.993988	-47.317524	0.748873	continued:5	5940156026484366939	3446948908	-1,-13,-14,-14	-14,-14,-14	ok
-0.616232	-41.993988	-47.583153	0.748499	continued:5	5824817310495431885	3446948908	-1,-13,13,-14	-14,-14,-14	ok
-0.614228	-41.993988	-47.813063	0.748332	full	5824817310495431885	3446948908	-1,-13,13,-14	-14,-14,-14	ok
-0.612224	-41.993988	-45.936988	0.752594	continued:5	5824817310495431885	3446948908	-1,-13,13,-14	-14,-14,-14	ok
-0.610220	-41.993988	-46.349648	0.750676	continued:5	3361191922032570527	3446948908	-1,-13,13,13	-14,-14,-14	ok
-0.608216	-41.993988	-46.723093	0.749220	continued:5	1862522110322978202	3446948908	-1,-13,-13,-13	-14,-14,-14	ok
-0.606212	-41.993988	-47.057785	0.747971	continued:5	1862522110322978202	3446948908	-1,-13,-13,-13	-14,-14,-14	ok
-0.604208	-41.993988	-47.356450	0.747263	continued:5	3291170936138966264	3446948908	-1,-13,-13,13	-14,-14,-14	ok
-0.602204	-41.993988	-47.618141	0.746889	continued:5	3361191922032570527	3446948908	-1,-13,13,13	-14,-14,-14	ok
-0.600200	-41.993988	-47.844307	0.746722	full	3361191922032570527	3446948908	-1,-13,13,13	-14,-14,-14	ok
-0.598196	-41.993988	-45.988775	0.750907	continued:5	5824817310495431885	3446948908	-1,-13,13,-14	-14,-14,-14	ok
-0.596192	-41.993988	-46.398279	0.748989	continued:5	5824817310495431885	3446948908	-1,-13,13,-14	-14,-14,-14	ok
-0.594188	-41.993988	-46.768513	0.747405	continued:5	5825099312279387084	3446948908	-1,13,13,-14	-14,-14,-14	ok
-0.592184	-41.993988	-47.101231	0.746363	continued:5	5825099312279387084	3446948908	-1,13,13,-14	-14,-14,-14	ok
-0.590180	-41.993988	-47.395652	0.745654	continued:5	5825099312279387084	3446948908	-1,13,13,-14	-14,-14,-14	ok
-0.588176	-41.993988	-47.653288	0.745281	continued:5	5825099312279387084	3446948908	-1,13,13,-14	-14,-14,-14	ok
-0.586172	-41.993988	-47.875621	0.745113	full	5825099312279387084	3446948908	-1,13,13,-14	-14,-14,-14	ok
-0.584168	-41.993988	-46.043516	0.749170	continued:5	5825099312279387084	3446948908	-1,13,13,-14	-14,-14,-14	ok
-0.582164	-41.993988	-46.449874	0.747252	continued:5	5825099312279387084	3446948908	-1,13,13,-14	-14,-14,-14	ok
-0.580160	-41.993988	-46.816894	0.745796	continued:5	5825099312279387084	3446948908	-1,13,13,-14	-14,-14,-14	ok
-0.578156	-41.993988	-47.145045	0.744753	continued:5	5825099312279387084	3446948908	-1,13,13,-14	-14,-14,-14	ok
-0.576152	-41.993988	-47.435094	0.744045	continued:5	5825099312279387084	3446948908	-1,13,13,-14	-14,-14,-14	ok
-0.574148	-41.993988	-47.688577	0.743671	continued:5	5825099312279387084	3413321349	-1,13,13,-14	-14,13,-14	ok
-0.572144	-41.993988	-47.907005	0.743504	full	5825099312279387084	3413321349	-1,13,13,-14	-14,13,-14	ok
-0.570140	-41.993988	-46.101109	0.747487	continued:5	5825099312279387084	3413321349	-1,13,13,-14	-14,13,-14	ok
-0.568136	-41.993988	-46.503228	0.745569	continued:5	5825099312279387084	3413321349	-1,13,13,-14	-14,13,-14	ok
-0.566132	-41.993988	-46.866123	0.744192	continued:5	3361378628987190902	3413321349	-1,13,13,13	-14,13,-14	ok
-0.564128	-41.993988	-47.189442	0.743149	continued:5	3361378628987190902	3413321349	-1,13,13,13	-14,13,-14	ok
-0.562124	-41.993988	-47.474905	0.742441	continued:5	3361378628987190902	3413321349	-1,13,13,13	-14,13,-14	ok
-0.560120	-41.993988	-47.724066	0.742067	continued:5	3361378628987190902	3413321349	-1,13,13,13	-14,13,-14	ok
-0.558116	-41.993988	-47.938459	0.741900	full	3361378628987190902	3413321349	-1,13,13,13	-14,13,-14	ok
-0.556112	-41.993988	-46.158202	0.745831	continued:5	3361378628987190902	2592900051	-1,13,13,13	-14,13,13	ok
-0.554108	-41.993988	-46.555754	0.743913	continued:5	3361378628987190902	2592900051	-1,13,13,13	-14,13,13	ok
-0.552104	-41.993988	-46.914253	0.742457	continued:5	3361378628987190902	2592900051	-1,13,13,13	-14,13,13	ok
-0.550100	-41.993988	-47.234117	0.741542	continued:5	3361378628987190902	2592900051	-1,13,13,13	-14,13,13	ok
-0.548096	-41.993988	-47.514900	0.740834	continued:5	3361378628987190902	2592900051	-1,13,13,13	-14,13,13	ok
-0.546092	-41.993988	-47.759671	0.740460	continued:5	3361378628987190902	2592900051	-1,13,13,13	-14,13,13	ok
-0.544088	-41.993988	-47.969982	0.740293	full	3361378628987190902	2592900051	-1,13,13,13	-14,13,13	ok
-0.542084	-41.993988	-46.216158	0.744019	continued:5	3361378628987190902	2592900051	-1,13,13,13	-14,13,13	ok
-0.540080	-41.993988	-46.610573	0.742229	continued:5	3361378628987190902	2592900051	-1,13,13,13	-14,13,13	ok
-0.538076	-41.993988	-46.964536	0.740852	continued:5	3361378628987190902	2592900051	-1,13,13,13	-14,13,13	ok
-0.536072	-41.993988	-47.279240	0.739937	continued:5	3361378628987190902	2592828040	-1,13,13,13	13,13,13	ok
-0.534068	-41.993988	-47.555181	0.739229	continued:5	3361378628987190902	2592828040	-1,13,13,13	13,13,13	ok
-0.532064	-41.993988	-47.795437	0.738855	continued:5	3361378628987190902	2592828040	-1,13,13,13	13,13,13	ok
-0.530060	-41.993988	-48.001574	0.738688	full	3361378628987190902	2592828040	-1,13,13,13	13,13,13	ok
-0.528056	-41.993988	-46.271707	0.742335	continued:5	3361378628987190902	2592828040	-1,13,13,13	13,13,13	ok
-0.526052	-41.993988	-46.661862	0.740544	continued:5	3361378628987190902	2592828040	-1,13,13,13	13,13,13	ok
-0.524048	-41.993988	-47.011694	0.739167	continued:5	3361378628987190902	2592828040	-1,13,13,13	13,13,13	ok
-0.522044	-41.993988	-47.322388	0.738125	continued:5	3361378628987190902	2592828040	-1,13,13,13	13,13,13	ok
-0.520040	-41.993988	-47.595718	0.737623	continued:5	3361378628987190902	2592828040	-1,13,13,13	13,13,13	ok
-0.518036	-41.993988	-47.831351	0.737250	continued:5	3361378628987190902	2592828040	-1,13,13,13	13,13,13	ok
-0.516032	-41.993988	-48.033235	0.737082	full	3361378628987190902	2592828040	-1,13,13,13	13,13,13	ok
-0.514028	-41.993988	-45.914459	0.742635	continued:5	3361378628987190902	2592828040	-1,13,13,13	13,13,13	ok
-0.512024	-41.993988	-46.340349	0.740383	continued:5	3361378628987190902	2592828040	-1,13,13,13	13,13,13	ok
-0.510020	-41.993988	-46.725031	0.738592	continued:5	3361378628987190902	2592828040	-1,13,13,13	13,13,13	ok
-0.508016	-41.993988	-47.069628	0.737215	continued:5	3361378628987190902	2592828040	-1,13,13,13	13,13,13	ok
-0.506012	-41.993988	-47.375304	0.736301	continued:5	3361378628987190902	2592828040	-1,13,13,13	13,13,13	ok
-0.504008	-41.993988	-47.642602	0.735799	continued:5	3361378628987190902	2592828040	-1,13,13,13	13,13,13	ok
-0.502004	-41.993988	-47.872685	0.735425	continued:5	3361378628987190902	2592828040	-1,13,13,13	13,13,13	ok
-0.500000	-41.993988	-48.069502	0.735258	full	3361378628987190902	2592828040	-1,13,13,13	13,13,13	ok
