delta_x	delta_ca	T0_V	T0_Ca	T0_method	T_encoding	T_scs	status
-1.500000	-39.038076						error: T SSCS does not start with ±1: [2, 0, 0, 0, 0, 0, 0]
-1.497996	-39.038076						error: T SSCS does not start with ±1: [2, 0, 0, 0, 0, 0, 0]
-1.495992	-39.038076						error: T SSCS does not start with ±1: [2, 0, 0, 0, 0, 0, 0]
-1.493988	-39.038076						error: T SSCS does not start with ±1: [2, 0, 0, 0, 0, 0, 0]
-1.491984	-39.038076						error: T SSCS does not start with ±1: [2, 0, 0, 0, 0, 0, 0]
-1.489980	-39.038076						error: T SSCS does not start with ±1: [2, 0, 0, 0, 0, 0, 0]
-1.487976	-39.038076						error: T SSCS does not start with ±1: [2, 0, 0, 0, 0, 0, 0]
-1.485972	-39.038076						error: T SSCS does not start with ±1: [2, 0, 0, 0, 0, 0, 0]
-1.483968	-39.038076						error: T SSCS does not start with ±1: [2, 0, 0, 0, 0, 0, 0]
-1.481964	-39.038076						error: T SSCS does not start with ±1: [2, 0, 0, 0, 0, 0, 0]
-1.479960	-39.038076						error: T SSCS does not start with ±1: [2, 0, 0, 0, 0, 0, 0]
-1.477956	-39.038076						error: T SSCS does not start with ±1: [2, 0, 0, 0, 0, 0, 0]
-1.475952	-39.038076						error: T SSCS does not start with ±1: [2, 0, 0, 0, 0, 0, 0]
-1.473948	-39.038076						error: T SSCS does not start with ±1: [2, 0, 0, 0, 0, 0, 0]
-1.471944	-39.038076						error: T SSCS does not start with ±1: [2, 0, 0, 0, 0, 0, 0]
-1.469940	-39.038076						error: T SSCS does not start with ±1: [2, 0, 0, 0, 0, 0, 0]
-1.467936	-39.038076						error: T SSCS does not start with ±1: [2, 0, 0, 0, 0, 0, 0]
-1.465932	-39.038076						error: T SSCS does not start with ±1: [2, 0, 0, 0, 0, 0, 0]
-1.463928	-39.038076						error: T SSCS does not start with ±1: [2, 0, 0, 0, 0, 0, 0]
-1.461924	-39.038076						error: T SSCS does not start with ±1: [2, 0, 0, 0, 0, 0, 0]
-1.459920	-39.038076						error: T SSCS does not start with ±1: [2, 0, 0, 0, 0, 0, 0]
-1.457916	-39.038076						error: T SSCS does not start with ±1: [2, 0, 0, 0, 0, 0, 0]
-1.455912	-39.038076						error: T SSCS does not start with ±1: [2, 0, 0, 0, 0, 0, 0]
-1.453908	-39.038076						error: T SSCS does not start with ±1: [2, 0, 0, 0, 0, 0, 0]
-1.451904	-39.038076						error: T SSCS does not start with ±1: [2, 0, 0, 0, 0, 0, 0]
-1.449900	-39.038076						error: T SSCS does not start with ±1: [2, 0, 0, 0, 0, 0, 0]
-1.447896	-39.038076						error: T SSCS does not start with ±1: [2, 0, 0, 0, 0, 0, 0]
-1.445892	-39.038076						error: T SSCS does not start with ±1: [2, 0, 0, 0, 0, 0, 0]
-1.443888	-39.038076						error: T SSCS does not start with ±1: [2, 0, 0, 0, 0, 0, 0]
-1.441884	-39.038076						error: T SSCS does not start with ±1: [2, 0, 0, 0, 0, 0, 0]
-1.439880	-39.038076						error: T SSCS does not start with ±1: [2, 0, 0, 0, 0, 0, 0]
-1.437876	-39.038076						error: T SSCS does not start with ±1: [2, 0, 0, 0, 0, 0, 0]
-1.435872	-39.038076						error: T SSCS does not start with ±1: [2, 0, 0, 0, 0, 0, 0]
-1.433868	-39.038076						error: T SSCS does not start with ±1: [2, 0, 0, 0, 0, 0, 0]
-1.431864	-39.038076						error: T SSCS does not start with ±1: [2, 0, 0, 0, 0, 0, 0]
-1.429860	-39.038076						error: T SSCS does not start with ±1: [2, 0, 0, 0, 0, 0, 0]
-1.427856	-39.038076						error: T SSCS does not start with ±1: [2, 0, 0, 0, 0, 0, 0]
-1.425852	-39.038076						error: T SSCS does not start with ±1: [2, 0, 0, 0, 0, 0, 0]
-1.423848	-39.038076						error: T SSCS does not start with ±1: [2, 0, 0, 0, 0, 0, 0]
-1.421844	-39.038076						error: T SSCS does not start with ±1: [2, 0, 0, 0, 0, 0, 0]
-1.419840	-39.038076						error: T SSCS does not start with ±1: [2, 0, 0, 0, 0, 0, 0]
-1.417836	-39.038076						error: T SSCS does not start with ±1: [2, 0, 0, 0, 0, 0, 0]
-1.415832	-39.038076						error: T SSCS does not start with ±1: [2, 0, 0, 0, 0, 0, 0]
-1.413828	-39.038076						error: T SSCS does not start with ±1: [2, 0, 0, 0, 0, 0, 0]
-1.411824	-39.038076						error: T SSCS does not start with ±1: [2, 0, 0, 0, 0, 0, 0]
-1.409820	-39.038076						error: T SSCS does not start with ±1: [2, 0, 0, 0, 0, 0, 0]
-1.407816	-39.038076	-42.445235	0.810483	continued:5	3374966975014	1,0,0,0,0,0,0	ok
-1.405812	-39.038076	-43.564626	0.810984	continued:5	3374966975014	1,0,0,0,0,0,0	ok
-1.403808	-39.038076	-44.423330	0.813237	continued:5	3374964376952	-1,0,0,0,0,0,0	ok
-1.401804	-39.038076						error: T SSCS does not start with ±1: [2, 0, 0, 0, 0, 0, 0]
-1.399800	-39.038076						error: T SSCS does not start with ±1: [2, 0, 0, 0, 0, 0, 0]
-1.397796	-39.038076						error: T SSCS does not start with ±1: [2, 0, 0, 0, 0, 0, 0]
-1.395792	-39.038076						error: T SSCS does not start with ±1: [2, 0, 0, 0, 0, 0, 0]
-1.393788	-39.038076						error: T SSCS does not start with ±1: [2, 0, 0, 0, 0, 0, 0]
-1.391784	-39.038076						error: T SSCS does not start with ±1: [2, 0, 0, 0, 0, 0, 0]
-1.389780	-39.038076						error: T SSCS does not start with ±1: [2, 0, 0, 0, 0, 0, 0]
-1.387776	-39.038076						error: T SSCS does not start with ±1: [2, 0, 0, 0, 0, 0, 0]
-1.385772	-39.038076						error: T SSCS does not start with ±1: [2, 0, 0, 0, 0, 0, 0]
-1.383768	-39.038076						error: T SSCS does not start with ±1: [2, 0, 0, 0, 0, 0, 0]
-1.381764	-39.038076						error: T SSCS does not start with ±1: [2, 0, 0, 0, 0, 0, 0]
-1.379760	-39.038076						error: T SSCS does not start with ±1: [2, 0, 0, 0, 0, 0, 0]
-1.377756	-39.038076						error: T SSCS does not start with ±1: [2, 0, 0, 0, 0, 0, 0]
-1.375752	-39.038076						error: T SSCS does not start with ±1: [2, 0, 0, 0, 0, 0, 0]
-1.373747	-39.038076						error: T SSCS does not start with ±1: [2, 0, 0, 0, 0, 0, 0]
-1.371743	-39.038076						error: T SSCS does not start with ±1: [2, 0, 0, 0, 0, 0, 0]
-1.369739	-39.038076						error: T SSCS does not start with ±1: [2, 0, 0, 0, 0, 0, 0]
-1.367735	-39.038076						error: T SSCS does not start with ±1: [2, 0, 0, 0, 0, 0, 0]
-1.365731	-39.038076						error: T SSCS does not start with ±1: [2, 0, 0, 0, 0, 0, 0]
-1.363727	-39.038076						error: T SSCS does not start with ±1: [2, 0, 0, 0, 0, 0, 0]
-1.361723	-39.038076						error: T SSCS does not start with ±1: [2, 0, 0, 0, 0, 0, 0]
-1.359719	-39.038076						error: T SSCS does not start with ±1: [2, 0, 0, 0, 0, 0, 0]
-1.357715	-39.038076						error: T SSCS does not start with ±1: [2, 0, 0, 0, 0, 0, 0]
-1.355711	-39.038076						error: T SSCS does not start with ±1: [2, 0, 0, 0, 0, 0, 0]
-1.353707	-39.038076						error: T SSCS does not start with ±1: [2, 0, 0, 0, 0, 0, 0]
-1.351703	-39.038076						error: T SSCS does not start with ±1: [2, 0, 0, 0, 0, 0, 0]
-1.349699	-39.038076						error: T SSCS does not start with ±1: [2, 0, 0, 0, 0, 0, 0]
-1.347695	-39.038076						error: T SSCS does not start with ±1: [2, 0, 0, 0, 0, 0, 0]
-1.345691	-39.038076						error: T SSCS does not start with ±1: [2, 0, 0, 0, 0, 0, 0]
-1.343687	-39.038076						error: T SSCS does not start with ±1: [2, 0, 0, 0, 0, 0, 0]
-1.341683	-39.038076						error: T SSCS does not start with ±1: [2, 0, 0, 0, 0, 0, 0]
-1.339679	-39.038076						error: T SSCS does not start with ±1: [2, 0, 0, 0, 0, 0, 0]
-1.337675	-39.038076						error: T SSCS does not start with ±1: [2, 0, 0, 0, 0, 0, 0]
-1.335671	-39.038076						error: T SSCS does not start with ±1: [2, 0, 0, 0, 0, 0, 0]
-1.333667	-39.038076						error: T SSCS does not start with ±1: [2, 0, 0, 0, 0, 0, 0]
-1.331663	-39.038076						error: T SSCS does not start with ±1: [2, 0, 0, 0, 0, 0, 0]
-1.329659	-39.038076						error: T SSCS does not start with ±1: [2, 0, 0, 0, 0, 0, 0]
-1.327655	-39.038076						error: T SSCS does not start with ±1: [2, 0, 0, 0, 0, 0, 0]
-1.325651	-39.038076						error: T SSCS does not start with ±1: [2, 0, 0, 0, 0, 0, 0]
-1.323647	-39.038076						error: T SSCS does not start with ±1: [2, 0, 0, 0, 0, 0, 0]
-1.321643	-39.038076						error: T SSCS does not start with ±1: [2, 0, 0, 0, 0, 0, 0]
-1.319639	-39.038076						error: T SSCS does not start with ±1: [2, 0, 0, 0, 0, 0, 0]
-1.317635	-39.038076						error: T SSCS does not start with ±1: [2, 0, 0, 0, 0, 0, 0]
-1.315631	-39.038076						error: T SSCS does not start with ±1: [2, 0, 0, 0, 0, 0, 0]
-1.313627	-39.038076						error: T SSCS does not start with ±1: [2, 0, 0, 0, 0, 0, 0]
-1.311623	-39.038076						error: T SSCS does not start with ±1: [2, 0, 0, 0, 0, 0, 0]
-1.309619	-39.038076						error: T SSCS does not start with ±1: [2, 0, 0, 0, 0, 0, 0]
-1.307615	-39.038076						error: T SSCS does not start with ±1: [2, 0, 0, 0, 0, 0, 0]
-1.305611	-39.038076						error: T SSCS does not start with ±1: [2, 0, 0, 0, 0, 0, 0]
-1.303607	-39.038076						error: T SSCS does not start with ±1: [2, 0, 0, 0, 0, 0, 0]
-1.301603	-39.038076						error: T SSCS does not start with ±1: [2, 0, 0, 0, 0, 0, 0]
-1.299599	-39.038076						error: T SSCS does not start with ±1: [2, 0, 0, 0, 0, 0, 0]
-1.297595	-39.038076						error: T SSCS does not start with ±1: [2, 0, 0, 0, 0, 0, 0]
-1.295591	-39.038076						error: T SSCS does not start with ±1: [2, 0, 0, 0, 0, 0, 0]
-1.293587	-39.038076						error: T SSCS does not start with ±1: [2, 0, 0, 0, 0, 0, 0]
-1.291583	-39.038076						error: T SSCS does not start with ±1: [2, 0, 0, 0, 0, 0, 0]
-1.289579	-39.038076						error: T SSCS does not start with ±1: [2, 0, 0, 0, 0, 0, 0]
-1.287575	-39.038076						error: T SSCS does not start with ±1: [2, 0, 0, 0, 0, 0, 0]
-1.285571	-39.038076						error: T SSCS does not start with ±1: [2, 0, 0, 0, 0, 0, 0]
-1.283567	-39.038076						error: T SSCS does not start with ±1: [2, 0, 0, 0, 0, 0, 0]
-1.281563	-39.038076						error: T SSCS does not start with ±1: [2, 0, 0, 0, 0, 0, 0]
-1.279559	-39.038076						error: T SSCS does not start with ±1: [2, 0, 0, 0, 0, 0, 0]
-1.277555	-39.038076						error: T SSCS does not start with ±1: [2, 0, 0, 0, 0, 0, 0]
-1.275551	-39.038076						error: T SSCS does not start with ±1: [2, 0, 0, 0, 0, 0, 0]
-1.273547	-39.038076						error: T SSCS does not start with ±1: [2, 0, 0, 0, 0, 0, 0]
-1.271543	-39.038076						error: T SSCS does not start with ±1: [2, 0, 0, 0, 0, 0, 0]
-1.269539	-39.038076						error: T SSCS does not start with ±1: [2, 0, 0, 0, 0, 0, 0]
-1.267535	-39.038076						error: T SSCS does not start with ±1: [2, 0, 0, 0, 0, 0, 0]
-1.265531	-39.038076						error: T SSCS does not start with ±1: [2, 0, 0, 0, 0, 0, 0]
-1.263527	-39.038076						error: T SSCS does not start with ±1: [2, 0, 0, 0, 0, 0, 0]
-1.261523	-39.038076						error: T SSCS does not start with ±1: [2, 0, 0, 0, 0, 0, 0]
-1.259519	-39.038076						error: T SSCS does not start with ±1: [2, 0, 0, 0, 0, 0, 0]
-1.257515	-39.038076						error: T SSCS does not start with ±1: [2, 0, 0, 0, 0, 0, 0]
-1.255511	-39.038076						error: T SSCS does not start with ±1: [2, 0, 0, 0, 0, 0, 0]
-1.253507	-39.038076						error: T SSCS does not start with ±1: [2, 0, 0, 0, 0, 0, 0]
-1.251503	-39.038076						error: T SSCS does not start with ±1: [2, 0, 0, 0, 0, 0]
-1.249499	-39.038076						error: T SSCS does not start with ±1: [2, 0, 0, 0, 0, 0, 0]
-1.247495	-39.038076						error: T SSCS does not start with ±1: [2, 0, 0, 0, 0, 0, 0]
-1.245491	-39.038076						error: T SSCS does not start with ±1: [2, 0, 0, 0, 0, 0, 0]
-1.243487	-39.038076						error: T SSCS does not start with ±1: [2, 0, 0, 0, 0, 0, 0]
-1.241483	-39.038076						error: T SSCS does not start with ±1: [2, 0, 0, 0, 0, 0, 0]
-1.239479	-39.038076						error: T SSCS does not start with ±1: [2, 0, 0, 0, 0, 0, 0]
-1.237475	-39.038076						error: T SSCS does not start with ±1: [2, 0, 0, 0, 0, 0, 0]
-1.235471	-39.038076						error: T SSCS does not start with ±1: [2, 0, 0, 0, 0, 0, 0]
-1.233467	-39.038076						error: T SSCS does not start with ±1: [2, 0, 0, 0, 0, 0, 0]
-1.231463	-39.038076	-45.134315	0.816030	continued:5	3374966975014	1,0,0,0,0,0,0	ok
-1.229459	-39.038076	-45.570791	0.813905	continued:5	3374966975014	1,0,0,0,0,0,0	ok
-1.227455	-39.038076	-45.990567	0.812115	continued:5	3374966975014	1,0,0,0,0,0,0	ok
-1.225451	-39.038076	-46.391651	0.810866	continued:5	3374966975014	1,0,0,0,0,0,0	ok
-1.223447	-39.038076	-46.769362	0.811908	continued:5	3374964376952	-1,0,0,0,0,0,0	ok
-1.221443	-39.038076	-47.102800	0.814702	full	31020416643690179914937875616675812515874136339	-1,0,0,-1,-1,1,-2	ok
-1.219439	-39.038076	-45.157171	0.814608	continued:5	3374966975014	1,0,0,0,0,0,0	ok
-1.217435	-39.038076	-45.595141	0.812483	continued:5	3374966975014	1,0,0,0,0,0,0	ok
-1.215431	-39.038076	-46.015737	0.810693	continued:5	3374966975014	1,0,0,0,0,0,0	ok
-1.213427	-39.038076	-46.417015	0.809444	continued:5	3374966975014	1,0,0,0,0,0,0	ok
-1.211423	-39.038076	-46.794356	0.810486	continued:5	3374964376952	-1,0,0,0,0,0,0	ok
-1.209419	-39.038076	-47.126943	0.813280	full	11285551534964	-1,0,0,-1,0,0,0	ok
-1.207415	-39.038076	-45.183152	0.813230	continued:5	3374966975014	1,0,0,0,0,0,0	ok
-1.205411	-39.038076	-45.621812	0.810977	continued:5	3374966975014	1,0,0,0,0,0,0	ok
-1.203407	-39.038076	-46.043859	0.809394	continued:5	3374964376952	-1,0,0,0,0,0,0	ok
-1.201403	-39.038076	-46.443795	0.808144	continued:5	3374964376952	-1,0,0,0,0,0,0	ok
-1.199399	-39.038076	-46.819404	0.809059	continued:5	3374964376952	-1,0,0,0,0,0,0	ok
-1.197395	-39.038076	-47.151138	0.811853	full	5581480901620820	-1,0,0,1,0,1	ok
-1.195391	-39.038076	-45.207067	0.811877	continued:5	3374964376952	-1,0,0,0,0,0,0	ok
-1.193387	-39.038076	-45.646283	0.809545	continued:5	3374964376952	-1,0,0,0,0,0,0	ok
-1.191383	-39.038076	-46.069148	0.807962	continued:5	3374964376952	-1,0,0,0,0,0,0	ok
-1.189379	-39.038076	-46.469272	0.806712	continued:5	3374964376952	-1,0,0,0,0,0,0	ok
-1.187375	-39.038076	-46.844504	0.807627	continued:5	10296487298246453339	-1,0,0,0,0,0,-1	ok
-1.185371	-39.038076	-47.175385	0.810421	full	39230605493036929062014	-1,0,0,-2,0,1,0	ok
-1.183367	-39.038076	-45.232695	0.810440	continued:5	3374964376952	-1,0,0,0,0,0,0	ok
-1.181363	-39.038076	-45.673180	0.808315	continued:5	3374964376952	-1,0,0,0,0,0,0	ok
-1.179359	-39.038076	-46.094494	0.806525	continued:5	3374964376952	-1,0,0,0,0,0,0	ok
-1.177355	-39.038076	-46.494805	0.805275	continued:5	3374964376952	-1,0,0,0,0,0,0	ok
-1.175351	-39.038076	-46.869658	0.806190	continued:5	878890027930190311617606920	-1,0,0,0,0,-2,0	ok
-1.173347	-39.038076	-47.199683	0.808984	full	1603447399589	-1,0,0,3,1	ok
-1.171343	-39.038076	-45.257276	0.809077	continued:5	3374964376952	-1,0,0,0,0,0,0	ok
-1.169339	-39.038076	-45.698274	0.806745	continued:5	3374964376952	-1,0,0,0,0,0,0	ok
-1.167335	-39.038076	-46.121695	0.805162	continued:5	3374964376952	-1,0,0,0,0,0,0	ok
-1.165331	-39.038076	-46.521237	0.803912	continued:5	3374964376952	-1,0,0,0,0,0,0	ok
-1.163327	-39.038076	-46.894866	0.804748	continued:5	10296487298246453339	-1,0,0,0,0,0,-1	ok
-1.161323	-39.038076	-47.224035	0.807542	full	6423577368172210589	-1,0,0,-13,0,0	ok
-1.159319	-39.038076	-45.283022	0.807630	continued:5	3374964376952	-1,0,0,0,0,0,0	ok
-1.157315	-39.038076	-45.725291	0.805505	continued:5	3374964376952	-1,0,0,0,0,0,0	ok
-1.155311	-39.038076	-46.147160	0.803715	continued:5	3374964376952	-1,0,0,0,0,0,0	ok
-1.153307	-39.038076	-46.546883	0.802466	continued:5	3374964376952	-1,0,0,0,0,0,0	ok
-1.151303	-39.038076	-46.920129	0.803301	continued:5	371299112589839	-1,0,0,0,-1,0,0	ok
-1.149299	-39.038076	-47.248440	0.806095	full	303829331044010	-1,0,-1,2,0,0,0	ok
-1.147295	-39.038076	-45.309337	0.806226	continued:5	10296487298246453339	-1,0,0,0,0,0,-1	ok
-1.145291	-39.038076	-45.752300	0.803974	continued:5	3374964376952	-1,0,0,0,0,0,0	ok
-1.143287	-39.038076	-46.175595	0.802390	continued:5	3374964376952	-1,0,0,0,0,0,0	ok
-1.141283	-39.038076	-46.573950	0.801141	continued:5	112373853751138262663142170194018953728714	-1,0,0,0,0,0,-2	ok
-1.139279	-39.038076	-46.945446	0.801849	continued:5	99887480609913335068329837313202	-1,0,0,0,0,-2,-1	ok
-1.137275	-39.038076	-47.272898	0.804643	full	63681729491093644956743060	-1,0,-1,-1,1,-1,-1	ok
-1.135271	-39.038076	-45.336152	0.804848	continued:5	63379992707011139772061585228713997359722133385873525661267251538789942102633909613417735421054707379332644023758520077598059886216307111327	-1,0,0,0,0,0,12	ok
-1.133267	-39.038076	-45.779440	0.802724	continued:5	10296487298246453339	-1,0,0,0,0,0,-1	ok
-1.131263	-39.038076	-46.201181	0.800933	continued:5	54158653875804911005277879726334907631298827	-1,0,0,0,0,-1,-2	ok
-1.129259	-39.038076	-46.599710	0.799684	continued:5	8878634226072813464093013271267577	-1,0,0,0,-1,-1,1	ok
-1.127255	-39.038076	-46.970817	0.800392	continued:5	10068178321601180464285046540487614	-1,0,0,0,11	ok
-1.125251	-39.038076	-47.297410	0.803186	full	149486713676647761795413881780087741675921981518837171544031055306530404238205251670474597928896079737645275	-1,0,-1,0,-1,0,-7	ok
-1.123246	-39.038076	-45.360982	0.803514	continued:5	14730495215871488720702	-1,0,0,0,0,1,0	ok
-1.121242	-39.038076	-45.804267	0.801262	continued:5	129422015682764	-1,0,0,0,1,-1	ok
-1.119238	-39.038076	-46.226824	0.799471	continued:5	1583566098472403720933035946694742139	-1,0,0,0,1,-3,0	ok
-1.117234	-39.038076	-46.625527	0.798222	continued:5	99887480609913335068329837313202	-1,0,0,0,0,-2,-1	ok
-1.115230	-39.038076	-46.996243	0.798930	continued:5	60394981771531262201134479089	-1,0,0,0,-1,1,-1	ok
-1.113226	-39.038076	-47.321977	0.801724	full	4753985	-1,0,-1,0,0,0	ok
-1.111222	-39.038076	-45.390139	0.802047	continued:5	416803741583828227809683744867852899748772095	-1,0,0,0,0,4,0	ok
-1.109218	-39.038076	-45.834384	0.799795	continued:5	188000475753472869719100378514521751030490113540743791437716693827	-1,0,0,0,0,9,-1	ok
-1.107214	-39.038076	-46.257256	0.798211	continued:5	150058479988766892525438107814051470	-1,0,0,0,12	ok
-1.105210	-39.038076	-46.653612	0.796962	continued:5	10209161538121626073909431612904441775922441306382048365617597326703838047952555352574827727396937331339321375043461533392788076859442923986327	-1,0,0,0,0,0,-13	ok
-1.103206	-39.038076	-47.021725	0.797463	continued:5	371299112589839	-1,0,0,0,-1,0,0	ok
-1.101202	-39.038076	-47.346598	0.800257	full	150110961177302617996050140954731952	-1,0,1,0,12	ok
-1.099198	-39.038076	-45.417141	0.800654	continued:5	1945035231296751570742902945574799185608191472181470424922603922339440111014924669978304657825050655322530945964783574142340737571659528343174839	-1,0,0,0,-1,1,13	ok
-1.097194	-39.038076	-45.861710	0.798529	continued:5	5940728488866189452	-1,0,0,0,-1,-1,0	ok
-1.095190	-39.038076	-46.283022	0.796739	continued:5	11262711374993081990547698538507599559560165115311981058206636442260660	-1,0,0,-1,0,12	ok
-1.093186	-39.038076	-46.679545	0.795490	continued:5	137520069382767470	-1,0,0,0,0,-1,0	ok
-1.091182	-39.038076	-47.047262	0.795991	continued:5	2077152781273247271145559432165850695	-1,0,0,1,-13,0	ok
-1.089178	-39.038076	-47.371275	0.798784	full	99898912577	-1,0,1,-3,0,0	ok
-1.087174	-39.038076	-45.443811	0.799225	continued:5	115456487310412649100170870	-1,0,0,1,0,2	ok
-1.085170	-39.038076	-45.889068	0.796973	continued:5	197600868380059373264	-1,0,0,0,1,-1,0	ok
-1.083166	-39.038076	-46.311777	0.795389	continued:5	420447907303178973238757257567214	-1,0,0,0,1,2,0	ok
-1.081162	-39.038076	-46.706902	0.794140	continued:5	15055565938803033785984742151802746037140867013797514342114548825517135853368974108875708839041548429405460896084607445093099607733628295798827	-1,0,0,0,0,1,-13	ok
-1.079158	-39.038076	-47.072854	0.794514	continued:5	1418979579119979856280694881048019542843795	-1,0,0,3,1,4	ok
-1.077154	-39.038076	-47.396007	0.797307	full	3957794539193199625281255011252	-1,0,-2,1,0,-3	ok
-1.075150	-39.038076	-45.470937	0.797822	continued:5	914268412280925077	-1,0,0,2,-1,1	ok
-1.073146	-39.038076	-45.916518	0.795697	continued:5	2171821272184063256180003302592651180	-1,0,0,2,13	ok
-1.071142	-39.038076	-46.337664	0.793907	continued:5	7657711889	-1,0,0,3,0	ok
-1.069138	-39.038076	-46.732950	0.792658	continued:5	215341543345964	-1,0,0,4,0,-1	ok
-1.067134	-39.038076	-47.098502	0.793032	continued:5	218540244585419449100114	-1,0,0,-13,-4	ok
-1.065130	-39.038076	-47.420795	0.795825	full	7677320	-1,0,2,1,0	ok
-1.063126	-39.038076	-45.499121	0.796462	continued:5	561312336483488107057818152701220702	-1,0,0,0,12,0	ok
-1.061122	-39.038076	-45.944398	0.794210	continued:5	1652276205187015929139162109789364839	-1,0,0,12,-13	ok
-1.059118	-39.038076	-46.366077	0.792420	continued:5	143037351228050086514	-1,0,0,-13,-1,-1	ok
-1.057114	-39.038076	-46.761272	0.791377	continued:5	32786734560553704470	-1,0,0,-13,0,-1	ok
-1.055110	-39.038076	-47.124205	0.791544	continued:5	33309215842661096252	-1,0,-1,-13,0,-1	ok
-1.053106	-39.038076	-47.445638	0.794338	full	329051030	-1,0,3,-1,0,0	ok
-1.051102	-39.038076	-45.526571	0.795049	continued:5	224065465262555187614	-1,0,0,13,-1,-1	ok
-1.049098	-39.038076	-45.972149	0.792717	continued:5	33309215842661096252	-1,0,-1,-13,0,-1	ok
-1.047094	-39.038076	-46.394374	0.791134	continued:5	705779659802644250067948660587402	-1,0,-1,12,-10	ok
-1.045090	-39.038076	-46.787435	0.789884	continued:5	1228273419452	-1,0,-1,-5,0	ok
-1.043086	-39.038076	-47.149965	0.790052	continued:5	55000752001460694346717408420754328119337527	-1,0,-1,-1,0,-1,-2	ok
-1.041082	-39.038076	-47.470538	0.792845	full	590153112194486324522803441301700077	-1,0,6,1,-13	ok
-1.039078	-39.038076	-45.556185	0.793600	continued:5	2536719868313402	-1,0,-1,-1,0,1	ok
-1.037074	-39.038076	-46.002165	0.791347	continued:5	371097975497900	-1,0,-1,-1,1,-1	ok
-1.035070	-39.038076	-46.423388	0.789764	continued:5	1899071064247330099995108188368785860	-1,0,-1,0,-13,0	ok
-1.033066	-39.038076	-46.815028	0.788515	continued:5	569217405515104087215837987521210	-1,0,-1,0,-10,0	ok
-1.031062	-39.038076	-47.175780	0.788554	continued:5	730709105	-1,0,-1,0,-1,0	ok
-1.029058	-39.038076	-47.495494	0.791347	full	41375144615	-1,0,-12,0,1	ok
-1.027054	-39.038076	-45.584210	0.792176	continued:5	3432703706929550627	-1,0,-1,0,1,1	ok
-1.025050	-39.038076	-46.030438	0.789924	continued:5	3574424161203034976119923215702	-1,0,1,0,-9	ok
-1.023046	-39.038076	-46.451341	0.788340	continued:5	6682026087320218550493575067386050502	-1,0,1,-1,-13,-1	ok
-1.021042	-39.038076	-46.842155	0.787091	continued:5	39991346107953008030618796476468402	-1,0,1,-1,0,3	ok
-1.019038	-39.038076	-47.201652	0.787051	continued:5	824073512842264187830172920965538202	-1,0,1,-5,-13	ok
-1.017034	-39.038076	-47.520507	0.789845	full	1057577549671677839	-1,0,-13,-12,0	ok
-1.015030	-39.038076	-45.614931	0.790796	continued:5	1729364233100618007535518334834110077	-1,0,1,-13,-13	ok
-1.013026	-39.038076	-46.060601	0.788544	continued:5	2038211365579353827	-1,0,1,-13,0	ok
-1.011022	-39.038076	-46.480486	0.786960	continued:5	2084271187591314230	-1,0,-2,-13,0	ok
-1.009018	-39.038076	-46.869866	0.785711	continued:5	1620474519897827859452	-1,0,-2,-2,0,-2	ok
-1.007014	-39.038076	-47.227580	0.785544	continued:5	18443748458852619320	-1,0,-2,0,-4	ok
-1.005010	-39.038076	-47.545577	0.788337	full	563312759205803693388051887536191389	-1,0,-13,-1,-13	ok
-1.003006	-39.038076	-45.645586	0.789362	continued:5	799653924293305131760735101604006073124508538719976391848457053991464	-1,0,2,-1,0,-12	ok
-1.001002	-39.038076	-46.091226	0.787237	continued:5	59477888555585347850	-1,0,2,-12,-1,-1	ok
-0.998998	-39.038076	-46.509233	0.785447	continued:5	2179132991032371740	-1,0,-3,-13,0	ok
-0.996994	-39.038076	-46.898485	0.784405	continued:5	1900038366379420895012486206377534089	-1,0,-3,0,-13,0	ok
-0.994990	-39.038076	-47.253563	0.784031	continued:5	12977872666042360023752	-1,0,3,-12,3	ok
-0.992986	-39.038076	-47.570704	0.786824	full	20865287175937698254714591281952	-1,0,-13,0,9	ok
-0.990982	-39.038076	-45.676478	0.787972	continued:5	2487234728660720645	-1,0,4,11,1	ok
-0.988978	-39.038076	-46.121541	0.785847	continued:5	38949924343199825870	-1,0,5,12,-2	ok
-0.986974	-39.038076	-46.538512	0.784057	continued:5	562395125089259478970648038328788389	-1,0,7,-1,-13	ok
-0.984970	-39.038076	-46.926314	0.783014	continued:5	1621458496425739370	-1,0,-10,-13	ok
-0.982966	-39.038076	-47.279603	0.782513	continued:5	391829372571464	-1,0,11,3,-2	ok
-0.980962	-39.038076	-47.595888	0.785306	full	150715650199597949585998350610592195	-1,0,-13,0,12	ok
-0.978958	-39.038076	-45.704959	0.786576	continued:5	244086348465764	-1,0,12,-1,2	ok
-0.976954	-39.038076	-46.149712	0.784324	continued:5	1110304104985325714	-1,0,12,10,1	ok
-0.974950	-39.038076	-46.567186	0.782740	continued:5	5818334101833001355	-1,0,12,-13,-1	ok
-0.972946	-39.038076	-46.952826	0.781491	continued:5	3286762475314691840	-1,0,12,-13,0	ok
-0.970942	-39.038076	-47.305699	0.780990	continued:5	3356713290653122370	-1,0,-13,-13,0	ok
-0.968938	-39.038076	-47.621130	0.783783	full	536585853160782959692006113470448320	-1,0,-13,0,-13	ok
-0.966934	-39.038076	-45.735870	0.785127	continued:5	3961492901722589	-1,0,-13,8	ok
-0.964930	-39.038076	-46.180565	0.783002	continued:5	8559273413805468066839	-1,0,-13,-3,-4,0	ok
-0.962926	-39.038076	-46.596135	0.781212	continued:5	1163016096410	-1,0,-13,-2,1	ok
-0.960922	-39.038076	-46.981625	0.780170	continued:5	591284423590875376587977825226649160	-1,0,-13,1,-13	ok
-0.958918	-39.038076	-47.331852	0.779461	continued:5	93486915988202	-1,0,-13,1,-1,-1	ok
-0.956914	-39.038076	-47.646429	0.782255	full	1992409616588127975053000479695612134	-1,-1,-13,-1,-13,0	ok
-0.954910	-39.038076	-45.305222	0.786131	continued:5	490575335714	-1,0,-13,-1,-1,0	ok
-0.952906	-39.038076	-45.776143	0.783465	continued:5	17280781709870714	-1,0,-13,-1,-3	ok
-0.950902	-39.038076	-46.219914	0.781341	continued:5	158855717582038938487176001091984639	-1,0,-13,-1,12	ok
-0.948898	-39.038076	-46.634044	0.779757	continued:5	563312759205803693388051887536191389	-1,0,-13,-1,-13	ok
-0.946894	-39.038076	-47.015595	0.778508	continued:5	563312759205803693388051887536191389	-1,0,-13,-1,-13	ok
-0.944890	-39.038076	-47.363779	0.777800	continued:5	563312759205803693388051887536191389	-1,0,-13,-1,-13	ok
-0.942886	-39.038076	-47.676017	0.780465	full	3356899810992453159	-1,-1,-13,-13,0	ok
-0.940882	-39.038076	-45.341769	0.784463	continued:5	536585853160782959692006113470448320	-1,0,-13,0,-13	ok
-0.938878	-39.038076	-45.812776	0.781797	continued:5	536585853160782959692006113470448320	-1,0,-13,0,-13	ok
-0.936874	-39.038076	-46.256028	0.779545	continued:5	536585853160782959692006113470448320	-1,0,-13,0,-13	ok
-0.934870	-39.038076	-46.670372	0.777961	continued:5	536585853160782959692006113470448320	-1,0,-13,0,-13	ok
-0.932866	-39.038076	-47.051450	0.776918	continued:5	536585853160782959692006113470448320	-1,0,-13,0,-13	ok
-0.930862	-39.038076	-47.396619	0.776210	continued:5	536585853160782959692006113470448320	-1,0,-13,0,-13	ok
-0.928858	-39.038076	-47.705684	0.778669	full	4398811461406750115	-1,-1,5,-13,-1	ok
-0.926854	-39.038076	-45.383604	0.782738	continued:5	6698763218248544599184956349108846502	-1,-1,-13,-1,-13,-1	ok
-0.924850	-39.038076	-45.854606	0.780073	continued:5	10780201424749562611036345156700702	-1,-1,-13,-1,11	ok
-0.922846	-39.038076	-46.297252	0.777948	continued:5	17025568184	-1,-1,-13,-1,-1	ok
-0.920842	-39.038076	-46.709115	0.776364	continued:5	167406774908001924311925205581293634	-1,-1,-13,1,12	ok
-0.918838	-39.038076	-47.087401	0.775322	continued:5	935476797442111652	-1,-1,-13,-2,-1,1	ok
-0.916834	-39.038076	-47.429541	0.774614	continued:5	62594807335335	-1,-1,-13,-4,1	ok
-0.914830	-39.038076	-47.735430	0.776866	full	32124998591330280921331259422941297818595	-1,-1,-2,-13,-3,-4	ok
-0.912826	-39.038076	-45.421527	0.781056	continued:5	158195046138111947642588584152310260	-1,-1,-13,-13,-12	ok
-0.910822	-39.038076	-45.892449	0.778390	continued:5	5933862700287907385	-1,-1,-13,-13,-1	ok
-0.908818	-39.038076	-46.334422	0.776266	continued:5	5818615868175853050	-1,-1,12,-13,-1	ok
-0.906814	-39.038076	-46.745061	0.774682	continued:5	1817960541519937815	-1,-1,12,-13	ok
-0.904810	-39.038076	-47.121647	0.773639	continued:5	1796314480372122587832109770	-1,-1,-12,-1,-6,-1	ok
-0.902806	-39.038076	-47.461710	0.772931	continued:5	6462812412252	-1,-1,11,-3,1	ok
-0.900802	-39.038076	-47.765254	0.775056	full	108493744649878036271087129240290892672267652	-1,-1,-1,-1,-1,-1,-2	ok
-0.898798	-39.038076	-45.467121	0.779446	continued:5	6970086797602865372850668285125049384	-1,-1,4,1,-13,-1	ok
-0.896794	-39.038076	-45.936169	0.776780	continued:5	36322173979778934	-1,-1,-3,-1,-2,-1	ok
-0.894790	-39.038076	-46.375940	0.774655	continued:5	396041799334586464137780	-1,-1,2,-13,-3,-1	ok
-0.892786	-39.038076	-46.784038	0.773072	continued:5	621998613295524598098018825	-1,-1,-2,-1,-2,-1,-1	ok
-0.890782	-39.038076	-47.157786	0.772029	continued:5	1729587006780640825989762158531803884	-1,-1,-2,-13,-13	ok
-0.888778	-39.038076	-47.494795	0.771321	continued:5	56069424558124912935	-1,-1,1,-13,-2	ok
-0.886774	-39.038076	-47.795157	0.773239	full	44823837589554888477892291575286152	-1,-1,-1,1,-12	ok
-0.884770	-39.038076	-45.509584	0.777749	continued:5	9565020170921937402	-1,-1,1,3,3	ok
-0.882766	-39.038076	-45.977989	0.775084	continued:5	24721147116332510075050461267627	-1,-1,-1,1,9	ok
-0.880762	-39.038076	-46.416597	0.772959	continued:5	5695183504492614029263277	-1,-1,-1,-1,-1,-1,-1	ok
-0.878758	-39.038076	-46.823038	0.771375	continued:5	5695183504492614029263277	-1,-1,-1,-1,-1,-1,-1	ok
-0.876754	-39.038076	-47.194708	0.770333	continued:5	137520068858324777	-1,-1,-1,-1,-1,1	ok
-0.874749	-39.038076	-47.529314	0.769831	continued:5	47450122314569523067515870813840252	-1,-1,1,-2,-12	ok
-0.872745	-39.038076	-47.825139	0.771415	full	1743364498280	-1,1,12,4	ok
-0.870741	-39.038076	-45.552149	0.775919	continued:5	11693530369315053027	-1,-1,1,-13,1	ok
-0.868737	-39.038076	-46.021280	0.773460	continued:5	589371009739484561078055949977403445	-1,1,-2,1,-13	ok
-0.866733	-39.038076	-46.457706	0.771335	continued:5	1509638203882128023685072423420088005	-1,1,3,11,-13	ok
-0.864729	-39.038076	-46.861622	0.769879	continued:5	715906845574079007664969897222940580	-1,1,-9,3,-13	ok
-0.862725	-39.038076	-47.229233	0.768630	continued:5	21701840279	-1,1,12,2	ok
-0.860721	-39.038076	-47.561728	0.768128	continued:5	1818078296518131494	-1,1,12,-13	ok
-0.858717	-39.038076	-47.855199	0.769584	full	6171250500214124675	-1,1,-13,-12,1	ok
-0.856713	-39.038076	-45.598463	0.774287	continued:5	1859765703892497455	-1,1,-13,-13	ok
-0.854709	-39.038076	-46.065589	0.771829	continued:5	1859765703892497455	-1,1,-13,-13	ok
-0.852705	-39.038076	-46.499691	0.769704	continued:5	1032237956415090830	-1,1,-13,12	ok
-0.850701	-39.038076	-46.900962	0.768248	continued:5	1032237956415090830	-1,1,-13,12	ok
-0.848697	-39.038076	-47.265662	0.766999	continued:5	6171250500214124675	-1,1,-13,-12,1	ok
-0.846693	-39.038076	-47.595059	0.766497	continued:5	11065475637891656750	-1,1,-13,-11,-2	ok
-0.844689	-39.038076	-47.885338	0.767746	full	1734494312910454627242987150499265984	-1,-2,-13,-13,-13	ok
-0.842685	-39.038076	-45.638377	0.772571	continued:5	78854789062927877	-1,-2,-13,10	ok
-0.840681	-39.038076	-46.105140	0.770112	continued:5	1032314980476255377	-1,-2,-13,12	ok
-0.838677	-39.038076	-46.538307	0.767987	continued:5	1734494312910454627242987150499265984	-1,-2,-13,-13,-13	ok
-0.836673	-39.038076	-46.938124	0.766404	continued:5	1859885483991227252	-1,-2,-13,-13	ok
-0.834669	-39.038076	-47.302187	0.765361	continued:5	1818196057236814334	-1,-2,12,-13	ok
-0.832665	-39.038076	-47.628472	0.764859	continued:5	959237192139975377	-1,-2,11,12	ok
-0.830661	-39.038076	-47.915556	0.765902	full	1729809809157864480847461724228497269	-1,-2,2,-13,-13	ok
-0.828657	-39.038076	-45.688325	0.770877	continued:5	150805936548345301331122033036877	-1,-2,-2,2,-10	ok
-0.826653	-39.038076	-46.153125	0.768418	continued:5	1729809809157864480847461724228497269	-1,-2,2,-13,-13	ok
-0.824649	-39.038076	-46.583985	0.766294	continued:5	1184465965410	-1,2,-11,4	ok
-0.822645	-39.038076	-46.981157	0.764838	continued:5	1818313823676171600	-1,2,12,-13	ok
-0.820641	-39.038076	-47.341054	0.763923	continued:5	1860005269875845169	-1,2,-13,-13	ok
-0.818637	-39.038076	-47.661966	0.763215	continued:5	1860005269875845169	-1,2,-13,-13	ok
-0.816633	-39.038076	-47.945852	0.764051	full	1860125061546537527	-1,-3,-13,-13	ok
-0.814629	-39.038076	-45.736629	0.769275	continued:5	1734494320099929179854730700463846310	-1,-3,-13,-13,-13	ok
-0.812625	-39.038076	-46.198595	0.766609	continued:5	1818431595836388560	-1,-3,12,-13	ok
-0.810621	-39.038076	-46.628565	0.764691	continued:5	1659726172925731377	-1,-3,10,-13	ok
-0.808617	-39.038076	-47.022223	0.763235	continued:5	674876495790105455	-1,-3,4,12	ok
-0.806613	-39.038076	-47.378478	0.762192	continued:5	1860244859003490650	-1,3,-13,-13	ok
-0.804609	-39.038076	-47.696902	0.761691	continued:5	1860244859003490650	-1,3,-13,-13	ok
-0.802605	-39.038076	-47.976226	0.762192	full	110888043473025	-1,-4,-6,-7	ok
-0.800601	-39.038076	-45.782176	0.767410	continued:5	10407560123947940970525	-1,-4,-4,-4,4	ok
-0.798597	-39.038076	-46.244392	0.764951	continued:5	1860484471276924502	-1,4,-13,-13	ok
-0.796593	-39.038076	-46.671766	0.763033	continued:5	1818902741689558805	-1,-5,12,-13	ok
-0.794589	-39.038076	-47.062551	0.761577	continued:5	1860724106697637377	-1,5,-13,-13	ok
-0.792585	-39.038076	-47.415719	0.760662	continued:5	1860963765267119975	-1,6,-13,-13	ok
-0.790581	-39.038076	-47.729720	0.759954	continued:5	1861203446986863044	-1,7,-13,-13	ok
-0.788577	-39.038076	-48.006679	0.760328	full	1861682879883093827	-1,9,-13,-13	ok
-0.786573	-39.038076	-45.830645	0.765714	continued:5	1779180300465647715	-1,-10,-12,-13	ok
-0.784569	-39.038076	-46.290809	0.763255	continued:5	1862042515335788795	-1,-11,-13,-13	ok
-0.782565	-39.038076	-46.715795	0.761338	continued:5	984413286591187220	-1,-11,-12,12	ok
-0.780561	-39.038076	-47.103881	0.759961	continued:5	1862162405398256670	-1,11,-13,-13	ok
-0.778557	-39.038076	-47.453345	0.758918	continued:5	1862162405398256670	-1,11,-13,-13	ok
-0.776553	-39.038076	-47.764822	0.758416	continued:5	1862282301250153277	-1,-12,-13,-13	ok
-0.774549	-39.038076	-48.037209	0.758456	full	1820552473198524989	-1,-12,12,-13	ok
-0.772545	-39.038076	-45.878583	0.764043	continued:5	1820552473198524989	-1,-12,12,-13	ok
-0.770541	-39.038076	-46.336417	0.761584	continued:5	1008945539086014914	-1,-12,12,12	ok
-0.768537	-39.038076	-46.758781	0.759666	continued:5	533508198414997652	-1,-12,-12,-12	ok
-0.766533	-39.038076	-47.143979	0.758289	continued:5	984561954416682389	-1,-12,-12,12	ok
-0.764529	-39.038076	-47.490360	0.757246	continued:5	1008945539086014914	-1,-12,12,12	ok
-0.762525	-39.038076	-47.798643	0.756745	continued:5	1820552473198524989	-1,-12,12,-13	ok
-0.760521	-39.038076	-48.067816	0.756578	full	1820670354090281045	-1,12,12,-13	ok
-0.758517	-39.038076	-45.928630	0.762383	continued:5	1820670354090281045	-1,12,12,-13	ok
-0.756513	-39.038076	-46.383636	0.759924	continued:5	1820670354090281045	-1,12,12,-13	ok
-0.754509	-39.038076	-46.802953	0.758006	continued:5	1820670354090281045	-1,12,12,-13	ok
-0.752505	-39.038076	-47.184904	0.756629	continued:5	1820670354090281045	-1,12,12,-13	ok
-0.750501	-39.038076	-47.527900	0.755586	continued:5	1820670354090281045	-1,12,12,-13	ok
-0.748497	-39.038076	-47.832743	0.755085	continued:5	1862402202891664994	-1,12,-13,-13	ok
-0.746493	-39.038076	-48.098501	0.754918	full	1862402202891664994	-1,12,-13,-13	ok
-0.744489	-39.038076	-45.980273	0.760635	continued:5	1862402202891664994	-1,12,-13,-13	ok
-0.742485	-39.038076	-46.433078	0.758176	continued:5	1862402202891664994	-1,12,-13,-13	ok
-0.740481	-39.038076	-46.849865	0.756386	continued:5	1862402202891664994	-1,12,-13,-13	ok
-0.738477	-39.038076	-47.227723	0.755009	continued:5	1862402202891664994	-1,12,-13,-13	ok
-0.736473	-39.038076	-47.566618	0.753966	continued:5	1862402202891664994	-1,12,-13,-13	ok
-0.734469	-39.038076	-47.867419	0.753465	continued:5	1862402202891664994	-1,12,-13,-13	ok
-0.732465	-39.038076	-48.129262	0.753297	full	1862402202891664994	-1,12,-13,-13	ok
-0.730461	-39.038076	-46.032111	0.758967	continued:5	1862402202891664994	-1,12,-13,-13	ok
-0.728457	-39.038076	-46.481736	0.756508	continued:5	1862402202891664994	-1,12,-13,-13	ok
-0.726453	-39.038076	-46.895174	0.754717	continued:5	1862402202891664994	-1,12,-13,-13	ok
-0.724449	-39.038076	-47.269535	0.753261	continued:5	1862402202891664994	-1,12,-13,-13	ok
-0.722445	-39.038076	-47.605610	0.752347	continued:5	1862402202891664994	-1,12,-13,-13	ok
-0.720441	-39.038076	-47.902256	0.751845	continued:5	1862402202891664994	-1,12,-13,-13	ok
-0.718437	-39.038076	-48.160100	0.751678	full	1862402202891664994	-1,12,-13,-13	ok
-0.716433	-39.038076	-46.084653	0.757143	continued:5	1862402202891664994	-1,12,-13,-13	ok
-0.714429	-39.038076	-46.532541	0.754812	continued:5	1862402202891664994	-1,12,-13,-13	ok
-0.712425	-39.038076	-46.942519	0.753022	continued:5	1862402202891664994	-1,12,-13,-13	ok
-0.710421	-39.038076	-47.313285	0.751645	continued:5	1862402202891664994	-1,12,-13,-13	ok
-0.708417	-39.038076	-47.644931	0.750730	continued:5	1862402202891664994	-1,12,-13,-13	ok
-0.706413	-39.038076	-47.937278	0.750229	continued:5	1862402202891664994	-1,12,-13,-13	ok
-0.704409	-39.038076	-48.191014	0.750061	full	1862402202891664994	-1,12,-13,-13	ok
-0.702405	-39.038076	-46.140072	0.755448	continued:5	1862402202891664994	-1,12,-13,-13	ok
-0.700401	-39.038076	-46.584374	0.753195	continued:5	1862402202891664994	-1,12,-13,-13	ok
-0.698397	-39.038076	-46.989846	0.751277	continued:5	1862402202891664994	-1,12,-13,-13	ok
-0.696393	-39.038076	-47.357411	0.750028	continued:5	1862402202891664994	-1,12,-13,-13	ok
-0.694389	-39.038076	-47.684497	0.749113	continued:5	1862402202891664994	-1,12,-13,-13	ok
-0.692385	-39.038076	-47.972447	0.748612	continued:5	1862402202891664994	-1,12,-13,-13	ok
-0.690381	-39.038076	-48.222003	0.748445	full	1862402202891664994	-1,12,-13,-13	ok
-0.688377	-39.038076	-46.196634	0.753750	continued:5	1862402202891664994	-1,12,-13,-13	ok
-0.686373	-39.038076	-46.637097	0.751498	continued:5	1862402202891664994	-1,12,-13,-13	ok
-0.684369	-39.038076	-47.038657	0.749708	continued:5	1820670354090281045	-1,12,12,-13	ok
-0.682365	-39.038076	-47.400989	0.748331	continued:5	1820670354090281045	-1,12,12,-13	ok
-0.680361	-39.038076	-47.724283	0.747495	continued:5	1820670354090281045	-1,12,12,-13	ok
-0.678357	-39.038076	-48.007750	0.746993	continued:5	1820670354090281045	-1,12,12,-13	ok
-0.676353	-39.038076	-48.253067	0.746826	full	1820670354090281045	-1,12,12,-13	ok
-0.674349	-39.038076	-46.252377	0.752011	continued:5	1820670354090281045	-1,12,12,-13	ok
-0.672345	-39.038076	-46.689438	0.749759	continued:5	1820670354090281045	-1,12,12,-13	ok
-0.670341	-39.038076	-47.087452	0.747969	continued:5	1820670354090281045	-1,12,12,-13	ok
-0.668337	-39.038076	-47.446129	0.746719	continued:5	1820670354090281045	-1,12,12,-13	ok
-0.666333	-39.038076	-47.764501	0.745884	continued:5	1820670354090281045	-1,12,12,-13	ok
-0.664329	-39.038076	-48.043288	0.745382	continued:5	1820670354090281045	-1,12,12,-13	ok
-0.662325	-39.038076	-48.284213	0.745215	full	1820670354090281045	-1,12,12,-13	ok
-0.660321	-39.038076	-45.846642	0.752759	continued:5	1009021255905833795	-1,12,12,12	ok
-0.658317	-39.038076	-46.318365	0.749966	continued:5	1009021255905833795	-1,12,12,12	ok
-0.656313	-39.038076	-46.751682	0.747714	continued:5	1009021255905833795	-1,12,12,12	ok
-0.654309	-39.038076	-47.145754	0.746130	continued:5	1009021255905833795	-1,12,12,12	ok
-0.652305	-39.038076	-47.498307	0.744881	continued:5	1009021255905833795	-1,12,12,12	ok
-0.650301	-39.038076	-47.810836	0.744045	continued:5	1009021255905833795	-1,12,12,12	ok
-0.648297	-39.038076	-48.084108	0.743543	continued:5	1009021255905833795	-1,12,12,12	ok
-0.646293	-39.038076	-48.319889	0.743376	full	1009021255905833795	-1,12,12,12	ok
-0.644289	-39.038076	-45.912015	0.750644	continued:5	1009021255905833795	-1,12,12,12	ok
-0.642285	-39.038076	-46.381366	0.747978	continued:5	1009021255905833795	-1,12,12,12	ok
-0.640281	-39.038076	-46.810600	0.745726	continued:5	1009021255905833795	-1,12,12,12	ok
-0.638277	-39.038076	-47.200466	0.744143	continued:5	1009021255905833795	-1,12,12,12	ok
-0.636273	-39.038076	-47.548740	0.742893	continued:5	1009021255905833795	-1,12,12,12	ok
-0.634269	-39.038076	-47.856996	0.742185	continued:5	1009021255905833795	-1,12,12,12	ok
-0.632265	-39.038076	-48.124890	0.741684	continued:5	1009021255905833795	-1,12,12,12	ok
-0.630261	-39.038076	-48.355660	0.741516	full	1009021255905833795	-1,12,12,12	ok
-0.628257	-39.038076	-45.990295	0.748675	continued:5	1009021255905833795	-1,12,12,12	ok
-0.626253	-39.038076	-46.453683	0.746009	continued:5	1009021255905833795	-1,12,12,12	ok
-0.624248	-39.038076	-46.877167	0.743885	continued:5	1009021255905833795	-1,12,12,12	ok
-0.622244	-39.038076	-47.260120	0.742301	continued:5	1009021255905833795	-1,12,12,12	ok
-0.620240	-39.038076	-47.601843	0.741052	continued:5	1009021255905833795	-1,12,12,12	ok
-0.618236	-39.038076	-47.903927	0.740344	continued:5	1009021255905833795	-1,12,12,12	ok
-0.616232	-39.038076	-48.166066	0.739842	continued:5	1009021255905833795	-1,12,12,12	ok
-0.614228	-39.038076	-48.391526	0.739675	full	1009021255905833795	-1,12,12,12	ok
-0.612224	-39.038076	-46.058048	0.746626	continued:5	1009021255905833795	-1,12,12,12	ok
-0.610220	-39.038076	-46.517690	0.743960	continued:5	1009021255905833795	-1,12,12,12	ok
-0.608216	-39.038076	-46.937275	0.741836	continued:5	1009021255905833795	-1,12,12,12	ok
-0.606212	-39.038076	-47.316181	0.740252	continued:5	1009021255905833795	-1,12,12,12	ok
-0.604208	-39.038076	-47.653773	0.739210	continued:5	1009021255905833795	-1,12,12,12	ok
-0.602204	-39.038076	-47.949759	0.738374	continued:5	1009021255905833795	-1,12,12,12	ok
-0.600200	-39.038076	-48.207421	0.738000	continued:5	1009021255905833795	-1,12,12,12	ok
-0.598196	-39.038076	-48.427484	0.737833	full	1009021255905833795	-1,12,12,12	ok
-0.596192	-39.038076	-46.137474	0.744528	continued:5	1009021255905833795	-1,12,12,12	ok
-0.594188	-39.038076	-46.592031	0.742069	continued:5	1009021255905833795	-1,12,12,12	ok
-0.592184	-39.038076	-47.004430	0.739945	continued:5	1009021255905833795	-1,12,12,12	ok
-0.590180	-39.038076	-47.376532	0.738489	continued:5	1009021255905833795	-1,12,12,12	ok
-0.588176	-39.038076	-47.706443	0.737240	continued:5	1009021255905833795	-1,12,12,12	ok
-0.586172	-39.038076	-47.997327	0.736532	continued:5	1009021255905833795	-1,12,12,12	ok
-0.584168	-39.038076	-48.248968	0.736158	continued:5	1009021255905833795	-1,12,12,12	ok
-0.582164	-39.038076	-48.463534	0.735991	full	1009021255905833795	-1,12,12,12	ok
-0.580160	-39.038076	-46.212348	0.742403	continued:5	1009021255905833795	-1,12,12,12	ok
-0.578156	-39.038076	-46.662602	0.739944	continued:5	1009021255905833795	-1,12,12,12	ok
-0.576152	-39.038076	-47.070613	0.738026	continued:5	1009021255905833795	-1,12,12,12	ok
-0.574148	-39.038076	-47.436178	0.736442	continued:5	1009021255905833795	-1,12,12,12	ok
-0.572144	-39.038076	-47.761142	0.735400	continued:5	1009021255905833795	-1,12,12,12	ok
-0.570140	-39.038076	-48.045272	0.734691	continued:5	1009021255905833795	-1,12,12,12	ok
-0.568136	-39.038076	-48.290725	0.734318	continued:5	1009021255905833795	-1,12,12,12	ok
-0.566132	-39.038076	-48.499675	0.734150	full	1009021255905833795	-1,12,12,12	ok
-0.564128	-39.038076	-46.292983	0.740356	continued:5	1009021255905833795	-1,12,12,12	ok
-0.562124	-39.038076	-46.737069	0.737897	continued:5	1009021255905833795	-1,12,12,12	ok
-0.560120	-39.038076	-47.139133	0.735979	continued:5	1009021255905833795	-1,12,12,12	ok
-0.558116	-39.038076	-47.498936	0.734602	continued:5	1009021255905833795	-1,12,12,12	ok
-0.556112	-39.038076	-47.816342	0.733559	continued:5	1009021255905833795	-1,12,12,12	ok
-0.554108	-39.038076	-48.093532	0.732851	continued:5	1009021255905833795	-1,12,12,12	ok
-0.552104	-39.038076	-48.332664	0.732477	continued:5	1009021255905833795	-1,12,12,12	ok
-0.550100	-39.038076	-48.535905	0.732310	full	1009021255905833795	-1,12,12,12	ok
-0.548096	-39.038076	-46.370996	0.738390	continued:5	1009021255905833795	-1,12,12,12	ok
-0.546092	-39.038076	-46.808260	0.735931	continued:5	1009021255905833795	-1,12,12,12	ok
-0.544088	-39.038076	-47.203855	0.734013	continued:5	1009021255905833795	-1,12,12,12	ok
-0.542084	-39.038076	-47.557493	0.732557	continued:5	1009021255905833795	-1,12,12,12	ok
-0.540080	-39.038076	-47.869825	0.731514	continued:5	1009021255905833795	-1,12,12,12	ok
-0.538076	-39.038076	-48.142167	0.731013	continued:5	1009021255905833795	-1,12,12,12	ok
-0.536072	-39.038076	-48.374810	0.730639	continued:5	1009021255905833795	-1,12,12,12	ok
-0.534068	-39.038076	-48.572223	0.730472	full	1009021255905833795	-1,12,12,12	ok
-0.532064	-39.038076	-46.455492	0.736210	continued:5	1009021255905833795	-1,12,12,12	ok
-0.530060	-39.038076	-46.887028	0.733879	continued:5	1009021255905833795	-1,12,12,12	ok
-0.528056	-39.038076	-47.275715	0.732089	continued:5	1009021255905833795	-1,12,12,12	ok
-0.526052	-39.038076	-47.621535	0.730712	continued:5	1009021255905833795	-1,12,12,12	ok
-0.524048	-39.038076	-47.925880	0.729669	continued:5	1009021255905833795	-1,12,12,12	ok
-0.522044	-39.038076	-48.190965	0.729168	continued:5	1009021255905833795	-1,12,12,12	ok
-0.520040	-39.038076	-48.417065	0.728794	continued:5	1009021255905833795	-1,12,12,12	ok
-0.518036	-39.038076	-48.608626	0.728627	full	1009021255905833795	-1,12,12,12	ok
-0.516032	-39.038076	-46.089611	0.736691	continued:5	1009021255905833795	-1,12,12,12	ok
-0.514028	-39.038076	-46.555583	0.733898	continued:5	1009021255905833795	-1,12,12,12	ok
-0.512024	-39.038076	-46.978198	0.731645	continued:5	1009021255905833795	-1,12,12,12	ok
-0.510020	-39.038076	-47.357734	0.729855	continued:5	1009021255905833795	-1,12,12,12	ok
-0.508016	-39.038076	-47.695058	0.728478	continued:5	1009021255905833795	-1,12,12,12	ok
-0.506012	-39.038076	-47.991544	0.727563	continued:5	1009021255905833795	-1,12,12,12	ok
-0.504008	-39.038076	-48.248205	0.727062	continued:5	1009021255905833795	-1,12,12,12	ok
-0.502004	-39.038076	-48.466746	0.726895	continued:5	1009021255905833795	-1,12,12,12	ok
-0.500000	-39.038076	-48.649681	0.726521	full	1009021255905833795	-1,12,12,12	ok
