delta_x	delta_ca	lyap_dim	lambda1	lambda2	lambda3	lambda4	lambda5	lambda6	integrated_time	transient_time	converged	checks	spectrum_delta_last	dimension_delta_last	runtime_seconds	status	error
-1.500000000	-32.562814070	0	-5.00325445878e-05	-0.00010056939812	-0.000105052493996	-0.00273139333968	-0.0102995080001	-0.0160708865985	100009.250867	5000.000000	false	20	0.000144104762807	0	0.136987	ok	none
-1.494974874	-32.562814070	0	-5.00232297306e-05	-9.8999302426e-05	-0.000102842608467	-0.00270890948972	-0.0102903748595	-0.0160163598113	100018.842265	5000.000000	false	20	0.000142777399127	0	0.126907	ok	none
-1.489949749	-32.562814070	0	-5.0015848319e-05	-9.74289061915e-05	-0.000100417717017	-0.00270730343889	-0.0102815715133	-0.0159731818413	100001.450904	5000.000000	false	20	0.000142580444306	0	0.126081	ok	none
-1.484924623	-32.562814070	0	-5.00112306287e-05	-9.53711428249e-05	-9.8265930971e-05	-0.00270942598636	-0.0102734042101	-0.0159301743796	100063.874878	5000.000000	false	20	0.000142491567705	0	0.133119	ok	none
-1.479899497	-32.562814070	0	-5.0007682705e-05	-9.33174245615e-05	-9.59892899614e-05	-0.00271887644157	-0.0102680219166	-0.0158921940793	100076.494030	5000.000000	false	20	0.000142853293053	0	0.126228	ok	none
-1.474874372	-32.562814070	0	-5.00049801254e-05	-9.1528887393e-05	-9.34145668156e-05	-0.00273730401469	-0.0102662669663	-0.0158621955107	100018.137607	5000.000000	false	20	0.000143782680259	0	0.120945	ok	none
-1.469849246	-32.562814070	0	-5.00033286298e-05	-8.95688887012e-05	-9.0964349373e-05	-0.0027576202032	-0.0102650362931	-0.0158331495881	100038.079882	5000.000000	false	20	0.000144710445667	0	0.153922	ok	none
-1.464824121	-32.562814070	0	-5.00022295163e-05	-8.74516080356e-05	-8.85896336888e-05	-0.00277974503638	-0.0102637793744	-0.0158029162733	100059.542191	5000.000000	false	20	0.000145735321722	0	0.138190	ok	none
-1.459798995	-32.562814070	0	-5.00014590394e-05	-8.55013722095e-05	-8.60454188793e-05	-0.00280785993747	-0.0102642204385	-0.0157769345469	100042.521114	5000.000000	false	20	0.000147129799994	0	0.143325	ok	none
-1.454773869	-32.562814070	0	-5.00009838381e-05	-8.30937571613e-05	-8.38324108169e-05	-0.00283298579812	-0.0102616613546	-0.0157425079741	100074.533153	5000.000000	false	20	0.000148301751757	0	0.126787	ok	none
-1.449748744	-32.562814070	0	-5.00006379701e-05	-8.11290157977e-05	-8.12490484212e-05	-0.00286828091762	-0.0102614895134	-0.0157168270993	100037.338794	5000.000000	false	20	0.000150106249416	0	0.131338	ok	none
-1.444723618	-32.562814070	0	-5.00004172921e-05	-7.87250590837e-05	-7.90711327193e-05	-0.00290781881845	-0.0102583136916	-0.0156892716692	100003.319160	5000.000000	false	20	0.000152130745196	0	0.132008	ok	none
-1.439698492	-32.562814070	0	-5.00002762867e-05	-7.6178655379e-05	-7.70467401709e-05	-0.0029874899792	-0.0102151639616	-0.0156610065971	100059.988771	5000.000000	false	20	0.00015610986393	0	0.125741	ok	none
-1.434673367	-32.562814070	0	-5.0000181511e-05	-7.368897895e-05	-7.49098689815e-05	-0.00297675698594	-0.0102646995905	-0.0156294042532	100030.936647	5000.000000	false	20	0.000155500059151	0	0.122615	ok	none
-1.429648241	-32.562814070	0	-5.00001197708e-05	-7.13533446136e-05	-7.25591266263e-05	-0.00300358626988	-0.0102727234511	-0.0155906289704	100031.421814	5000.000000	false	20	0.00015680560517	0	0.127503	ok	none
-1.424623116	-32.562814070	0	-5.00000788848e-05	-6.88281569498e-05	-7.04556771929e-05	-0.00303600705755	-0.0102782359618	-0.0155538296269	100105.334678	5000.000000	false	20	0.000161824045518	0	0.133198	ok	none
-1.419597990	-32.562814070	0	-5.00000515245e-05	-6.62497973376e-05	-6.83989463418e-05	-0.0030746147207	-0.0102829290864	-0.0155160757688	100075.740074	5000.000000	false	20	0.000163829295212	0	0.145423	ok	none
-1.414572864	-32.562814070	0	-5.00000335516e-05	-6.3738612475e-05	-6.62495800593e-05	-0.0031133808417	-0.0102850176159	-0.0154722764017	100065.614392	5000.000000	false	20	0.000165805577978	0	0.139050	ok	none
-1.409547739	-32.562814070	0	-5.00000215063e-05	-6.12442202919e-05	-6.40694284871e-05	-0.00315240470749	-0.0102847203133	-0.0154226647053	100071.565535	5000.000000	false	20	0.000167760478811	0	0.135618	ok	none
-1.404522613	-32.562814070	0	-5.00000133758e-05	-5.86417168576e-05	-6.20193090712e-05	-0.00319389109932	-0.0102831067545	-0.015370255328	100077.938625	5000.000000	false	20	0.000169835076228	0	0.141722	ok	none
-1.399497487	-32.562814070	0	-5.00000079879e-05	-5.63839111066e-05	-5.95415005648e-05	-0.0032322289631	-0.0102767689283	-0.015303565776	100036.157181	5000.000000	false	20	0.000168050251732	0	0.156658	ok	none
-1.394472362	-32.562814070	0	-5.0000003934e-05	-5.38198846544e-05	-5.74142936537e-05	-0.00326958809251	-0.0102677171879	-0.0152322931361	100098.588477	5000.000000	false	20	0.000173536007949	0	0.141891	ok	none
-1.389447236	-32.562814070	0	-5.00000010474e-05	-5.11709111819e-05	-5.54263867858e-05	-0.00331407832544	-0.0102580392503	-0.015159553426	100051.968664	5000.000000	false	20	0.000175813782473	0	0.140952	ok	none
-1.384422111	-32.562814070	0	-4.87448027096e-05	-4.99999988562e-05	-5.3124817246e-05	-0.00334957922918	-0.0102381035455	-0.0150641906632	100080.628473	5000.000000	false	20	0.000177439467184	0	0.145079	ok	none
-1.379396985	-32.562814070	0	-4.64066860989e-05	-4.99999970738e-05	-5.07576346911e-05	-0.00339333047437	-0.010211421758	-0.0149553906038	100027.886391	5000.000000	false	20	0.000175680720888	0	0.142507	ok	none
-1.374371859	-32.562814070	0	-4.39160550688e-05	-4.85602691721e-05	-4.9999995153e-05	-0.00339293993902	-0.010202395227	-0.0148479815376	100010.976223	5000.000000	false	20	0.000175410429085	0	0.147411	ok	none
-1.369346734	-32.562814070	0	-4.14747325444e-05	-4.62425711812e-05	-4.99999937682e-05	-0.00338665206144	-0.0101629252547	-0.0147217943328	100076.854782	5000.000000	false	20	0.000178525330401	0	0.135777	ok	none
-1.364321608	-32.562814070	0	-3.89585502391e-05	-4.40592451631e-05	-4.99999915241e-05	-0.00337881188095	-0.0100787925861	-0.014619398071	100070.224369	5000.000000	false	20	0.000177712951785	0	0.120528	ok	none
-1.359296482	-32.562814070	0	-3.66884673651e-05	-4.15956000462e-05	-4.99999892169e-05	-0.00333608575834	-0.0099918753188	-0.0144977206582	100042.302809	5000.000000	false	20	0.000175026429256	0	0.121225	ok	none
-1.354271357	-32.562814070	0	-3.39699900302e-05	-3.96053520395e-05	-4.99999851638e-05	-0.00325010549747	-0.00992106485725	-0.014346297485	100085.654332	5000.000000	false	20	0.000169847922391	0	0.119837	ok	none
-1.349246231	-32.562814070	0	-3.18301298646e-05	-3.70124248808e-05	-4.99999795266e-05	-0.00313998175116	-0.00973054976821	-0.0142688116132	100018.451442	5000.000000	false	20	0.000159990797174	0	0.117721	ok	none
-1.344221106	-32.562814070	0	-2.93142132041e-05	-3.4764099853e-05	-4.9999972474e-05	-0.0029049098425	-0.00957054943134	-0.0141962982823	100062.522964	5000.000000	false	20	0.000150541317899	1.03568500645	0.116007	ok	none
-1.339195980	-32.562814070	0	-2.7582608573e-05	-3.16788532031e-05	-4.99999656348e-05	-0.00256308379425	-0.00936787853949	-0.0141865014519	100012.761796	5000.000000	false	20	0.000129148471071	0	0.114709	ok	none
-1.334170854	-32.562814070	0	-2.52127140698e-05	-2.92590483822e-05	-4.99999457014e-05	-0.00204848279721	-0.00927311715013	-0.0141834228673	100029.491592	5000.000000	false	20	0.000104709076921	1.12743805527	0.147827	ok	none
-1.329145729	-32.562814070	0	-1.60948499487e-05	-3.34176049475e-05	-4.99998985012e-05	-0.0017227692412	-0.00928816228034	-0.0141833624333	80028.824306	5000.000000	true	16	0.000105942833612	0	0.109922	ok	none
-1.324120603	-32.562814070	0	-1.71105639058e-05	-2.74664650773e-05	-4.99998259375e-05	-0.00106318950854	-0.00927927143374	-0.0141777604517	80021.616678	5000.000000	true	16	6.35067359171e-05	0	0.097962	ok	none
-1.319095477	-32.562814070	0	-8.08169067686e-06	-3.14469241059e-05	-4.99996305766e-05	-0.000848753750992	-0.00926815391865	-0.0141764461222	75021.179171	5000.000000	true	15	5.18653550118e-05	0	0.098174	ok	none
-1.314070352	-32.562814070	0	-1.15265983383e-05	-2.25537398725e-05	-4.99987797043e-05	-0.00153013497093	-0.00924615673852	-0.0141853739496	65027.665267	5000.000000	true	13	8.14599995257e-05	0	0.092086	ok	none
-1.309045226	-32.562814070	1.20764079726	7.6423495652e-06	-3.68056261881e-05	-4.99974836159e-05	-0.00238447630437	-0.00926090812164	-0.0141888767998	100020.624138	5000.000000	false	20	0.000100526072129	0.0663443385203	0.111777	ok	none
-1.304020101	-32.562814070	0	-2.839756002e-06	-2.05572002235e-05	-4.99694595372e-05	-0.00474780218653	-0.00927539373177	-0.0141969718534	100007.685941	5000.000000	false	20	0.000175104505324	1.51584436617	0.126875	ok	none
-1.298994975	-32.562814070	1.2299194322	5.02719554168e-06	-2.18650311271e-05	-4.9968395404e-05	-0.00750931103148	-0.0101246158473	-0.0142034390295	100053.893915	5000.000000	false	20	0.000192580875115	0.428825542658	0.117122	ok	none
-1.293969849	-32.562814070	1.53490494994	1.00250709488e-05	-1.87417801047e-05	-4.99978086599e-05	-0.00931057102834	-0.0126704463989	-0.0147740087326	100064.079100	5000.000000	false	20	0.000175083838713	0.227629302631	0.124725	ok	none
-1.288944724	-32.562814070	2.06433149336	3.92196074257e-06	-7.05428483256e-07	-4.99993407784e-05	-0.00931577900313	-0.0142832208623	-0.0191031621808	100011.390522	5000.000000	false	20	2.18222309935e-05	0.0447548896696	0.135897	ok	none
-1.283919598	-32.562814070	2.81288239003	3.13340551945e-05	9.30978413228e-06	-4.99996553316e-05	-0.00933507032124	-0.0143004953641	-0.0249871323521	100018.912538	5000.000000	false	20	0.000279798892989	0.0163288102331	0.159217	ok	none
-1.278894472	-32.562814070	3.01072766324	0.000114081824863	3.59320395272e-05	-4.99998745813e-05	-0.00932299864182	-0.0143548927798	-0.0272335412507	75030.285439	5000.000000	true	15	9.66048941507e-05	0.00175135666586	0.154132	ok	none
-1.273869347	-32.562814070	3.00425530914	0.000101555908688	-1.22199559937e-05	-4.99999366441e-05	-0.00924398551233	-0.014337957804	-0.0270566815285	70085.726047	5000.000000	true	14	7.68089144073e-05	0.00290634967021	0.150466	ok	none
-1.268844221	-32.562814070	3.0036422414	8.01410559074e-05	3.51349688953e-06	-4.99999862759e-05	-0.00924007029446	-0.0143035195521	-0.0215627834636	100065.434098	5000.000000	false	20	0.000231907460629	0.000490962748636	0.197298	ok	none
-1.263819095	-32.562814070	3.02449856831	0.000264640921045	7.59146244673e-06	-4.99999937005e-05	-0.00907123987722	-0.0144438529215	-0.0290283292477	70047.429632	5000.000000	true	14	0.000145631263312	0.00194129472536	0.237090	ok	none
-1.258793970	-32.562814070	3.01079157736	0.000103672326762	4.56371389843e-05	-5.00000375069e-05	-0.00920249421594	-0.0143620688006	-0.0269682941838	80040.776454	5000.000000	true	16	8.45332294126e-05	0.000260795414525	0.201496	ok	none
-1.253768844	-32.562814070	3.00678656467	9.64279961826e-05	1.61866325904e-05	-4.99999996032e-05	-0.00922626280802	-0.0143520371345	-0.0262343198498	75038.859390	5000.000000	true	15	5.78410463899e-05	0.000617450153729	0.164190	ok	none
-1.248743719	-32.562814070	3.00188167405	6.85282563237e-05	-1.18996609999e-06	-4.99999998363e-05	-0.00921429001421	-0.0135319241712	-0.0211147640222	100061.474236	5000.000000	false	20	9.30967597811e-05	0.000312181849019	0.188183	ok	none
-1.243718593	-32.562814070	3.00720305061	6.02738967674e-05	5.56777739983e-05	-5.00002267473e-05	-0.00915604340306	-0.0144250507432	-0.0239834949888	60007.622202	5000.000000	true	12	5.78658965717e-05	8.54092426645e-05	0.142032	ok	none
-1.238693467	-32.562814070	3.00838311285	0.00012424352526	2.98089818727e-06	-4.99999999537e-05	-0.00921190312801	-0.014122580439	-0.0254877564477	100035.541176	5000.000000	false	20	0.000136529904533	0.000234181112301	0.326094	ok	none
-1.233668342	-32.562814070	3.01164231606	0.000120398065819	3.69176289747e-05	-4.9999999816e-05	-0.00921772733218	-0.0144421460877	-0.0259592538852	75034.230746	5000.000000	true	15	7.89344317473e-05	0.00313775180394	0.197075	ok	none
-1.228643216	-32.562814070	3.01230659056	0.000141027995353	2.24634169997e-05	-5.00000001675e-05	-0.00922200276932	-0.014525863729	-0.0279033831385	100054.649724	5000.000000	true	20	0.000143566272755	0.000471622451355	0.338568	ok	none
-1.223618090	-32.562814070	3.01928207796	0.000173848355117	5.14031350716e-05	-5.00000006879e-05	-0.00908882797029	-0.0144679471079	-0.0284305854744	60033.301217	5000.000000	true	12	6.65327445166e-05	0.000701983636568	0.180344	ok	none
-1.218592965	-32.562814070	3.009356455	0.00011401738127	2.20884408729e-05	-4.99999999358e-05	-0.00920282545399	-0.0143771971077	-0.0258253653795	100029.855507	5000.000000	true	20	0.000106004047978	0.000201313548018	0.317148	ok	none
-1.213567839	-32.562814070	3.02510968293	0.000221555557849	5.86557091396e-05	-5.00001921586e-05	-0.00916821910706	-0.0144628796147	-0.0290209491965	80016.306537	5000.000000	true	16	0.000266281653984	0.0045826752271	0.247428	ok	none
-1.208542714	-32.562814070	3.00763212868	0.000104844413746	1.49273422078e-05	-4.99999998075e-05	-0.00914184745813	-0.0142414540124	-0.0244124094214	100035.801438	5000.000000	true	20	2.8423804904e-05	1.26937594804e-05	0.241954	ok	none
-1.203517588	-32.562814070	3.00886364447	8.59906216621e-05	4.52009921868e-05	-5.00000104264e-05	-0.00916006995804	-0.0143791886498	-0.0257509905171	95029.095495	5000.000000	true	19	0.000135238214589	0.000480608109218	0.292190	ok	none
-1.198492462	-32.562814070	3.01275315818	0.000119366639715	4.6932316057e-05	-4.99999999846e-05	-0.00911922789148	-0.0144015266663	-0.0268835051841	65063.927868	5000.000000	true	13	2.02973932627e-05	0.000777032427547	0.191025	ok	none
-1.193467337	-32.562814070	3.00518244512	6.13793953811e-05	3.61714483711e-05	-5.0000000157e-05	-0.00917536848461	-0.0143148446272	-0.0236335459391	100004.624711	5000.000000	false	20	9.61358722637e-05	0.00114130379921	0.209066	ok	none
-1.188442211	-32.562814070	3.00862567193	8.79791554123e-05	4.03509716255e-05	-5.0000331852e-05	-0.00908100792812	-0.0143702071782	-0.0252800380925	100037.090142	5000.000000	false	20	0.000201246909826	0.000368846604592	0.252458	ok	none
-1.183417085	-32.562814070	3.01202429486	0.000115893343747	4.51115896679e-05	-5.00000019386e-05	-0.00923172067975	-0.0145047506147	-0.0274948279257	80009.710745	5000.000000	true	16	0.000115186752075	0.000251806388273	0.268140	ok	none
-1.178391960	-32.562814070	3.0141665593	0.000139874775598	4.1708826982e-05	-5.00000152655e-05	-0.00928832361506	-0.0145870766253	-0.0300354073416	95004.634897	5000.000000	true	19	4.07836920036e-05	0.00308078853447	0.371780	ok	none
-1.173366834	-32.562814070	3.01911761728	0.000178086925785	4.73154505974e-05	-5.00000183341e-05	-0.00917490686689	-0.0145538445728	-0.0297518335536	100022.608092	5000.000000	false	20	0.000322430923544	0.00177014599108	0.355240	ok	none
-1.168341709	-32.562814070	3.02040632166	0.00021958502269	1.66333026688e-05	-5.00000006698e-05	-0.00912552138435	-0.0145987617412	-0.0311985064387	100042.303566	5000.000000	false	20	0.000843329236764	0.000557124182223	0.457658	ok	none
-1.163316583	-32.562814070	3.02384818611	0.000222246842412	4.95849929446e-05	-5.00000004436e-05	-0.00930183259631	-0.0146311673098	-0.0315707041602	100002.002234	5000.000000	false	20	0.000883895997863	0.00183297961298	0.431553	ok	none
-1.158291457	-32.562814070	3.01275882132	0.000100804112045	6.57482571472e-05	-5.00000037287e-05	-0.00913504175126	-0.0143944264158	-0.0259921748549	60064.671876	5000.000000	true	12	0.000205351917307	0.000501014741336	0.152677	ok	none
-1.153266332	-32.562814070	3.01939970745	0.000180032690552	4.6342502215e-05	-4.99999997161e-05	-0.00909164189903	-0.0144931963925	-0.02819825924	100025.940632	5000.000000	true	20	6.39945335627e-05	0.00352862739015	0.318844	ok	none
-1.148241206	-32.562814070	3.01677073484	0.000164373536985	4.1027875059e-05	-5.00000128233e-05	-0.0092662248079	-0.0146154487049	-0.0312455638117	95017.875041	5000.000000	true	19	7.67395646302e-05	0.000548288291978	0.497384	ok	none
-1.143216080	-32.562814070	3.02219258131	0.000191808706646	6.52071441036e-05	-5.00005638416e-05	-0.00932813015466	-0.0146235869269	-0.0309737169849	75042.179431	5000.000000	true	15	0.000162653584717	0.000648213757337	0.311592	ok	none
-1.138190955	-32.562814070	3.02310545971	0.00021887656823	4.02635185058e-05	-5.00000668967e-05	-0.00905154117078	-0.0144645947315	-0.0279948333641	100016.435708	5000.000000	false	20	0.000178359002617	0.000608659550949	0.299573	ok	none
-1.133165829	-32.562814070	3.0239670603	0.000232181564689	3.70472223902e-05	-5.00000070746e-05	-0.00914708676151	-0.0146511779719	-0.0316829938172	100008.859692	5000.000000	false	20	8.83360612075e-05	7.60396008102e-05	0.446241	ok	none
-1.128140704	-32.562814070	3.01977800444	0.00020193223087	2.64355272416e-05	-4.99999997596e-05	-0.00901849116634	-0.0145589702408	-0.0295806532436	100009.327527	5000.000000	false	20	0.000268307429748	0.000666670886358	0.395771	ok	none
-1.123115578	-32.562814070	3.01284198702	9.70679971285e-05	6.91470648421e-05	-5.00000002841e-05	-0.0090496168156	-0.0144149388254	-0.0256809151142	50067.731792	5000.000000	true	10	0.00021485192646	0.0020530659012	0.143472	ok	none
-1.118090452	-32.562814070	3.01457426319	0.000151989549701	3.3732909717e-05	-5.00000013684e-05	-0.00931247475558	-0.0147618666967	-0.0341107827406	100016.919324	5000.000000	false	20	0.000334099887122	0.000635314079512	0.600214	ok	none
-1.113065327	-32.562814070	3.0219077437	0.0001797465574	6.7784724417e-05	-5.0000005296e-05	-0.00901650481364	-0.0144458913517	-0.0270730913507	75031.477094	5000.000000	true	15	0.000189640403872	0.000193869532936	0.241398	ok	none
-1.108040201	-32.562814070	3.02255512413	0.00021753914083	3.75689897906e-05	-5.00000157555e-05	-0.00909363715764	-0.0146129749984	-0.0316924621671	95025.993798	5000.000000	true	19	5.77954656034e-05	0.00369955607315	0.449023	ok	none
-1.103015075	-32.562814070	3.01621120533	0.000165195151349	3.9136434842e-05	-5.0000003906e-05	-0.00952005598162	-0.014955971344	-0.0378243782675	100010.163298	5000.000000	false	20	0.000730405385579	0.000794513733901	0.716124	ok	none
-1.097989950	-32.562814070	3.01853309388	0.000178272614802	3.94287828809e-05	-5.0000038972e-05	-0.00904875137555	-0.0146726201498	-0.0321616773628	100018.933733	5000.000000	false	20	0.0010877596877	0.00258552763734	0.503437	ok	none
-1.092964824	-32.562814070	3.03015920479	0.000280393678516	4.17386162129e-05	-5.00000021011e-05	-0.00902319190785	-0.0146523900457	-0.0319295566204	85017.894086	5000.000000	true	17	0.000279184842931	0.000520342302951	0.431305	ok	none
-1.087939698	-32.562814070	3.02157237536	0.00019201470439	5.68636060179e-05	-5.00002008636e-05	-0.00921911037654	-0.0146861412012	-0.0323195880853	75018.921020	5000.000000	true	15	5.48048713535e-05	0.00174261237772	0.372634	ok	none
-1.082914573	-32.562814070	3.01924730189	0.000186968491077	4.24441458013e-05	-4.99999993675e-05	-0.00932144352052	-0.0148182074672	-0.0352771366845	85053.552923	5000.000000	true	17	0.000138631706189	1.62573601576e-05	0.550606	ok	none
-1.077889447	-32.562814070	3.02024202584	0.000198725737861	4.01136283805e-05	-5.00001172054e-05	-0.00932906866786	-0.014820601178	-0.0353354629592	100057.166201	5000.000000	false	20	0.000210840441684	0.00163670968637	0.601332	ok	none
-1.072864322	-32.562814070	3.02594050582	0.000249672862405	4.06535566766e-05	-4.99999994769e-05	-0.00926452326102	-0.0147858359108	-0.0338504928617	100006.066584	5000.000000	false	20	0.00112743604448	0.000483857467024	0.573525	ok	none
-1.067839196	-32.562814070	3.01079433667	0.000114271002878	3.88115483669e-05	-5.00000001089e-05	-0.00954968834775	-0.0149296118727	-0.037306442931	100026.966112	5000.000000	false	20	0.000263295670782	0.00232636411176	0.692772	ok	none
-1.062814070	-32.562814070	3.01749703218	0.000175841590214	3.63895234252e-05	-4.99999993791e-05	-0.00927192180844	-0.0148048326782	-0.0350874230248	100031.354706	5000.000000	false	20	0.000345169385231	0.000124916162794	0.662949	ok	none
-1.057788945	-32.562814070	3.0194253191	0.000191540451188	3.74953155539e-05	-4.99999993048e-05	-0.00921661912063	-0.0148095871538	-0.0351682359064	100008.122681	5000.000000	false	20	0.000613257903408	0.00174402827437	0.637746	ok	none
-1.052763819	-32.562814070	3.01793483431	0.000182486522217	3.49481169007e-05	-5.00000002576e-05	-0.00933572265054	-0.014869357536	-0.0364628772942	100063.208068	5000.000000	false	20	0.000457174335999	0.00069788629181	0.648824	ok	none
-1.047738693	-32.562814070	3.01776886113	0.000186444915023	3.38809002289e-05	-4.99999991079e-05	-0.00958563494133	-0.0149903700556	-0.0386170151979	100008.707510	5000.000000	false	20	0.000622786252248	0.000988107563448	0.833138	ok	none
-1.042713568	-32.562814070	3.02607358422	0.000241856189517	4.25784612035e-05	-5.00000067376e-05	-0.00899127032249	-0.0147020616863	-0.0326019931685	100003.775617	5000.000000	false	20	0.000262207863805	0.00242174079069	0.527820	ok	none
-1.037688442	-32.562814070	3.02938039606	0.000279755137011	3.41184998982e-05	-4.99999993056e-05	-0.00898128252187	-0.0146950427562	-0.0323351977509	100021.782975	5000.000000	false	20	7.91204330357e-05	0.000557460134646	0.536592	ok	none
-1.032663317	-32.562814070	3.01764715604	0.000188433983565	2.6264367657e-05	-4.99999991984e-05	-0.00933285519931	-0.0148967700128	-0.0368423124237	100020.336344	5000.000000	false	20	0.000192822817985	0.0027027326638	0.731008	ok	none
-1.027638191	-32.562814070	3.01706509877	0.000140680410583	6.83145914824e-05	-5.0000002299e-05	-0.00931696920524	-0.0148488217431	-0.0354561207692	100003.249398	5000.000000	false	20	0.000511472603535	0.00397877110975	0.534987	ok	none
-1.022613065	-32.562814070	3.0174282685	0.00014020044709	7.70810293007e-05	-4.9999998809e-05	-0.00959828439355	-0.0150517890969	-0.0395466059302	100005.049422	5000.000000	false	20	0.000310019667636	0.00125512136958	0.735404	ok	none
-1.017587940	-32.562814070	3.01424784127	0.000127297688845	5.66831516431e-05	-5.000003466e-05	-0.00940358635995	-0.0149492750846	-0.0379764414386	100012.271796	5000.000000	true	20	0.000105735355372	0.000576783709261	0.755359	ok	none
-1.012562814	-32.562814070	3.01402536723	9.90208868576e-05	7.98013100591e-05	-5.00017697682e-05	-0.00918481669736	-0.0148375001035	-0.035292712928	100021.061046	5000.000000	false	20	0.000639668535769	0.00175202332652	0.653636	ok	none
-1.007537688	-32.562814070	3.01595082124	0.000169091696674	3.08004504955e-05	-5.0000001324e-05	-0.00939714285261	-0.0149504611241	-0.0379224428262	100055.959429	5000.000000	false	20	0.000388023761871	0.00262362073125	0.763133	ok	none
-1.002512563	-32.562814070	3.01858698384	0.000198032299347	2.8412469222e-05	-4.99999992265e-05	-0.00949292100747	-0.0150278326956	-0.0392904750482	100006.184734	5000.000000	false	20	0.000735446957652	0.000765109308401	0.727267	ok	none
-0.997487437	-32.562814070	3.02962804474	0.000291842451144	2.91861229568e-05	-5.00001937413e-05	-0.0091476971466	-0.0148858566136	-0.036696440452	100018.270750	5000.000000	false	20	0.000212137790918	0.00067352619127	0.695894	ok	none
-0.992462312	-32.562814070	3.01875501996	0.000223398932277	-3.13298654565e-06	-4.99999997586e-05	-0.0090784198752	-0.0147729303714	-0.0335071061949	100016.731673	5000.000000	false	20	0.000180219732209	0.000968702292031	0.682048	ok	none
-0.987437186	-32.562814070	3.02615855381	0.000260680762182	2.90043263737e-05	-5.00002852603e-05	-0.00916276966491	-0.01474832223	-0.0315671610197	95002.787030	5000.000000	true	19	0.000190396476036	0.00012032263479	0.442455	ok	none
-0.982412060	-32.562814070	3.01890382031	0.000199079890686	2.54246004064e-05	-5.00003539591e-05	-0.00923115720869	-0.0147977207423	-0.0337092798041	100017.519371	5000.000000	false	20	0.000124751502834	0.00370871635919	0.653706	ok	none
-0.977386935	-32.562814070	3.01876214045	0.0002014752286	1.75494352266e-05	-5.00000598698e-05	-0.00900881242139	-0.0147499981093	-0.0331094512871	100010.709676	5000.000000	false	20	0.000203778858929	0.00515018402395	0.562646	ok	none
-0.972361809	-32.562814070	3.01407311406	0.000175624202145	8.57250528134e-06	-4.99999993965e-05	-0.00953567969801	-0.0149687549102	-0.0367061568653	100002.048231	5000.000000	false	20	0.000176487927225	0.00137447334712	0.691819	ok	none
-0.967336683	-32.562814070	3.0142369137	0.000176909933533	9.72721811774e-06	-4.99999988761e-05	-0.00959738575836	-0.0150532394604	-0.0394742248873	100000.246032	5000.000000	false	20	0.000855243655652	1.11130080525e-05	0.832609	ok	none
-0.962311558	-32.562814070	3.0222545147	0.000242971181033	1.3049948985e-05	-4.99999977652e-05	-0.0092574983093	-0.0149734889639	-0.0377927440164	100005.809854	5000.000000	false	20	0.000939850655691	0.00155299682171	0.706661	ok	none
-0.957286432	-32.562814070	3.01015060628	0.000132906610046	1.44369414044e-05	-4.99999966083e-05	-0.0095899251877	-0.015082667371	-0.0399704864785	100001.130924	5000.000000	false	20	0.000415914014979	0.000441373834005	0.780499	ok	none
-0.952261307	-32.562814070	3.0148665171	0.000150068191491	3.45445579958e-05	-5.0000050054e-05	-0.00905475697433	-0.0148546587714	-0.0343846001353	100010.519400	5000.000000	false	20	0.000474264513329	0.00225558975553	0.549182	ok	none
-0.947236181	-32.562814070	3.00708851246	0.000115217164837	2.42982320036e-06	-5.00000989318e-05	-0.00954317135799	-0.0151301518859	-0.0414401723018	100013.248636	5000.000000	false	20	0.000395921851572	0.00480324347124	0.761927	ok	none
-0.942211055	-32.562814070	3.00721127257	0.000113925432398	2.4942736951e-06	-4.99999849648e-05	-0.00921054093058	-0.0149162404591	-0.0361710156951	100029.923302	5000.000000	false	20	0.000743419515342	0.00295646431421	0.656868	ok	none
-0.937185930	-32.562814070	3.00299114958	6.36400504262e-05	1.54025997623e-05	-4.99999825995e-05	-0.00970953368237	-0.0151660968448	-0.0419981842278	100019.242130	5000.000000	false	20	0.000248901061278	0.00152616562951	0.817974	ok	none
-0.932160804	-32.562814070	3.01698591306	0.000195566620789	1.49451561716e-05	-4.9999960108e-05	-0.00944970201511	-0.015063858662	-0.0394930449743	100005.209345	5000.000000	false	20	0.000587124705725	0.000819649241575	0.774493	ok	none
-0.927135678	-32.562814070	3.02616425322	0.000278802609688	1.46734075637e-05	-4.99999484953e-05	-0.00930567621219	-0.0151068319917	-0.0402451965659	100002.027485	5000.000000	false	20	0.000548807602746	0.000179522854812	0.795443	ok	none
-0.922110553	-32.562814070	3.00921990219	0.000103705611832	3.56233079869e-05	-4.99999870752e-05	-0.00968870720071	-0.0152289890035	-0.0430056857567	100002.360265	5000.000000	false	20	0.000177447872111	0.00454231771402	0.889492	ok	none
-0.917085427	-32.562814070	3.0075510068	0.000123157250732	-1.8040671652e-06	-4.99999073099e-05	-0.00944950496205	-0.0151373885416	-0.0415112424173	100000.679068	5000.000000	false	20	0.000136221548032	0.00495318592574	0.799755	ok	none
-0.912060302	-32.562814070	3.00079703799	4.4890560135e-05	1.28045839922e-05	-4.99998909358e-05	-0.00965481350207	-0.0151695070385	-0.0419719855649	100008.701236	5000.000000	false	20	0.000178843386896	0.00512690440893	0.845804	ok	none
-0.907035176	-32.562814070	3.01263521485	0.000154968080848	1.26927091818e-05	-4.99999144531e-05	-0.00931213888909	-0.0150610679995	-0.0395563890598	100029.940189	5000.000000	false	20	9.53132391062e-05	0.0029048066148	0.737244	ok	none
-0.902010050	-32.562814070	3.00691078049	0.000108836254575	7.08898291095e-06	-4.99999232699e-05	-0.00953948896772	-0.0151907354571	-0.0424773258441	100021.569180	5000.000000	false	20	0.000231120517585	0.000710996685384	0.819047	ok	none
-0.896984925	-32.562814070	3.00308339517	7.41232388835e-05	5.81545049853e-06	-4.99999999944e-05	-0.00970965049124	-0.0151794046959	-0.0407411236799	100001.477846	5000.000000	false	20	0.00041397810314	0.0020610461303	0.799424	ok	none
-0.891959799	-32.562814070	2.45918039247	2.11844181596e-05	1.77461536399e-06	-5.0000030272e-05	-0.0096655148725	-0.0152036363283	-0.0425629189863	100018.131641	5000.000000	false	20	0.000341265019288	0.54297280017	0.881750	ok	none
-0.886934673	-32.562814070	3.00298940936	6.57625652117e-05	1.36196298997e-05	-4.99999999067e-05	-0.00982876269929	-0.0152671800738	-0.0436148679635	100001.702766	5000.000000	false	20	0.000508161435955	0.00166592529793	0.918213	ok	none
-0.881909548	-32.562814070	3.0042589541	5.7361728148e-05	3.32433733883e-05	-5.00001616305e-05	-0.00953401678977	-0.0151615207774	-0.0412340780667	100025.981436	5000.000000	false	20	0.00037597898392	0.00247199663386	0.748520	ok	none
-0.876884422	-32.562814070	3.00065288096	4.0241852136e-05	1.62224412806e-05	-4.99999998723e-05	-0.00990118246772	-0.0152684463498	-0.0433912581195	100004.827322	5000.000000	false	20	0.000381524521808	0.259586140178	0.870443	ok	none
-0.871859296	-32.562814070	3.00012952326	2.57706203731e-05	2.5477961653e-05	-5.00000042697e-05	-0.00963979538243	-0.0151973565595	-0.0423926970003	100044.883121	5000.000000	false	20	0.000511108803508	0.466414313378	0.801216	ok	none
-0.866834171	-32.562814070	3.00741874196	0.000104652580833	1.77758447674e-05	-4.99999998578e-05	-0.0097628986367	-0.0152528020566	-0.043165586891	100000.085836	5000.000000	false	20	0.000368128461278	0.00135137203883	0.851123	ok	none
-0.861809045	-32.562814070	3.00714003677	0.000102919807555	1.6572907154e-05	-4.99999998623e-05	-0.00973282310356	-0.0152587371596	-0.0433981416325	100002.530233	5000.000000	false	20	0.000646237664987	1.72554563083e-06	0.818487	ok	none
-0.856783920	-32.562814070	3.0075050889	8.32257191885e-05	3.75244576694e-05	-5.00000000755e-05	-0.00942696052103	-0.015156399533	-0.0415830742891	100020.671791	5000.000000	false	20	0.000225934201883	0.00634781947009	0.893336	ok	none
-0.851758794	-32.562814070	3.00576504068	8.00355134332e-05	2.48679982062e-05	-5.00000000611e-05	-0.00952352544208	-0.0152090625859	-0.0425860044477	100014.375558	5000.000000	false	20	0.000922983354568	0.00051226862804	0.793226	ok	none
-0.846733668	-32.562814070	3.00625200141	8.34751617207e-05	2.70290997577e-05	-4.9999999852e-05	-0.00967758285005	-0.0152728530456	-0.0437598941309	100012.038350	5000.000000	false	20	0.000734668611199	0.00203887939074	0.909436	ok	none
-0.841708543	-32.562814070	3.00348581307	4.65466588832e-05	3.73569960418e-05	-5.00000035512e-05	-0.00972618171425	-0.0152721430372	-0.0436451037422	100008.696665	5000.000000	false	20	0.000618245352395	0.000758882089773	0.848604	ok	none
-0.836683417	-32.562814070	3.00137579983	3.55484675943e-05	2.78707888902e-05	-4.99999998599e-05	-0.00975378563804	-0.0152795162114	-0.0437543978818	100008.220774	5000.000000	false	20	0.00075663195769	2.69429748285e-05	0.980340	ok	none
-0.831658291	-32.562814070	3.00115910903	3.82838578629e-05	2.29948754942e-05	-5.00000122311e-05	-0.00973050919814	-0.0152803822402	-0.0437389085198	100021.100438	5000.000000	false	20	0.000914739556324	0.000267210732678	0.855415	ok	none
-0.826633166	-32.562814070	3.00202273671	4.85410857883e-05	2.07314919806e-05	-5.00000146837e-05	-0.00952796425504	-0.0152788260462	-0.0439384131209	100012.261298	5000.000000	false	20	0.00061537958581	0.00823779912342	0.914053	ok	none
-0.821608040	-32.562814070	3.00361105497	6.0317844416e-05	2.45043854466e-05	-4.99999998745e-05	-0.00964322898932	-0.0152707532017	-0.0436618194464	100000.196546	5000.000000	false	20	0.000753465867909	0.00133548746427	0.931765	ok	none
-0.816582915	-32.562814070	3.00276129593	6.13889629502e-05	1.51149405277e-05	-4.99999998798e-05	-0.00959835680203	-0.0152861134919	-0.0438488510733	100000.306697	5000.000000	false	20	0.00073774583586	0.700651741309	0.946583	ok	none
-0.811557789	-32.562814070	2.88918691865	3.55606627052e-05	8.89869077998e-06	-5.00000084941e-05	-0.00974004627555	-0.015276843089	-0.0437352031665	100004.221962	5000.000000	false	20	0.000606280511835	0.240020303322	0.847502	ok	none
-0.806532663	-32.562814070	2.51199531772	2.91174766061e-05	-3.51767359904e-06	-5.00000725026e-05	-0.00979711608985	-0.0152973534062	-0.0439321265559	100000.853613	5000.000000	false	20	0.000896460446449	0.158238246032	0.880214	ok	none
-0.801507538	-32.562814070	2.42443233542	3.63130628532e-05	-1.50913714148e-05	-5.00001759229e-05	-0.00964247319996	-0.0152953737776	-0.0440904130801	100020.298537	5000.000000	false	20	0.000846635961896	0.237467903256	0.898011	ok	none
-0.796482412	-32.562814070	2.45549043396	1.1745323616e-05	1.10292077601e-05	-5.00000212482e-05	-0.00958365738787	-0.015299713572	-0.0442718272774	100045.806405	5000.000000	false	20	0.000281293731645	0.547818288106	0.958985	ok	none
-0.791457286	-32.562814070	2.23604661836	2.21634648015e-05	-1.03610760845e-05	-5.00002448624e-05	-0.00960042868134	-0.01530155582	-0.0442384563411	100030.454228	5000.000000	false	20	0.00028035415563	0.766679828083	1.033551	ok	none
-0.786432161	-32.562814070	2.39154398632	1.1510946139e-05	8.06625518128e-06	-5.00000051194e-05	-0.0095664305506	-0.0153016853541	-0.0443112578737	100009.571823	5000.000000	false	20	0.000144673745246	0.609264861834	0.964317	ok	none
-0.781407035	-32.562814070	2.12592831959	1.25640382255e-05	-6.2675535851e-06	-5.00005452389e-05	-0.00956685205408	-0.0153026774949	-0.0443151320837	100034.045780	5000.000000	false	20	0.000137426087179	0.642737842704	0.924308	ok	none
-0.776381910	-32.562814070	0	-5.40137483641e-06	-7.57484396159e-06	-5.00003195379e-05	-0.0095479000201	-0.0153037334953	-0.0443364833052	100041.733412	5000.000000	false	20	0.000146023146104	2.55380118431	0.879887	ok	none
-0.771356784	-32.562814070	0	-4.51666707616e-06	-5.00002096042e-05	-5.44505717155e-05	-0.00950162586005	-0.0153047733671	-0.0443493201265	100045.350354	5000.000000	false	20	0.000174669501701	2.72662740821	0.914481	ok	none
-0.766331658	-32.562814070	0	-4.10095522219e-06	-3.0345361938e-05	-5.00001740489e-05	-0.00952650862888	-0.0153061072939	-0.0443769164173	100042.533567	5000.000000	false	20	0.000181004640659	2.2563030273	0.881562	ok	none
-0.761306533	-32.562814070	0	-3.56947520158e-06	-4.77077820951e-05	-5.00001633914e-05	-0.00951291442104	-0.0153077057446	-0.0443935763872	100001.513929	5000.000000	false	20	0.000171414033496	1.55547483914	0.936341	ok	none
-0.756281407	-32.562814070	0	-2.49439772983e-06	-4.3188843591e-05	-5.00001329371e-05	-0.00952389109634	-0.0153085751597	-0.0443877237141	100060.117660	5000.000000	false	20	0.000173438759656	1.52718952641	0.958199	ok	none
-0.751256281	-32.562814070	0	-1.70899336407e-06	-5.0000119438e-05	-5.48359333294e-05	-0.00952100108465	-0.0153103839945	-0.044399165735	100002.109953	5000.000000	false	20	0.000257302313873	2.24711732037	0.947602	ok	none
-0.746231156	-32.562814070	0	-4.2509538435e-07	-5.00000997763e-05	-7.89105919337e-05	-0.00950641154606	-0.0153114553369	-0.0443866124758	100054.793122	5000.000000	false	20	0.000336128428552	1.68266004267	0.898622	ok	none
-0.741206030	-32.562814070	1.01225095004	6.12548539995e-07	-5.00000847225e-05	-0.000119819843246	-0.00947631423179	-0.0153134108902	-0.0444050747521	100006.326533	5000.000000	false	20	0.000325671779757	0.351934213069	0.887458	ok	none
-0.736180905	-32.562814070	1.04634644877	2.31732560578e-06	-5.00000683399e-05	-0.000153487563757	-0.00945492410856	-0.0153147578911	-0.0443980370613	100028.840102	5000.000000	false	20	0.000318248808487	0.420925417212	0.898154	ok	none
-0.731155779	-32.562814070	1.08945054172	4.47253144242e-06	-5.00000487035e-05	-0.000204237340432	-0.00942027287703	-0.0153163738185	-0.0444000187386	100043.684711	5000.000000	false	20	0.000454318415234	1.03196659833	0.888641	ok	none
-0.726130653	-32.562814070	1.13188699525	6.59435560429e-06	-5.00000442923e-05	-0.000216761608104	-0.00943074172485	-0.0153180380561	-0.0443997329492	100029.426391	5000.000000	false	20	0.000452207516982	0.466567036618	0.952366	ok	none
-0.721105528	-32.562814070	1.17622026733	8.81102111598e-06	-5.00000439755e-05	-0.000112438252912	-0.00956985799605	-0.0153197328462	-0.0443752213779	100037.165389	5000.000000	false	20	0.000453850530171	1.13961373002	0.969519	ok	none
-0.716080402	-32.562814070	1.26591433704	1.32957789901e-05	-5.00002336772e-05	-7.98300676294e-05	-0.00972011396885	-0.0153166957651	-0.0440454304691	100032.546180	5000.000000	false	20	0.000184510583248	1.30597378899	0.901558	ok	none
-0.711055276	-32.562814070	0	-3.91172990824e-06	-5.00002185692e-05	-7.2052857975e-05	-0.00961273878251	-0.0153122195569	-0.0442296555618	100001.902153	5000.000000	false	20	0.00015384367553	1.53337146055	0.901476	ok	none
-0.706030151	-32.562814070	1.51837877109	2.59189477231e-05	-5.00000176874e-05	-7.74482571453e-05	-0.00955175057741	-0.0153080566584	-0.0440830881808	100025.528173	5000.000000	false	20	0.000413667756754	0.205049105994	0.905156	ok	none
-0.701005025	-32.562814070	0	-1.36762187207e-06	-3.92968530644e-05	-5.02109035376e-05	-0.00967035525058	-0.0152905918195	-0.0429495637475	100054.303882	5000.000000	false	20	0.000523491472428	1.21264445336	0.848808	ok	none
-0.695979899	-32.562814070	1.77036962232	3.85184811725e-05	-5.00000000735e-05	-6.79456197766e-05	-0.00976079443983	-0.0153308983629	-0.0430411953675	100000.825141	5000.000000	false	20	0.000167759086279	0.668055675975	0.881133	ok	none
-0.690954774	-32.562814070	2.05177377461	5.67724545476e-05	-5.00000000848e-05	-0.000130808590141	-0.00969845472107	-0.0151990563753	-0.0432389369503	100000.177570	5000.000000	false	20	0.000236525512571	0.478010531743	0.928315	ok	none
-0.685929648	-32.562814070	2.05995134374	5.57049667698e-05	-5.00000028904e-05	-9.51599000674e-05	-0.0097783447705	-0.0151931444182	-0.0433988857183	100006.749315	5000.000000	false	20	0.000499152132423	0.109155118313	0.930567	ok	none
-0.680904523	-32.562814070	1.56082081527	2.8041042416e-05	-5.00000029461e-05	-9.12060753997e-05	-0.00975065174002	-0.015202502123	-0.0434476803604	100012.191518	5000.000000	false	20	0.000489031596681	0.192031782893	0.863106	ok	none
-0.675879397	-32.562814070	1.45164696534	2.2582353917e-05	-5.00000125099e-05	-0.000106580208174	-0.00972220977259	-0.0152383842897	-0.0436621077896	100000.796422	5000.000000	false	20	0.000770623947831	1.45164696534	0.915025	ok	none
-0.670854271	-32.562814070	1.46928346329	2.34641873871e-05	-5.00000303067e-05	-0.000120213775556	-0.00976518404868	-0.0152813113377	-0.0439118787528	100001.184032	5000.000000	false	20	0.000899298542627	0.0482975144415	0.912701	ok	none
-0.665829146	-32.562814070	0	-6.1965642559e-06	-5.00067430382e-05	-9.29675183821e-05	-0.00978850276043	-0.0153181585976	-0.0442028246058	100008.468400	5000.000000	false	20	0.000977903763616	1.77874367434	0.911139	ok	none
-0.660804020	-32.562814070	0	-2.13122516465e-06	-5.00017434071e-05	-0.000138437337127	-0.00977131381074	-0.0153336366775	-0.0443313821961	100011.251558	5000.000000	false	20	0.000787891643333	2.44323049565	0.952917	ok	none
-0.655778894	-32.562814070	1.02898708434	1.44936978967e-06	-5.00005372235e-05	-0.000150122536393	-0.00976052982315	-0.0153563472168	-0.044362547269	100000.062193	5000.000000	false	20	0.00045680099225	0.810789867862	1.051049	ok	none
-0.650753769	-32.562814070	0	-9.6953669959e-06	-5.00001157179e-05	-0.000132139297402	-0.00972032296599	-0.0153722287683	-0.0444683349497	100049.737010	5000.000000	false	20	0.000161068859411	1.53623354404	0.905814	ok	none
-0.645728643	-32.562814070	1.1883883505	9.41942764398e-06	-5.00000537131e-05	-0.00017494242696	-0.00967235164052	-0.0153642097811	-0.0445787136388	100027.954801	5000.000000	false	20	0.000312160579514	0.654337160274	0.955326	ok	none
-0.640703518	-32.562814070	1.21614071684	1.08070534975e-05	-5.00000816865e-05	-0.000230906682279	-0.00958618741998	-0.0153856117046	-0.0446125966485	100015.814584	5000.000000	false	20	0.000157717410049	0.431852940798	0.940633	ok	none
-0.635678392	-32.562814070	1.10926468706	5.46325289467e-06	-5.00001696936e-05	-0.000195531920333	-0.00965270292635	-0.0154009635231	-0.0445370232173	100039.805578	5000.000000	false	20	0.000161072631467	1.12046693334	0.970800	ok	none
-0.630653266	-32.562814070	1.07874459691	3.93723283996e-06	-5.00000380301e-05	-0.000194167394087	-0.00963229552625	-0.0153550252164	-0.0447091479706	100015.801674	5000.000000	false	20	0.000308240483125	0.395206884174	0.982368	ok	none
-0.625628141	-32.562814070	1.15226209732	7.61315011512e-06	-5.00002971789e-05	-0.000220275996384	-0.00963578054714	-0.0153566791768	-0.0446319071928	100027.954572	5000.000000	false	20	0.000280955878509	0.752529164775	1.084992	ok	none
-0.620603015	-32.562814070	1.38209351869	1.91047588432e-05	-5.00002169852e-05	-0.000245667068688	-0.00957653840249	-0.0153776491987	-0.0449270803269	100021.135252	5000.000000	false	20	0.000179718819846	0.73987317413	1.053107	ok	none
-0.615577889	-32.562814070	2.02639483012	5.6956734731e-05	-4.99915052554e-05	-0.000263886126304	-0.0096926984125	-0.0154071806864	-0.0454387548821	100010.551622	5000.000000	false	20	0.000682120681016	0.257931451128	1.135104	ok	none
-0.610552764	-32.562814070	1.33082127376	1.65407078797e-05	-4.99989244691e-05	-0.000285641300918	-0.00964513605341	-0.0154257643023	-0.0458432902635	100008.684974	5000.000000	false	20	0.000809719344673	0.00826443318088	1.091791	ok	none
-0.605527638	-32.562814070	2.06276600775	6.82495727665e-05	-4.99991691004e-05	-0.000290768910115	-0.00970039472255	-0.0154174790833	-0.0456721040832	100000.052402	5000.000000	false	20	0.000646523991003	2.06276600775	1.048504	ok	none
-0.600502513	-32.562814070	1.1031811116	5.15894262087e-06	-4.9998905234e-05	-0.000338129655124	-0.00966187953152	-0.0154225109111	-0.0457843231006	100012.000096	5000.000000	false	20	0.00081161931098	0.0130579255683	1.122868	ok	none
-0.595477387	-32.562814070	1.9536709364	4.76813020342e-05	-4.9997646163e-05	-0.00035117449941	-0.00964833846665	-0.0154236216684	-0.0457248601813	100001.390898	5000.000000	false	20	0.000783768163054	0.0370718333104	1.098313	ok	none
-0.590452261	-32.562814070	1.04306566812	2.15271622976e-06	-4.99868299635e-05	-0.000354942632713	-0.0095669928941	-0.0154250257546	-0.0460081625821	100005.353580	5000.000000	false	20	0.00054498070557	1.12294609355	1.115125	ok	none
-0.585427136	-32.562814070	1.56060921772	2.75815093516e-05	-4.91991720431e-05	-0.000346586915535	-0.00959361306571	-0.0154227264353	-0.046041592859	100028.693307	5000.000000	false	20	0.000217457000998	0.476297448901	1.108456	ok	none
-0.580402010	-32.562814070	1.21865036785	1.09294909653e-05	-4.99861540256e-05	-0.000304018836098	-0.00961037410478	-0.0154203253328	-0.0460660860533	100046.693214	5000.000000	false	20	0.000164805229573	0.785233606135	1.062868	ok	none
-0.575376884	-32.562814070	1.14667642473	7.33324511909e-06	-4.99960721884e-05	-0.000284298762989	-0.00961998563973	-0.0154187784221	-0.0460701685058	100042.081022	5000.000000	false	20	0.000151649173156	0.855306349918	1.005656	ok	none
-0.570351759	-32.562814070	1.13723745831	6.86157713471e-06	-4.99978447526e-05	-0.000273458509162	-0.00962753570933	-0.0154187767741	-0.0460947202119	100016.384019	5000.000000	false	20	0.000216508543875	0.408533222661	1.199432	ok	none
-0.565326633	-32.562814070	1.16379265325	8.18936293283e-06	-4.99983532263e-05	-0.000271260709179	-0.00963305919457	-0.0154202398504	-0.0461190895529	100022.232958	5000.000000	false	20	0.000355154576926	0.266135596012	1.045381	ok	none
-0.560301508	-32.562814070	1.19422142943	9.71083294354e-06	-4.99987718765e-05	-0.000269925719247	-0.00963968537844	-0.0154224466022	-0.0461369797901	100025.076498	5000.000000	false	20	0.000315170424001	0.704776202186	1.027114	ok	none
-0.555276382	-32.562814070	1.20060225501	1.00299471843e-05	-4.99991746549e-05	-0.00024683745089	-0.00967011461687	-0.015425646013	-0.0461520509097	100017.438814	5000.000000	false	20	0.000460606611667	0.0174971127511	1.052411	ok	none
-0.550251256	-32.562814070	1.16523040872	8.26141127063e-06	-4.99993393136e-05	-0.000234456683207	-0.00969846879751	-0.0154311219511	-0.0461588904945	100015.310926	5000.000000	false	20	0.000430750831406	0.311231523322	0.998280	ok	none
-0.545226131	-32.562814070	1.04968429963	2.48419632003e-06	-4.99996244008e-05	-0.000224011357748	-0.00973034699377	-0.0154381679516	-0.0461475906596	100022.815155	5000.000000	false	20	0.000577124703416	0.100344832782	1.052960	ok	none
-0.540201005	-32.562814070	0	-1.19858133242e-05	-5.00032055381e-05	-0.000209268098842	-0.0097655694627	-0.0154466564415	-0.046153825026	100017.285206	5000.000000	false	20	0.000579730686065	1.01852712095	1.052377	ok	none
-0.535175879	-32.562814070	0	-1.75356842138e-05	-5.00092552334e-05	-0.000204746758283	-0.00980260893861	-0.0154556478376	-0.0461408893928	100044.321580	5000.000000	false	20	0.000577366839131	1.07786426625	1.030424	ok	none
-0.530150754	-32.562814070	0	-9.48306252329e-06	-5.00012909852e-05	-0.00021308823704	-0.00983272034706	-0.0154629605676	-0.0461131714196	100005.747903	5000.000000	false	20	0.000555319946294	1.36040555166	1.005991	ok	none
-0.525125628	-32.562814070	0	-5.68673295397e-06	-5.00002946445e-05	-0.000217883792261	-0.00986574006584	-0.0154715710088	-0.0461252026842	100007.681042	5000.000000	false	20	0.000701119145088	0	1.044295	ok	none
-0.520100503	-32.562814070	0	-2.64580944142e-06	-5.00000081664e-05	-0.000220019056849	-0.00989525355364	-0.0154789931004	-0.0460993056388	100030.851027	5000.000000	false	20	0.000718587914134	0	1.056853	ok	none
-0.515075377	-32.562814070	1.004803018	2.40150387713e-07	-4.99998933146e-05	-0.000220590428681	-0.00992017657477	-0.0154855246035	-0.0460928071272	100024.958215	5000.000000	false	20	0.000730476300013	1.004803018	1.053042	ok	none
-0.510050251	-32.562814070	1.07629944113	3.81495929305e-06	-4.99998327191e-05	-0.000220024091622	-0.00994061939877	-0.0154909278766	-0.046090199882	100005.954970	5000.000000	false	20	0.000736267831946	1.07629944113	1.091336	ok	none
-0.505025126	-32.562814070	1.18610422113	9.30517368172e-06	-4.99997991736e-05	-0.000218663289579	-0.0099574402568	-0.0154951259299	-0.046086463379	100019.083464	5000.000000	false	20	0.000743171340025	1.18610422113	0.976842	ok	none
-0.500000000	-32.562814070	1.31845527494	1.59227092713e-05	-4.99998289374e-05	-0.000215986387743	-0.0099676110955	-0.0154967717322	-0.0460844406287	100023.060065	5000.000000	false	20	0.000743982675034	1.31845527494	1.032104	ok	none
