delta_x	success	mode	s_pre	s_img	residual	return_solves	elapsed_seconds	anchor_checked	anchor_match	anchor_s_pre	anchor_s_img	anchor_residual	s_diff	img_diff	fast_T_scs	anchor_T_scs	message
-1.5	true	predict	0.23776963066837306	0.05364977872800172	1.4062423429717086e-5	68	0.564584708	true	true	0.23776963066837306	0.05364977872800172	0.0	0.0	0.0	0,0,0,0,0,0,0,0,0,0,0,0,0,0,0,0,0,0,0,0	0,0,0,0,0,0,0,0,0,0,0,0,0,0,0,0,0,0,0,0	
-1.4873417721518987	true	predict	0.23108730518609388	0.05340594537142335	1.3408650283958101e-5	6	0.003987583	false	false	NaN	NaN	NaN	NaN	NaN			
-1.4746835443037976	true	predict	0.22456825566874244	0.05314804959141527	1.277435387053022e-5	6	0.0039765	false	false	NaN	NaN	NaN	NaN	NaN			
-1.4620253164556962	true	predict	0.2182087304795348	0.05287674516112322	1.2184830327957585e-5	6	0.00397	false	false	NaN	NaN	NaN	NaN	NaN			
-1.4493670886075949	true	predict	0.21200507294042453	0.052592666376960646	1.1618805513806396e-5	6	0.00411	false	false	NaN	NaN	NaN	NaN	NaN			
-1.4367088607594938	true	predict	0.2059537170182238	0.05229640276247012	1.1079274830086416e-5	6	0.00379325	false	false	NaN	NaN	NaN	NaN	NaN			
-1.4240506329113924	true	predict	0.20005118570548272	0.05198852034246578	1.0553956772810236e-5	6	0.00399475	false	false	NaN	NaN	NaN	NaN	NaN			
-1.4113924050632911	true	predict	0.19429406866236063	0.051669558647631356	1.0065586396303117e-5	6	0.0040085	false	false	NaN	NaN	NaN	NaN	NaN			
-1.3987341772151898	true	predict	0.18867904520454892	0.05134004299602412	9.597990993433225e-6	6	0.004158417	false	false	NaN	NaN	NaN	NaN	NaN			
-1.3860759493670887	true	predict	0.1832028753228005	0.05100046175802059	9.151494111861447e-6	6	0.003799917	false	false	NaN	NaN	NaN	NaN	NaN			
-1.3734177215189873	true	predict	0.17786239317587668	0.050651282529023615	8.726351425750178e-6	68	0.047502791	true	true	0.17786239317587668	0.050651282529023615	0.0	0.0	0.0	0,0,0,0,0,0,0	0,0,0,0,0,0,0	
-1.360759493670886	true	predict	0.17265450906300375	0.05029295180591478	8.322572500142622e-6	6	0.003752209	false	false	NaN	NaN	NaN	NaN	NaN			
-1.3481012658227849	true	predict	0.16757620630152528	0.049925894731380205	7.940631475349125e-6	6	0.003748667	false	false	NaN	NaN	NaN	NaN	NaN			
-1.3354430379746836	true	predict	0.16262454412949623	0.04955051508434548	7.576933804008534e-6	6	0.004114833	false	false	NaN	NaN	NaN	NaN	NaN			
-1.3227848101265822	true	predict	0.15779665297149173	0.0491671948058354	7.234399857100615e-6	6	0.004000167	false	false	NaN	NaN	NaN	NaN	NaN			
-1.3101265822784811	true	predict	0.15308973587452815	0.048776297593521326	6.910363665180164e-6	6	0.004004834	false	false	NaN	NaN	NaN	NaN	NaN			
-1.2974683544303798	true	predict	0.14850106744010336	0.04837816598135014	6.606960463839684e-6	6	0.004090041	false	false	NaN	NaN	NaN	NaN	NaN			
-1.2848101265822784	true	predict	0.14402799540713354	0.047973124005513776	6.321015970554844e-6	6	0.004034667	false	false	NaN	NaN	NaN	NaN	NaN			
-1.2721518987341771	true	predict	0.13966794075720956	0.04756147506921357	6.056679117162622e-6	6	0.00376525	false	false	NaN	NaN	NaN	NaN	NaN			
-1.259493670886076	true	predict	0.13541839991583235	0.04714350511694282	5.813424627132413e-6	6	0.003731042	false	false	NaN	NaN	NaN	NaN	NaN			
-1.2468354430379747	true	predict	0.13127694992689137	0.0467194784855549	5.593379148217947e-6	68	0.049906915999999996	true	true	0.13127694992689137	0.0467194784855549	0.0	0.0	0.0	0,0,0,1,0,0,0	0,0,0,1,0,0,0	
-1.2341772151898733	true	predict	0.1272412520195067	0.04628963842953984	5.4015323402850646e-6	6	0.003983625	false	false	NaN	NaN	NaN	NaN	NaN			
-1.2215189873417722	true	predict	0.1233090629150577	0.04585420499437658	5.2413269013215635e-6	6	0.003747792	false	false	NaN	NaN	NaN	NaN	NaN			
-1.2088607594936709	true	predict	0.1194782484271537	0.04541337002687302	5.125129896907388e-6	6	0.003725333	false	false	NaN	NaN	NaN	NaN	NaN			
-1.1962025316455696	true	predict	0.11574680654373151	0.04496729373246814	5.069198485273263e-6	6	0.003733583	false	false	NaN	NaN	NaN	NaN	NaN			
-1.1835443037974684	true	predict	0.11211290584085426	0.04451609230816636	5.102378231099103e-6	6	0.003777125	false	false	NaN	NaN	NaN	NaN	NaN			
-1.1708860759493671	true	predict	0.10857494490538236	0.0440598216853793	5.2740139903570404e-6	6	0.004682583	false	false	NaN	NaN	NaN	NaN	NaN			
-1.1582278481012658	true	predict	0.10513165032820933	0.04359844868436114	5.661670994146217e-6	6	0.004095459	false	false	NaN	NaN	NaN	NaN	NaN			
-1.1455696202531647	true	predict	0.10178221989332621	0.04313180166935263	6.3711937304047894e-6	6	0.00427525	false	false	NaN	NaN	NaN	NaN	NaN			
-1.1329113924050633	true	predict	0.09852650106606223	0.04265949298334997	7.497133381426102e-6	6	0.004417084	false	false	NaN	NaN	NaN	NaN	NaN			
-1.120253164556962	true	predict	0.09536511734414158	0.042180813103616904	9.083537313617218e-6	68	0.053584458	true	true	0.09536511734414158	0.042180813103616904	0.0	0.0	0.0	0,-1,0,-1,0,1	0,-1,0,-1,0,1	
-1.1075949367088607	true	predict	0.09229944832115546	0.04169463609050241	1.1162619319313172e-5	6	0.004436875	false	false	NaN	NaN	NaN	NaN	NaN			
-1.0949367088607596	true	predict	0.08933159117767639	0.04119937554007431	1.3844535874787955e-5	6	0.004693917	false	false	NaN	NaN	NaN	NaN	NaN			
-1.0822784810126582	true	predict	0.08646460871113917	0.040692952370326885	1.7385774477268745e-5	6	0.004627208	false	false	NaN	NaN	NaN	NaN	NaN			
-1.0696202531645569	true	predict	0.08370328656598808	0.04017268466470467	2.2407151331206576e-5	6	0.00409725	false	false	NaN	NaN	NaN	NaN	NaN			
-1.0569620253164558	true	predict	0.08105590698932984	0.0396350311846052	3.005222735062707e-5	6	0.0041155	false	false	NaN	NaN	NaN	NaN	NaN			
-1.0443037974683544	true	predict	0.07853875028615585	0.039074970553174514	3.216408182191849e-5	6	0.004072334	false	false	NaN	NaN	NaN	NaN	NaN			
-1.0316455696202531	true	fallback_local	0.07619045056719741	0.0384848576943932	0.0013278595760674791	84	0.103028458	true	true	0.07619045056719741	0.0384848576943932	0.0	0.0	0.0	0,-5,-2,-12,0	0,-5,-2,-12,0	
-1.018987341772152	true	bootstrap_local	0.07414965254300879	0.03786258075378998	0.0007055826354642747	124	0.223877209	true	true	0.07414965254300879	0.03786258075378998	0.0	0.0	0.0	0,10,-3,2	0,10,-3,2	
-1.0063291139240507	true	seed	0.07333333333333333	0.038568163389254256	0.0010880539870316494	244	3.9746550010000004	true	false	0.07253333333333334	0.038592374359769845	2.4210970515588237e-5	0.0007999999999999952	2.4210970515588237e-5	0,12,-2,1,2	0,12,-2,-1,-3	
-0.9936708860759493	true	bootstrap_local	0.07055555555555555	0.041650623054062426	0.0030824596648081695	129	0.240487792	true	true	0.07055555555555555	0.041650623054062426	0.0	0.0	0.0	0,-13,-13,-2	0,-13,-13,-2	
-0.9810126582278481	true	predict	0.06817949141843645	0.044580701295961235	0.0001523814229093326	6	0.004405375	false	false	NaN	NaN	NaN	NaN	NaN			
-0.9683544303797469	true	predict	0.06579208874033096	0.04750194582778206	8.833710077982282e-6	6	0.004457084	false	false	NaN	NaN	NaN	NaN	NaN			
-0.9556962025316456	true	predict	0.06342629929364485	0.05040696068649666	1.622967310625778e-5	6	0.004258833	false	false	NaN	NaN	NaN	NaN	NaN			
-0.9430379746835443	true	predict	0.0610945296264201	0.053286607640263356	2.5367904947871944e-5	6	0.004192375	false	false	NaN	NaN	NaN	NaN	NaN			
-0.930379746835443	true	predict	0.05880345345559049	0.056135824540553686	3.043005347639488e-5	6	0.004209792	false	false	NaN	NaN	NaN	NaN	NaN			
-0.9177215189873418	true	predict	0.056557017188371604	0.05895132893821756	3.3712502626424834e-5	6	0.004420625	false	false	NaN	NaN	NaN	NaN	NaN			
-0.9050632911392406	true	predict	0.05435768340919352	0.0617306998029074	3.6133532974040594e-5	6	0.004197167	false	false	NaN	NaN	NaN	NaN	NaN			
-0.8924050632911392	true	predict	0.052207027726618525	0.064471948612155	3.8122055442263436e-5	6	0.0041865	false	false	NaN	NaN	NaN	NaN	NaN			
-0.879746835443038	true	predict	0.050106057171417515	0.06717329672824585	3.9900693156721956e-5	6	0.004170291	false	false	NaN	NaN	NaN	NaN	NaN			
-0.8670886075949367	true	predict	0.0480553929193738	0.06983305077207783	4.159407225889922e-5	68	0.078551251	true	true	0.0480553929193738	0.06983305077207783	0.0	0.0	0.0	-3,2,-12,-3	-3,2,-12,-3	
-0.8544303797468354	true	predict	0.046055383709083936	0.0724495266137506	4.327820215917211e-5	6	0.006529375	false	false	NaN	NaN	NaN	NaN	NaN			
-0.8417721518987342	true	predict	0.04410617588716781	0.07502100273605358	4.499971936980374e-5	6	0.005200708	false	false	NaN	NaN	NaN	NaN	NaN			
-0.8291139240506329	true	predict	0.04220776161374827	0.07754568908477186	4.6789773584729466e-5	6	0.005159958	false	false	NaN	NaN	NaN	NaN	NaN			
-0.8164556962025317	true	predict	0.0403600132894597	0.08002170465297041	4.8670780519691204e-5	6	0.004585209	false	false	NaN	NaN	NaN	NaN	NaN			
-0.8037974683544303	true	predict	0.03856270593992161	0.08244706464878214	5.0655572386856806e-5	6	0.004527917	false	false	NaN	NaN	NaN	NaN	NaN			
-0.7911392405063291	true	predict	0.03681553493167509	0.08481966286769638	5.276177689746142e-5	6	0.005585709	false	false	NaN	NaN	NaN	NaN	NaN			
-0.7784810126582279	true	predict	0.03511812719550536	0.0871372648790451	5.499620756550805e-5	6	0.004291167	false	false	NaN	NaN	NaN	NaN	NaN			
-0.7658227848101266	true	predict	0.0334700520304176	0.0893975035027745	5.736338761934412e-5	6	0.004718459	false	false	NaN	NaN	NaN	NaN	NaN			
-0.7531645569620253	true	predict	0.03187082764038417	0.09159786964463013	5.987248187376559e-5	6	0.004523667	false	false	NaN	NaN	NaN	NaN	NaN			
-0.740506329113924	true	predict	0.03031992620790913	0.09373571810489467	6.251768159108717e-5	68	0.092205375	true	true	0.030312265109055072	0.09363140800924927	0.00010431009564540461	7.66109885405944e-6	0.00010431009564540461	12,12,12	12,12,12	
-0.7278481012658228	true	predict	0.02881677825537208	0.09580825802504726	6.530854011194132e-5	6	0.004487625	false	false	NaN	NaN	NaN	NaN	NaN			
-0.7151898734177216	true	predict	0.027360774614919776	0.09781255909278547	6.823885241438732e-5	6	0.004206584	false	false	NaN	NaN	NaN	NaN	NaN			
-0.7025316455696202	true	predict	0.02595126772240086	0.09974555369008073	7.130647044295557e-5	6	0.004798417	false	false	NaN	NaN	NaN	NaN	NaN			
-0.689873417721519	true	predict	0.02458757198370128	0.10160405512641177	7.44931609642091e-5	6	0.004514083	false	false	NaN	NaN	NaN	NaN	NaN			
-0.6772151898734177	true	predict	0.023268962509309328	0.10338476645687274	7.779010587008472e-5	6	0.004432042	false	false	NaN	NaN	NaN	NaN	NaN			
-0.6645569620253164	true	predict	0.021994671259276188	0.10508430980574639	8.116798158730454e-5	6	0.004433833	false	false	NaN	NaN	NaN	NaN	NaN			
-0.6518987341772152	true	predict	0.02076388204910505	0.10669926209540607	8.459105921396204e-5	6	0.004677958	false	false	NaN	NaN	NaN	NaN	NaN			
-0.6392405063291139	true	fallback_local	0.02	0.11699018070252762	0.008675966317461842	88	0.128353042	true	true	0.02	0.11699018070252762	0.0	0.0	0.0	12,12,12	12,12,12	
-0.6265822784810127	false	failed	NaN	NaN	0.0309961208395797	26	0.019671541	false	false	NaN	NaN	NaN	NaN	NaN			Residual too large for continuation acceptance.
-0.6139240506329114	false	failed	NaN	NaN	0.09502237338225081	26	0.021231792	false	false	NaN	NaN	NaN	NaN	NaN			Residual too large for continuation acceptance.
-0.6012658227848101	false	failed	NaN	NaN	Inf	16	0.015981709	false	false	NaN	NaN	NaN	NaN	NaN			No valid one-spike preimage found in fast or fallback windows.
-0.5886075949367089	false	failed	NaN	NaN	Inf	16	0.016952416	false	false	NaN	NaN	NaN	NaN	NaN			No valid one-spike preimage found in fast or fallback windows.
-0.5759493670886076	false	failed	NaN	NaN	Inf	16	0.019264375	false	false	NaN	NaN	NaN	NaN	NaN			No valid one-spike preimage found in fast or fallback windows.
-0.5632911392405063	false	failed	NaN	NaN	Inf	16	0.024494417	false	false	NaN	NaN	NaN	NaN	NaN			No valid one-spike preimage found in fast or fallback windows.
-0.5506329113924051	false	failed	NaN	NaN	Inf	16	0.04052425	false	false	NaN	NaN	NaN	NaN	NaN			No valid one-spike preimage found in fast or fallback windows.
-0.5379746835443038	false	failed	NaN	NaN	Inf	16	0.060225833	false	false	NaN	NaN	NaN	NaN	NaN			No valid one-spike preimage found in fast or fallback windows.
-0.5253164556962026	false	failed	NaN	NaN	Inf	16	0.061589583	false	false	NaN	NaN	NaN	NaN	NaN			No valid one-spike preimage found in fast or fallback windows.
-0.5126582278481012	false	failed	NaN	NaN	Inf	16	0.06298	false	false	NaN	NaN	NaN	NaN	NaN			No valid one-spike preimage found in fast or fallback windows.
-0.5	false	failed	NaN	NaN	Inf	16	0.065307875	false	false	NaN	NaN	NaN	NaN	NaN			No valid one-spike preimage found in fast or fallback windows.
