time	time_seconds	lambda1_nat_per_timeunit	lambda1_bits_per_second	lz76_bits_per_second	n_symbols	last_symbol_time	last_symbol_time_seconds	lz76_phrase_count
10000	10	0.000870875543395	1.25640782769	NaN	1	2211.95160888	2.21195160888	0
20000	20	0.000673541273028	0.971714654431	0.174702725373	2	11448.0183165	11.4480183165	2
30000	30	0.000505111163322	0.728721370423	0.193484066084	3	24575.0856823	24.5750856823	3
40000	40	0.000356330533491	0.514076293585	0.245842891921	4	32541.1076053	32.5411076053	4
50000	50	0.000466531337579	0.673062447144	0.282793745514	5	41053.3848736	41.0533848736	5
60000	60	0.000426483431183	0.615285531189	0.286362636935	7	58820.9750848	58.8209750848	6
70000	70	0.000404359472638	0.583367405912	0.286362636935	7	58820.9750848	58.8209750848	6
80000	80	0.000333495548278	0.48113237366	0.318449650684	9	79633.9388567	79.6339388567	8
90000	90	0.000345991864726	0.499160747428	0.308977921572	10	86010.7564445	86.0107564445	8
100000	100	0.00035260683444	0.508704131431	0.335827174307	11	92711.0339774	92.7110339774	9
110000	110	0.000303347672167	0.437638182301	0.30326546108	12	106390.824697	106.390824697	9
120000	120	0.000302824224052	0.4368830063	0.324660655597	13	113978.692963	113.978692963	10
130000	130	0.000311859497942	0.449918151135	0.311158261729	14	122360.720905	122.360720905	10
140000	140	0.000265463763283	0.382983254824	0.314358232904	15	136709.626323	136.709626323	11
150000	150	0.000260719534673	0.376138779736	0.304170553593	16	144655.685701	144.655685701	11
160000	160	0.000262400883455	0.378564453285	0.324077104584	17	151351.494448	151.351494448	12
170000	170	0.000266144017277	0.383964653888	0.311068302962	18	160862.098584	160.862098584	12
180000	180	0.000246365261661	0.355429941245	0.315190889867	19	175205.119977	175.205119977	13
190000	190	0.000243088163911	0.350702088574	0.300617426914	21	189942.835591	189.942835591	13
200000	200	0.000240303127272	0.346684130025	0.314248130571	22	198671.166468	198.671166468	14
210000	210	0.000232416580684	0.335306248374	0.328308624574	23	206675.74429	206.67574429	15
220000	220	0.000249475575667	0.359917175837	0.317068114987	24	216907.453824	216.907453824	15
230000	230	0.000237647930205	0.342853490384	0.323688884796	25	229546.649658	229.546649658	16
240000	240	0.000236106065679	0.340629050079	0.316755153743	26	237429.555925	237.429555925	16
250000	250	0.000228053304486	0.329011371441	0.310719969191	27	244844.900805	244.844900805	16
260000	260	0.00023253796039	0.335481362273	0.303510119479	28	253427.06492	253.42706492	16
270000	270	0.000221180370045	0.319095823005	0.308786191189	29	267452.623445	267.452623445	17
280000	280	0.000220655887356	0.318339154431	0.30045815052	30	277633.141191	277.633141191	17
290000	290	0.000231774290238	0.334379619132	0.307544853412	31	289959.44038	289.95944038	18
300000	300	0.000231187915965	0.333533659876	0.317560331736	32	299155.752486	299.155752486	19
310000	310	0.000230722458427	0.332862146594	0.309673929933	33	309498.084932	309.498084932	19
320000	320	0.000239384989627	0.345359537398	0.321130957531	34	316846.614875	316.846614875	20
330000	330	0.000231612096696	0.334145623313	0.317083828339	35	323528.515712	323.528515712	20
340000	340	0.000235774460833	0.340150645412	0.321741988801	36	337439.404272	337.439404272	21
350000	350	0.000234517066386	0.338336608678	0.333035043588	37	344131.87516	344.13187516	22
360000	360	0.000233332701725	0.336627931655	0.326290630897	38	353839.167794	353.839167794	22
370000	370	0.00022872240221	0.329976675409	0.316097215142	39	367857.871708	367.857871708	22
380000	380	0.000225271009459	0.324997368203	0.323748201451	40	378085.022971	378.085022971	23
390000	390	0.000236868165677	0.341728527966	0.323748201451	40	378085.022971	378.085022971	23
400000	400	0.000229754765517	0.331466060832	0.327841512803	41	392205.511168	392.205511168	24
410000	410	0.000230404721166	0.332403748623	0.331973823391	43	408636.492727	408.636492727	25
420000	420	0.000232535610103	0.335477971525	0.340664100325	44	416672.088281	416.672088281	26
430000	430	0.000231321725659	0.333726706459	0.34990427955	45	423773.135303	423.773135303	27
440000	440	0.000235249833106	0.339393767592	0.341119492051	47	439652.094032	439.652094032	27
450000	450	0.000238052209866	0.343436742646	0.341119492051	47	439652.094032	439.652094032	27
460000	460	0.000231976946658	0.334671990544	0.344001123261	48	454588.486624	454.588486624	28
470000	470	0.000224371040527	0.323698987487	0.347374851558	49	468734.52338	468.73452338	29
480000	480	0.000231047141879	0.333330565801	0.342281254791	50	478179.354588	478.179354588	29
490000	490	0.000228929805391	0.330275894949	0.350520349479	51	485486.108045	485.486108045	30
500000	500	0.000237942359367	0.343278261876	0.347518553671	52	492098.018186	492.098018186	30
510000	510	0.000238618694878	0.344254007764	0.340576670908	53	504548.985046	504.548985046	30
520000	520	0.000234137771052	0.337789401181	0.344112507545	54	518439.488991	518.439488991	31
530000	530	0.00023338349025	0.336701204009	0.341269046628	55	525163.805186	525.163805186	31
540000	540	0.0002355810244	0.339871575629	0.347761137794	56	534376.436322	534.376436322	32
550000	550	0.000237077397994	0.342030386393	0.342238403644	57	545387.304481	545.387304481	32
560000	560	0.000238374083103	0.343901107569	0.345382177704	58	559708.593317	559.708593317	33
570000	570	0.00023874630035	0.344438103546	0.351985558989	59	568233.152101	568.233152101	34
580000	580	0.000240854043927	0.347478934752	0.348066147464	60	577000.325122	577.000325122	34
590000	590	0.00023919701425	0.345088346253	0.344949689931	61	584563.707008	584.563707008	34
600000	600	0.000240281364854	0.346652733493	0.351453655983	62	592956.901475	592.956901475	35
610000	610	0.000233266390933	0.336532265405	0.344491384449	63	607286.007042	607.286007042	35
620000	620	0.000232272489193	0.335098368294	0.351122161339	64	615170.512668	615.170512668	36
630000	630	0.000231849180302	0.334487662656	0.348280957555	65	622500.991128	622.500991128	36
640000	640	0.000232743528035	0.335777933696	0.354058454597	66	631654.404837	631.654404837	37
650000	650	0.000229589637582	0.331227831579	0.348380706505	67	644252.956194	644.252956194	37
660000	660	0.000227297085418	0.327920377941	0.354122263195	68	653230.852759	653.230852759	38
670000	670	0.000232551380495	0.335500723392	0.350899742098	69	661510.686698	661.510686698	38
680000	680	0.000226595405675	0.326908068055	0.353781190856	70	675677.633066	675.677633066	39
690000	690	0.000225505950389	0.325336316317	0.350820518633	71	683654.817555	683.654817555	39
700000	700	0.000224214452118	0.323473078167	0.354028066037	73	699359.757339	699.359757339	40
710000	710	0.000223666939334	0.322683184188	0.350942469527	74	707746.015921	707.746015921	40
720000	720	0.00021809981023	0.314651514638	0.350942469527	74	707746.015921	707.746015921	40
730000	730	0.000217445416635	0.313707424244	0.345045096052	75	722087.490796	722.087490796	40
740000	740	0.000218310420014	0.314955360329	0.348693500149	77	736859.872807	736.859872807	41
750000	750	0.000217810563654	0.314234220037	0.346017112235	78	744765.162939	744.765162939	41
760000	760	0.000215942642094	0.311539378865	0.351782344849	79	752621.032011	752.621032011	42
770000	770	0.000217457231926	0.313724470105	0.348892555095	80	761039.397681	761.039397681	42
780000	780	0.000212988251326	0.307277093956	0.343435898531	81	775322.851398	775.322851398	42
790000	790	0.000212243210816	0.306202227706	0.340478263189	82	784241.501037	784.241501037	42
800000	800	0.000215657468363	0.311127960138	0.345963528172	83	792357.208854	792.357208854	43
810000	810	0.000213970719321	0.30869449566	0.340822247095	84	806489.750956	806.489750956	43
820000	820	0.000214935318067	0.310086117487	0.346237231322	85	814508.596066	814.508596066	44
830000	830	0.000214235632484	0.309076684566	0.343389942584	86	823424.376029	823.424376029	44
840000	840	0.000212559341886	0.306658308433	0.346273971427	88	839434.802567	839.434802567	45
850000	850	0.00021305282363	0.307370252098	0.346273971427	88	839434.802567	839.434802567	45
860000	860	0.0002083578168	0.300596789028	0.341303002216	89	853810.258045	853.810258045	45
870000	870	0.000209746395189	0.302600084183	0.344720774922	91	868408.796996	868.408796996	46
880000	880	0.000210020603625	0.302995683334	0.343018311873	92	874833.32403	874.83332403	46
890000	890	0.00021392984445	0.308635525686	0.341101243905	93	881853.439956	881.853439956	46
900000	900	0.000216509533203	0.312357229857	0.344577416141	94	894039.079749	894.039079749	47
910000	910	0.000216449702315	0.312270912132	0.34769401363	95	906984.46576	906.98446576	48
920000	920	0.000217553763407	0.313863735594	0.351233592312	96	918656.898422	918.656898422	49
930000	930	0.000218203422344	0.314800995321	0.355563112895	97	928093.016801	928.093016801	50
940000	940	0.000219586292153	0.316796054736	0.355563112895	97	928093.016801	928.093016801	50
950000	950	0.000217114956598	0.313230671187	0.35091941997	98	942482.727899	942.482727899	50
960000	960	0.000218078093124	0.314620183476	0.355688056089	99	950544.112562	950.544112562	51
970000	970	0.000221451349957	0.319486764381	0.352326510696	100	961712.092028	961.712092028	51
980000	980	0.000216764573063	0.312725174598	0.354696452823	101	976121.961039	976.121961039	52
990000	990	0.000218315334945	0.314962451076	0.35251687104	102	984253.935871	984.253935871	52
1000000	1000	0.000217034844833	0.313115094341	0.35477329859	103	998904.171619	998.904171619	53
1010000	1010	0.000219001578695	0.31595249153	0.358321566211	104	1009773.84255	1009.77384255	54
1020000	1020	0.000219331930935	0.316429089069	0.356111725319	105	1018133.4457	1018.1334457	54
1030000	1030	0.000219430014528	0.316570593782	0.360889406883	106	1025343.54831	1025.34354831	55
1040000	1040	0.000218817452863	0.315686854106	0.359216846482	107	1032191.80248	1032.19180248	55
1050000	1050	0.000218841201161	0.315721115657	0.361592482315	109	1048191.93076	1048.19193076	56
1060000	1060	0.000220390610919	0.317956441431	0.359240278454	110	1057109.03463	1057.10903463	56
1070000	1070	0.00021823405978	0.314845195797	0.355914149041	111	1069042.32254	1069.04232254	56
1080000	1080	0.000216868976004	0.312875796204	0.36031235956	112	1076896.80984	1076.89680984	57
1090000	1090	0.000215898602338	0.311475842928	0.358191378382	113	1085314.23234	1085.31423234	57
1100000	1100	0.000214591163366	0.309589607207	0.354196930141	114	1099599.39702	1099.59939702	57
1110000	1110	0.000214171861284	0.308984682172	0.352001429585	115	1108498.14833	1108.49814833	57
1120000	1120	0.000213783957711	0.308425055611	0.350088474977	116	1116588.93298	1116.58893298	57
1130000	1130	0.00021603508332	0.311672743364	0.353059834023	117	1128650.48736	1128.65048736	58
1140000	1140	0.000217279775021	0.313468453908	0.357678999335	118	1135308.30904	1135.30830904	59
1150000	1150	0.000217856480056	0.314300463402	0.357678999335	118	1135308.30904	1135.30830904	59
1160000	1160	0.000217893914395	0.314354469738	0.351769330386	120	1158448.19301	1158.44819301	59
1170000	1170	0.000218146524611	0.314718909244	0.356428149586	121	1164699.79916	1164.69979916	60
1180000	1180	0.000216677239947	0.312599179545	0.354622263644	122	1172639.96902	1172.63996902	60
1190000	1190	0.000216697265298	0.312628070019	0.352634514123	123	1181253.82978	1181.25382978	60
1200000	1200	0.000216009014987	0.311635134709	0.354913068326	124	1195239.09597	1195.23909597	61
1210000	1210	0.000216144891623	0.311831163258	0.352511843017	125	1205386.00271	1205.38600271	61
1220000	1220	0.000216047330691	0.311690412585	0.355479367007	127	1218913.08131	1218.91308131	62
1230000	1230	0.000215960905624	0.31156572757	0.353405914828	128	1228049.62167	1228.04962167	62
1240000	1240	0.000215864015673	0.311425944918	0.353405914828	128	1228049.62167	1228.04962167	62
1250000	1250	0.000215844899399	0.311398365964	0.354132735365	130	1249274.99788	1249.27499788	63
1260000	1260	0.000213176994134	0.307549392268	0.352437520178	131	1257260.1489	1257.2601489	63
1270000	1270	0.000214888806671	0.310019015726	0.35047335569	132	1266278.36985	1266.27836985	63
1280000	1280	0.000214964411402	0.310128090297	0.354109864065	133	1275135.54886	1275.13554886	64
1290000	1290	0.000215710501984	0.311204471481	0.351280134398	134	1287376.26727	1287.37626727	64
1300000	1300	0.000216481168095	0.312316307657	0.355482136394	135	1293997.55069	1293.99755069	65
1310000	1310	0.000216187394766	0.311892482332	0.353342061014	136	1303793.50638	1303.79350638	65
1320000	1320	0.000215524353344	0.310935915761	0.355572292933	138	1319457.7403	1319.4577403	66
1330000	1330	0.000216509085814	0.312356584411	0.353640448887	139	1328609.64372	1328.60964372	66
1340000	1340	0.000214552813967	0.309534280719	0.357171218646	140	1337347.29228	1337.34729228	67
1350000	1350	0.000216832446043	0.31282309461	0.355556911197	141	1345354.07848	1345.35407848	67
1360000	1360	0.000219394823316	0.316519823595	0.353537160256	142	1354972.29389	1354.97229389	67
1370000	1370	0.000220060426141	0.317480085489	0.356928676446	143	1364057.53594	1364.05753594	68
1380000	1380	0.000219391620162	0.31651520242	0.35983414508	145	1376783.5376	1376.7835376	69
1390000	1390	0.000219123977992	0.316129076389	0.358389845226	146	1384240.93531	1384.24093531	69
1400000	1400	0.000220567388726	0.318211477897	0.361862001474	147	1392732.76024	1392.73276024	70
1410000	1410	0.000217259111536	0.313438642801	0.358707386739	148	1406889.72196	1406.88972196	70
1420000	1420	0.000219350480284	0.316455850122	0.356720577412	149	1416632.03199	1416.63203199	70
1430000	1430	0.000219896494335	0.317243581887	0.359262793509	150	1428609.18609	1428.60918609	71
1440000	1440	0.000220138395084	0.317592570897	0.363205530834	151	1434904.19883	1434.90419883	72
1450000	1450	0.000222773431995	0.321394125581	0.362007525228	152	1441546.77624	1441.54677624	72
1460000	1460	0.000218899449866	0.315805150775	0.363399487757	154	1459758.29725	1459.75829725	73
1470000	1470	0.00021841134288	0.315100961247	0.362323209819	155	1465975.86682	1465.97586682	73
1480000	1480	0.00022067364894	0.31836477898	0.36105557182	156	1472998.62815	1472.99862815	73
1490000	1490	0.000221021713505	0.318866930002	0.363332235541	158	1487563.50936	1487.56350936	74
1500000	1500	0.000221116789038	0.319004095003	0.362135247103	159	1494340.42397	1494.34042397	74
1510000	1510	0.000222683427271	0.321264276211	0.360574944661	160	1502663.14131	1502.66314131	74
1520000	1520	0.000221682477304	0.319820210659	0.362487361052	162	1518642.60486	1518.64260486	75
1530000	1530	0.00022237659411	0.320821609532	0.360779224944	163	1527678.35136	1527.67835136	75
1540000	1540	0.000221066578759	0.318931656882	0.360779224944	163	1527678.35136	1527.67835136	75
1550000	1550	0.000221829382936	0.320032150685	0.356690414446	165	1548889.85993	1548.88985993	75
1560000	1560	0.000221438890046	0.319468788529	0.356690414446	165	1548889.85993	1548.88985993	75
1570000	1570	0.000219447323586	0.316595565474	0.358602184892	166	1563021.70036	1563.02170036	76
1580000	1580	0.000220631317523	0.318303707655	0.355894224418	168	1578604.21885	1578.60421885	76
1590000	1590	0.000221486158437	0.319536982403	0.359475762452	169	1585274.38041	1585.27438041	77
1600000	1600	0.000218736951373	0.315570715005	0.356698848307	170	1599453.16558	1599.45316558	77
1610000	1610	0.000222094639913	0.320414835611	0.355527037329	171	1606557.54324	1606.55754324	77
1620000	1620	0.000221589445999	0.319685994856	0.357852309521	172	1618680.76705	1618.68076705	78
1630000	1630	0.000220598422124	0.318256249626	0.356606422708	173	1626165.33194	1626.16533194	78
1640000	1640	0.000220104349912	0.317543454096	0.359711885054	174	1634620.81906	1634.62081906	79
1650000	1650	0.000217327309756	0.313537032035	0.357006302373	175	1648838.33681	1648.83833681	79
1660000	1660	0.000217337079554	0.313551126874	0.355416599486	176	1658040.4481	1658.0404481	79
1670000	1670	0.000219989185957	0.31737730763	0.358192564926	177	1667841.55369	1667.84155369	80
1680000	1680	0.000218531079297	0.315273704382	0.357059058057	178	1674957.29623	1674.95729623	80
1690000	1690	0.00022028754138	0.317807743518	0.360122499311	179	1683285.76836	1683.28576836	81
1700000	1700	0.000221119996516	0.319008722414	0.362135884331	181	1698222.6544	1698.2226544	82
1710000	1710	0.000220786061191	0.318526955578	0.361085577304	182	1704967.46254	1704.96746254	82
1720000	1720	0.000220982983948	0.318811055062	0.359535900371	183	1714119.19116	1714.11919116	82
1730000	1730	0.000220766105375	0.318498165421	0.362307081443	184	1723553.5112	1723.5535112	83
1740000	1740	0.000219029736184	0.315993114201	0.359681960081	185	1737937.20731	1737.93720731	83
1750000	1750	0.00021999167404	0.317380897175	0.358392961182	186	1745989.03745	1745.98903745	83
1760000	1760	0.000220121441091	0.317568111455	0.36087716269	187	1756661.82339	1756.66182339	84
1770000	1770	0.000220690119731	0.318388541309	0.359600474918	188	1764695.84387	1764.69584387	84
1780000	1780	0.000221347322451	0.319336684414	0.362160203791	189	1774879.18145	1774.87918145	85
1790000	1790	0.000222491369217	0.32098719501	0.359991537467	190	1787369.03438	1787.36903438	85
1800000	1800	0.000222586549205	0.321124510707	0.363043497316	191	1794988.43535	1794.98843535	86
1810000	1810	0.000221350779306	0.319341671602	0.361798165371	192	1802957.66396	1802.95766396	86
1820000	1820	0.000222826026464	0.32147000336	0.359513941785	194	1817989.31408	1817.98931408	86
1830000	1830	0.000223697575816	0.322727383288	0.362088298491	195	1827835.19946	1827.83519946	87
1840000	1840	0.000223123587604	0.321899293342	0.365014338184	196	1835803.13479	1835.80313479	88
1850000	1850	0.000225176421857	0.324860907138	0.363748096126	197	1843969.95408	1843.96995408	88
1860000	1860	0.000223165390709	0.321959602474	0.365948831638	199	1857253.07056	1857.25307056	89
1870000	1870	0.00022322631188	0.322047493145	0.364680558856	200	1865477.01644	1865.47701644	89
1880000	1880	0.000223095741611	0.321859120066	0.36360281662	201	1872767.67228	1872.76767228	89
1890000	1890	0.000225885501736	0.325883893163	0.36228258865	202	1881351.30784	1881.35130784	89
1900000	1900	0.000222719025113	0.321315633042	0.363980877675	203	1895374.9355	1895.3749355	90
1910000	1910	0.000223264917487	0.322103189263	0.362369073394	204	1905566.26235	1905.56626235	90
1920000	1920	0.000223869480125	0.322975388782	0.360202045355	205	1918793.12699	1918.79312699	90
1930000	1930	0.00022311825336	0.321891597655	0.363019250416	206	1926816.68306	1926.81668306	91
1940000	1940	0.000223506702378	0.322452011125	0.361496835341	207	1936690.01963	1936.69001963	91
1950000	1950	0.000224145761748	0.32337397891	0.364282691386	208	1944754.63924	1944.75463924	92
1960000	1960	0.000224875396123	0.324426618804	0.362554203464	209	1955782.15168	1955.78215168	92
1970000	1970	0.000224744733207	0.324238112064	0.36543215021	210	1963223.08459	1963.22308459	93
1980000	1980	0.000224603306738	0.324034076798	0.367087823955	212	1978884.82081	1978.88482081	94
1990000	1990	0.000225198655688	0.324892983776	0.365542393981	213	1988996.94337	1988.99694337	94
2000000	2000	0.000224651925947	0.32410421949	0.364171291302	214	1998229.718	1998.229718	94
2010000	2010	0.000226148285934	0.326263010623	0.366306485488	215	2009460.24674	2009.46024674	95
2020000	2020	0.000225855753843	0.325840976026	0.365300063545	216	2016737.43376	2016.73743376	95
2030000	2030	0.000226370991856	0.326584307352	0.367853609873	217	2025558.26099	2025.55826099	96
2040000	2040	0.000225992514652	0.326038280166	0.365881802666	218	2038214.77249	2038.21477249	96
2050000	2050	0.000226121153479	0.326223866765	0.364912674129	219	2045364.85202	2045.36485202	96
2060000	2060	0.000226734290071	0.327108435885	0.367577944654	220	2053419.97035	2053.41997035	97
2070000	2070	0.000226382806375	0.3266013521	0.365941435363	221	2064337.28258	2064.33728258	97
2080000	2080	0.000225345129708	0.325104301118	0.364753440557	222	2072792.89232	2072.79289232	97
2090000	2090	0.000225976831571	0.326015654264	0.366315587218	224	2088692.94417	2088.69294417	98
2100000	2100	0.000225640466778	0.325530382445	0.365430039476	225	2095477.85901	2095.47785901	98
2110000	2110	0.000225410170534	0.325198135196	0.367879758593	226	2104485.77068	2104.48577068	99
2120000	2120	0.000226631981257	0.326960835466	0.366634478995	227	2113353.61138	2113.35361138	99
2130000	2130	0.000224895719969	0.324455939916	0.364561761447	228	2127091.19114	2127.09119114	99
2140000	2140	0.000227099086252	0.327634725525	0.364561761447	228	2127091.19114	2127.09119114	99
2150000	2150	0.000225569085781	0.325427401434	0.365257518008	230	2147933.89982	2147.93389982	100
2160000	2160	0.000225555624423	0.3254079808	0.367762386295	231	2156356.06777	2156.35606777	101
2170000	2170	0.000224192735487	0.323441747691	0.367762386295	231	2156356.06777	2156.35606777	101
2180000	2180	0.000224034250696	0.323213102469	0.364413998373	233	2179616.60133	2179.61660133	101
2190000	2190	0.000223536180508	0.322494539078	0.363313833376	234	2187934.40726	2187.93440726	101
2200000	2200	0.000223588781669	0.322570426512	0.363313833376	234	2187934.40726	2187.93440726	101
2210000	2210	0.000223068910205	0.321820410529	0.364795211264	235	2202344.50383	2202.34450383	102
2220000	2220	0.000224074150591	0.32327066585	0.363735561787	236	2210478.36809	2210.47836809	102
2230000	2230	0.000223949654493	0.323091055945	0.361617727639	237	2225144.81423	2225.14481423	102
2240000	2240	0.00022345001823	0.322370233186	0.363028762769	238	2239949.86903	2239.94986903	103
2250000	2250	0.00022332122166	0.322184419014	0.361829674675	239	2249094.91449	2249.09491449	103
2260000	2260	0.000223010777657	0.32173654299	0.36412346437	240	2258345.59541	2258.34559541	104
2270000	2270	0.000227008949175	0.327504685213	0.36412346437	240	2258345.59541	2258.34559541	104
2280000	2280	0.000224717333836	0.324198583127	0.362239908084	241	2271810.67741	2271.81067741	104
2290000	2290	0.000224202293097	0.323455536407	0.363757883517	243	2287525.166	2287.525166	105
2300000	2300	0.000224978946089	0.324576009827	0.363757883517	243	2287525.166	2287.525166	105
2310000	2310	0.000224599697318	0.324028869506	0.361701215657	244	2302252.20264	2302.25220264	105
2320000	2320	0.000225336177529	0.325091385854	0.364141168738	245	2310322.73678	2310.32273678	106
2330000	2330	0.000224943213019	0.324524457904	0.36505892445	247	2329693.19969	2329.69319969	107
2340000	2340	0.000224943419205	0.324524755367	0.363883994449	248	2338929.48905	2338.92948905	107
2350000	2350	0.00022502962224	0.324649120058	0.363178677605	249	2345182.30076	2345.18230076	107
2360000	2360	0.000224990232001	0.324592291956	0.365782819233	250	2351954.92382	2351.95492382	108
2370000	2370	0.000224880078635	0.324433374241	0.363655260847	252	2369129.01997	2369.12901997	108
2380000	2380	0.00022548340075	0.325303784065	0.366266901374	253	2375716.44169	2375.71644169	109
2390000	2390	0.000225154235038	0.324828898325	0.365404030909	254	2383024.1519	2383.0241519	109
2400000	2400	0.000226844812598	0.327267886186	0.367665709658	255	2391789.21219	2391.78921219	110
2410000	2410	0.00022654315174	0.326832681563	0.365939960791	256	2404766.06626	2404.76606626	110
2420000	2420	0.000226100670658	0.3261943163	0.367403349785	257	2418661.46697	2418.66146697	111
2430000	2430	0.000225460263191	0.325270403623	0.366542918032	258	2426035.75627	2426.03575627	111
2440000	2440	0.000225506272502	0.325336781029	0.36547291183	259	2434833.58446	2434.83358446	111
2450000	2450	0.000224359241731	0.323681965422	0.366942188502	260	2448628.75737	2448.62875737	112
2460000	2460	0.000225546659497	0.325395047145	0.366942188502	260	2448628.75737	2448.62875737	112
2470000	2470	0.000225721149631	0.325646783196	0.365263960557	261	2461577.29398	2461.57729398	112
2480000	2480	0.000225856115687	0.325841498056	0.36710556141	262	2472795.00666	2472.79500666	113
2490000	2490	0.000225396874719	0.325178953388	0.365251722991	264	2488739.89709	2488.73989709	113
2500000	2500	0.000225810512121	0.325775706018	0.365251722991	264	2488739.89709	2488.73989709	113
2510000	2510	0.000224674401972	0.32413664554	0.366627744804	265	2503036.79316	2503.03679316	114
2520000	2520	0.000224415053063	0.323762484155	0.367887430138	267	2519738.25742	2519.73825742	115
2530000	2530	0.000224510003858	0.323899469196	0.366779933364	268	2529037.63953	2529.03763953	115
2540000	2540	0.000224926650905	0.324500563825	0.366779933364	268	2529037.63953	2529.03763953	115
2550000	2550	0.000223899106598	0.323018130749	0.364886148544	269	2543856.96853	2543.85696853	115
2560000	2560	0.00022368574977	0.322710321911	0.366401467396	271	2558748.72844	2558.74872844	116
2570000	2570	0.000224116879846	0.323332311134	0.365491051086	272	2566808.91857	2566.80891857	116
2580000	2580	0.00022337993639	0.322269126463	0.364727163909	273	2573868.69211	2573.86869211	116
2590000	2590	0.00022326586274	0.322104552975	0.366127213525	274	2587815.70642	2587.81570642	117
2600000	2600	0.000223819196969	0.322902845523	0.364841218031	275	2598622.70689	2598.62270689	117
2610000	2610	0.000223740493767	0.322789300803	0.367034656999	276	2606854.33284	2606.85433284	118
2620000	2620	0.000223933191346	0.323067304645	0.367034656999	276	2606854.33284	2606.85433284	118
2630000	2630	0.000223126997924	0.321904213393	0.364621117741	278	2627480.96577	2627.48096577	118
2640000	2640	0.000223200286178	0.322009945994	0.366670838666	279	2636616.64403	2636.61664403	119
2650000	2650	0.000223418340623	0.32232453206	0.365633831833	280	2645774.52849	2645.77452849	119
2660000	2660	0.000224807763353	0.324329045342	0.367594823082	281	2655454.04106	2655.45404106	120
2670000	2670	0.000225003200117	0.324611000994	0.366355017548	282	2666119.24364	2666.11924364	120
2680000	2680	0.000225426319683	0.325221433493	0.366355017548	282	2666119.24364	2666.11924364	120
2690000	2690	0.000224890722403	0.324448729952	0.367015219063	284	2686862.42488	2686.86242488	121
2700000	2700	0.000225167531836	0.324848081549	0.368721478837	286	2699881.51009	2699.88151009	122
2710000	2710	0.00022557481256	0.32543566343	0.368721478837	286	2699881.51009	2699.88151009	122
2720000	2720	0.000225369710889	0.325139764266	0.366896000277	287	2714989.10945	2714.98910945	122
2730000	2730	0.000224723062296	0.324206847547	0.368365765172	288	2727997.19786	2727.99719786	123
2740000	2740	0.000224303267411	0.323601211549	0.367227299625	289	2738129.38192	2738.12938192	123
2750000	2750	0.000225521334294	0.325358510601	0.369235544878	290	2747050.60559	2747.05060559	124
2760000	2760	0.000225119176482	0.32477831952	0.368479344634	291	2754359.38893	2754.35938893	124
2770000	2770	0.000225975769773	0.326014122413	0.367503350817	292	2763344.17916	2763.34417916	124
2780000	2780	0.000224919056594	0.324489607549	0.366048753638	293	2775995.92909	2775.99592909	124
2790000	2790	0.000225215537964	0.324917339752	0.368156226958	294	2784032.88619	2784.03288619	125
2800000	2800	0.000225434551739	0.325233309839	0.367017593859	295	2794338.50091	2794.33850091	125
2810000	2810	0.000224750046563	0.324245777616	0.365438857342	296	2808080.33981	2808.08033981	125
2820000	2820	0.00022406191394	0.323253012093	0.367640555018	297	2815261.25204	2815.26125204	126
2830000	2830	0.000226295436275	0.326475303689	0.366750984391	298	2823755.83885	2823.75583885	126
2840000	2840	0.000225515903398	0.325350675474	0.365774592794	299	2832958.41582	2832.95841582	126
2850000	2850	0.000224799795727	0.324317550489	0.364666158004	300	2843233.82427	2843.23382427	126
2860000	2860	0.000224975288594	0.324570733178	0.36593217166	302	2859211.30451	2859.21130451	127
2870000	2870	0.000225211842198	0.324912007889	0.365298648666	303	2865828.00053	2865.82800053	127
2880000	2880	0.000225370757551	0.32514127428	0.363789283239	304	2879377.82246	2879.37782246	127
2890000	2890	0.000225787981651	0.32574320142	0.366023116415	305	2885995.79638	2885.99579638	128
2900000	2900	0.000226283372659	0.326457899571	0.366023116415	305	2885995.79638	2885.99579638	128
2910000	2910	0.000226558558786	0.326854909231	0.363455174793	307	2909707.20339	2909.70720339	128
2920000	2920	0.000227245948797	0.327846603392	0.363455174793	307	2909707.20339	2909.70720339	128
2930000	2930	0.000226008093181	0.326060755233	0.364751672809	308	2923675.32008	2923.67532008	129
2940000	2940	0.000226318583988	0.32650869878	0.364132117157	309	2930306.55722	2930.30655722	129
2950000	2950	0.000227024794851	0.32752754569	0.363067897329	310	2940552.04587	2940.55204587	129
2960000	2960	0.00022643945223	0.326683074794	0.364262638772	311	2955285.78979	2955.28578979	130
2970000	2970	0.000226698416576	0.327056681372	0.362823242808	312	2968669.48246	2968.66948246	130
2980000	2980	0.00022637664981	0.326592470054	0.364964047405	313	2975614.93158	2975.61493158	131
2990000	2990	0.000226426676637	0.32666464351	0.364190062065	314	2983594.09354	2983.59409354	131
3000000	3000	0.000226284789766	0.326459944023	0.362599017244	316	2999995.10831	2999.99510831	131
3010000	3010	0.00022635656072	0.326563487624	0.364631091605	317	3007699.50021	3007.69950021	132
3020000	3020	0.000226177890691	0.326305721259	0.363819032116	318	3016061.42954	3016.06142954	132
3030000	3030	0.000224254151405	0.32353035213	0.363819032116	318	3016061.42954	3016.06142954	132
3040000	3040	0.000224449343601	0.323811954943	0.361509629556	320	3038631.39102	3038.63139102	132
3050000	3050	0.000224346680883	0.32366384395	0.363678011792	321	3045042.82877	3045.04282877	133
3060000	3060	0.000223865465847	0.322969597403	0.362924568995	322	3053008.91549	3053.00891549	133
3070000	3070	0.00022515384667	0.324828338028	0.362094528828	323	3061650.56059	3061.65056059	133
3080000	3080	0.000224545590744	0.32395081022	0.36083908288	324	3073946.54019	3073.94654019	133
3090000	3090	0.000224614863407	0.324050749547	0.362801910909	325	3081945.32068	3081.94532068	134
3100000	3100	0.000225448403507	0.325253293715	0.361903798092	326	3091234.68327	3091.23468327	134
3110000	3110	0.000224650026438	0.324101479078	0.36047468711	327	3105132.52287	3105.13252287	134
3120000	3120	0.00022457803927	0.323997623548	0.362498345273	328	3112481.85084	3112.48185084	135
3130000	3130	0.000225379766921	0.325154272053	0.361591634069	329	3121926.23693	3121.92623693	135
3140000	3140	0.000224780265732	0.324289374661	0.360358413735	330	3134250.39038	3134.25039038	135
3150000	3150	0.000225163302811	0.324841980355	0.361940105253	331	3145309.04646	3145.30904646	136
3160000	3160	0.000225076485447	0.324716729375	0.361940105253	331	3145309.04646	3145.30904646	136
3170000	3170	0.000224960092765	0.32454881023	0.360408900017	332	3160314.19482	3160.31419482	136
3180000	3180	0.00022443028742	0.323784462687	0.361641425204	333	3174345.51543	3174.34551543	137
3190000	3190	0.00022474483287	0.324238255847	0.360674306992	334	3184500.43655	3184.50043655	137
3200000	3200	0.000224672453784	0.324133834898	0.359755111644	335	3194279.47206	3194.27947206	137
3210000	3210	0.000224124069343	0.323342683385	0.361700569032	336	3201929.72724	3201.92972724	138
3220000	3220	0.000224849406121	0.324389123158	0.360942373099	337	3210294.90069	3210.29490069	138
3230000	3230	0.000222356400095	0.320792475727	0.359516069081	338	3224671.89066	3224.67189066	138
3240000	3240	0.000223066867093	0.321817462942	0.3582686798	340	3239177.78644	3239.17778644	138
3250000	3250	0.000223472902726	0.322403248536	0.360304217954	341	3245852.32106	3245.85232106	139
3260000	3260	0.000222575558001	0.321108653751	0.358930036102	342	3259915.25333	3259.91525333	139
3270000	3270	0.000222960291643	0.321663707069	0.358380887619	343	3266544.17951	3266.54417951	139
3280000	3280	0.000223552790173	0.322518501759	0.358380887619	343	3266544.17951	3266.54417951	139
3290000	3290	0.000222869210352	0.321532304542	0.359033420029	345	3287335.63894	3287.33563894	140
3300000	3300	0.000222826735252	0.321471025926	0.358234671913	346	3296297.21647	3296.29721647	140
3310000	3310	0.000223208052046	0.322021149774	0.357521072672	347	3304506.92188	3304.50692188	140
3320000	3320	0.00022254138299	0.321059349632	0.358706067079	348	3318747.97271	3318.74797271	141
3330000	3330	0.000222650384706	0.321216605867	0.358173665568	349	3325310.7344	3325.3107344	141
3340000	3340	0.000222801322762	0.321434363452	0.357594988639	350	3332319.53643	3332.31953643	141
3350000	3350	0.000223147939199	0.321934425267	0.358610950102	352	3349700.53063	3349.70053063	142
3360000	3360	0.000223218727252	0.32203655084	0.358610950102	352	3349700.53063	3349.70053063	142
3370000	3370	0.000222412874123	0.320873950527	0.357320623688	353	3363423.15929	3363.42315929	142
3380000	3380	0.000222526637119	0.321038075837	0.358464003716	355	3379557.06319	3379.55706319	143
3390000	3390	0.000223911135515	0.323035484807	0.358464003716	355	3379557.06319	3379.55706319	143
3400000	3400	0.00022202271236	0.320311066086	0.356809419873	357	3398476.91854	3398.47691854	143
3410000	3410	0.000223471851635	0.322401732132	0.356809419873	357	3398476.91854	3398.47691854	143
3420000	3420	0.000222897519252	0.321573145652	0.357963839301	358	3412829.27994	3412.82927994	144
3430000	3430	0.000222700822853	0.321289372732	0.357178256838	359	3421957.92009	3421.95792009	144
3440000	3440	0.000222771611985	0.321391499861	0.358220203	361	3438943.33313	3438.94333313	145
3450000	3450	0.000222453517511	0.320932586541	0.360107994924	362	3446125.93169	3446.12593169	146
3460000	3460	0.000223265093028	0.322103442516	0.35939021413	363	3454625.38748	3454.62538748	146
3470000	3470	0.0002235224855	0.322474781358	0.35859720774	364	3463880.89661	3463.88089661	146
3480000	3480	0.000223730168512	0.32277440461	0.357180565184	365	3479237.13826	3479.23713826	146
3490000	3490	0.000223619100721	0.322614167658	0.357180565184	365	3479237.13826	3479.23713826	146
3500000	3500	0.000223256583025	0.322091165176	0.357831531579	367	3499933.40062	3499.93340062	147
3510000	3510	0.000223950544761	0.323092340332	0.357831531579	367	3499933.40062	3499.93340062	147
3520000	3520	0.000224591805188	0.32401748357	0.356915780588	368	3510530.14657	3510.53014657	147
3530000	3530	0.000224120062501	0.323336902734	0.357941847315	370	3527512.82262	3527.51282262	148
3540000	3540	0.000223960328936	0.323106455912	0.359711238637	371	3535491.5124	3535.4915124	149
3550000	3550	0.000223818220221	0.322901436374	0.359066638345	372	3543449.95325	3543.44995325	149
3560000	3560	0.000225717106222	0.32564094979	0.358220906454	373	3553426.72157	3553.42672157	149
3570000	3570	0.000224392330397	0.323729702278	0.357167382962	374	3565519.51627	3565.51951627	149
3580000	3580	0.000223698218271	0.322728310156	0.355906716412	375	3579761.80912	3579.76180912	149
3590000	3590	0.000224384765281	0.323718788121	0.357801075849	376	3586317.68982	3586.31768982	150
3600000	3600	0.000223580601594	0.322558625159	0.357280794909	377	3593148.93295	3593.14893295	150
3610000	3610	0.000224130830915	0.323352438272	0.356010734751	379	3609183.60123	3609.18360123	150
3620000	3620	0.000223686043446	0.322710745596	0.355384347777	380	3617149.57142	3617.14957142	150
3630000	3630	0.000224279650084	0.323567138948	0.35704163182	381	3625965.74162	3625.96574162	151
3640000	3640	0.000223752843958	0.322807118363	0.355948904141	382	3638701.33596	3638.70133596	151
3650000	3650	0.000224093273879	0.323298254922	0.355378014613	383	3646149.26807	3646.14926807	151
3660000	3660	0.000224162990716	0.323398835056	0.354600421235	384	3655746.75037	3655.74675037	151
3670000	3670	0.000224043828888	0.323226920879	0.356326709782	385	3663729.34941	3663.72934941	152
3680000	3680	0.00022383811439	0.322930137593	0.355620511032	386	3672604.44532	3672.60444532	152
3690000	3690	0.000224193923754	0.323443461998	0.354995087551	387	3680673.0255	3680.6730255	152
3700000	3700	0.000224002560356	0.323167382972	0.35590649005	389	3698597.43383	3698.59743383	153
3710000	3710	0.000223309424767	0.322167399695	0.355220562559	390	3707334.75708	3707.33475708	153
3720000	3720	0.000223507157136	0.322452667203	0.355220562559	390	3707334.75708	3707.33475708	153
3730000	3730	0.000224149866251	0.323379900456	0.35405029014	391	3721185.46625	3721.18546625	153
3740000	3740	0.000224391549126	0.323728575142	0.353076598224	392	3733044.36708	3733.04436708	153
3750000	3750	0.000224132300403	0.323354558294	0.354197920232	394	3748740.19397	3748.74019397	154
3760000	3760	0.000223880213693	0.322990874048	0.35360119334	395	3756659.15967	3756.65915967	154
3770000	3770	0.000223740123765	0.322788767004	0.353108298757	396	3763493.87474	3763.49387474	154
3780000	3780	0.000223649366962	0.322657832613	0.354161046023	398	3779853.34982	3779.85334982	155
3790000	3790	0.00022363257335	0.322633604554	0.353558672102	399	3787880.40229	3787.88040229	155
3800000	3800	0.00022394376507	0.323082559305	0.35308590895	400	3794537.4637	3794.5374637	155
3810000	3810	0.000223407127993	0.322308355655	0.351860015294	401	3809344.61957	3809.34461957	155
3820000	3820	0.000223882886905	0.322994730677	0.353419717595	402	3818587.35276	3818.58735276	156
3830000	3830	0.00022538483031	0.325161576981	0.353419717595	402	3818587.35276	3818.58735276	156
3840000	3840	0.000224458673956	0.323825415801	0.352242295929	403	3832938.96291	3832.93896291	156
3850000	3850	0.000225081885555	0.324724520085	0.353781790165	404	3842309.69649	3842.30969649	157
3860000	3860	0.00022392808919	0.32305994379	0.352659324729	405	3856127.04951	3856.12704951	157
3870000	3870	0.000224164247451	0.323400648142	0.354418045422	406	3863017.39598	3863.01739598	158
3880000	3880	0.000223866842475	0.322971583458	0.353339567521	408	3877978.3811	3877.9783811	158
3890000	3890	0.000224037664871	0.323218028082	0.352736424432	409	3886191.26423	3886.19126423	158
3900000	3900	0.000222931718178	0.321622484272	0.354458694098	410	3893365.73993	3893.36573993	159
3910000	3910	0.000223993796765	0.323154739782	0.353868343083	411	3901440.08582	3901.44008582	159
3920000	3920	0.000224198620232	0.323450237583	0.352954340493	412	3913122.5356	3913.1225356	159
3930000	3930	0.000224045693482	0.323229610918	0.354440479328	413	3922801.58875	3922.80158875	160
3940000	3940	0.000224311896611	0.323613660853	0.355386185225	415	3939972.42981	3939.97242981	161
3950000	3950	0.000224425920458	0.323778162492	0.354640002956	416	3949838.66159	3949.83866159	161
3960000	3960	0.000223907084845	0.323029640926	0.356257909182	417	3957897.75484	3957.89775484	162
3970000	3970	0.000224481241562	0.323857973973	0.35541185062	418	3968894.61321	3968.89461321	162
3980000	3980	0.000225860269902	0.325847491322	0.35541185062	418	3968894.61321	3968.89461321	162
3990000	3990	0.000224984391011	0.324583865188	0.354399183745	419	3981811.2089	3981.8112089	162
4000000	4000	0.000224984608678	0.324584179216	0.355343995939	421	3998889.16993	3998.88916993	163
4010000	4010	0.000225256509912	0.324976449778	0.355343995939	421	3998889.16993	3998.88916993	163
4020000	4020	0.000225108870138	0.324763450608	0.355958951771	423	4019621.54567	4019.62154567	164
4030000	4030	0.000225358779949	0.325123994254	0.355958951771	423	4019621.54567	4019.62154567	164
4040000	4040	0.000225939155356	0.325961298975	0.355066390406	424	4031299.4787	4031.2994787	164
4050000	4050	0.000225885791892	0.32588431177	0.356018926981	426	4048175.47078	4048.17547078	165
4060000	4060	0.000225723696636	0.325650457747	0.356018926981	426	4048175.47078	4048.17547078	165
4070000	4070	0.000225863089598	0.325851559283	0.355068022573	427	4060588.76378	4060.58876378	165
4080000	4080	0.000226610490257	0.326929830508	0.354321880158	428	4070711.21917	4070.71121917	165
4090000	4090	0.000226756370453	0.327140291143	0.355763302546	429	4080360.19071	4080.36019071	166
4100000	4100	0.000227263350526	0.327871708779	0.35502944995	430	4090364.93518	4090.36493518	166
4110000	4110	0.000226826224227	0.327241068836	0.35595136466	431	4105920.0862	4105.9200862	167
4120000	4120	0.000226133656367	0.326241904618	0.354998682016	432	4118511.66477	4118.51166477	167
4130000	4130	0.00022603430274	0.326098567633	0.356478251822	433	4127549.13533	4127.54913533	168
4140000	4140	0.000226983105499	0.327467400668	0.355885994829	434	4135989.13258	4135.98913258	168
4150000	4150	0.000227138649083	0.327691802627	0.355242724346	435	4145048.79714	4145.04879714	168
4160000	4160	0.000227320152437	0.327953656615	0.356369221802	436	4158112.03727	4158.11203727	169
4170000	4170	0.000227193014622	0.32777023552	0.355693011894	437	4167587.41605	4167.58741605	169
4180000	4180	0.000227922469202	0.328822616024	0.355693011894	437	4167587.41605	4167.58741605	169
4190000	4190	0.00022722318229	0.327813758264	0.356707285481	438	4181898.88698	4181.89888698	170
4200000	4200	0.000227110671966	0.327651440179	0.355599335175	440	4198070.70382	4198.07070382	170
4210000	4210	0.000227368176088	0.328022940098	0.355022953098	441	4206454.57066	4206.45457066	170
4220000	4220	0.00022724331845	0.327842808603	0.356560975818	442	4214514.31753	4214.51431753	171
4230000	4230	0.00022689274396	0.327337036525	0.356014884596	443	4222544.95244	4222.54495244	171
4240000	4240	0.000227524929115	0.328249086913	0.355294573589	444	4232671.21125	4232.67121125	171
4250000	4250	0.000227656035452	0.328438233374	0.356328468613	446	4248200.51196	4248.20051196	172
4260000	4260	0.000227722932513	0.328534745433	0.357973208681	447	4254828.65681	4254.82865681	173
4270000	4270	0.000228181093509	0.32919573203	0.357179373756	448	4265846.55629	4265.84655629	173
4280000	4280	0.000227816872429	0.328670272084	0.356169782301	449	4279500.86883	4279.50086883	173
4290000	4290	0.000228051961663	0.329009434156	0.356169782301	449	4279500.86883	4279.50086883	173
4300000	4300	0.000227681090389	0.328474380008	0.357195808302	450	4293437.63737	4293.43763737	174
4310000	4310	0.000227465163225	0.32816286296	0.356190139818	452	4308685.07546	4308.68507546	174
4320000	4320	0.000227585579149	0.328336586416	0.35781637789	453	4315311.88179	4315.31188179	175
4330000	4330	0.000227303736717	0.327929973737	0.357285655253	454	4323280.16131	4323.28016131	175
4340000	4340	0.000227543707714	0.328276178704	0.356349407926	456	4337753.11001	4337.75311001	175
4350000	4350	0.000227809471872	0.328659595337	0.357968280439	457	4344364.98279	4344.36498279	176
4360000	4360	0.000227871909473	0.328749673755	0.357078250266	458	4356747.7592	4356.7477592	176
4370000	4370	0.000228632059295	0.329846338133	0.357078250266	458	4356747.7592	4356.7477592	176
4380000	4380	0.000228091209534	0.329066056865	0.357504206722	460	4379393.89126	4379.39389126	177
4390000	4390	0.000229684390624	0.331364531322	0.357504206722	460	4379393.89126	4379.39389126	177
4400000	4400	0.000228294627913	0.329359527552	0.358124720212	462	4399616.22431	4399.61622431	178
4410000	4410	0.000228128506189	0.329119864565	0.359619466179	463	4407496.22773	4407.49622773	179
4420000	4420	0.00022740994492	0.328083199785	0.359057953491	464	4415940.6099	4415.9406099	179
4430000	4430	0.000227459224941	0.328154295828	0.359057953491	464	4415940.6099	4415.9406099	179
4440000	4440	0.000227425505458	0.328105648896	0.357416432471	466	4439329.52081	4439.32952081	179
4450000	4450	0.000227635875588	0.328409148839	0.356781479322	467	4448781.63918	4448.78163918	179
4460000	4460	0.000227510438032	0.328228180699	0.356781479322	467	4448781.63918	4448.78163918	179
4470000	4470	0.000226919833201	0.327376118039	0.357740450933	468	4463195.72014	4463.19572014	180
4480000	4480	0.000228433394634	0.329559725612	0.357208507828	469	4471393.8925	4471.3938925	180
4490000	4490	0.000227266579959	0.327876367866	0.356170783716	470	4485974.49154	4485.97449154	180
4500000	4500	0.000227527823786	0.328253263041	0.357660611597	471	4493658.27845	4493.65827845	181
4510000	4510	0.000227656188137	0.328438453653	0.358789634396	473	4507367.50707	4507.36750707	182
4520000	4520	0.000227326501487	0.327962816358	0.358301436575	474	4515056.6148	4515.0566148	182
4530000	4530	0.000227297140187	0.327920456956	0.357761441151	475	4523418.25542	4523.41825542	182
4540000	4540	0.000226430711383	0.326670464418	0.3567492166	476	4537800.66667	4537.80066667	182
4550000	4550	0.000226243360752	0.32640017459	0.35818477038	477	4545993.72475	4545.99372475	183
4560000	4560	0.000225610228684	0.325486758096	0.357782462345	478	4552650.83477	4552.65083477	183
4570000	4570	0.000225890833828	0.325891585745	0.356766449093	480	4568705.89469	4568.70589469	183
4580000	4580	0.000226539680711	0.326827673926	0.356349473275	481	4575593.78254	4575.59378254	183
4590000	4590	0.000226738352805	0.327114297171	0.357679808693	482	4585027.16118	4585.02716118	184
4600000	4600	0.000226100243326	0.32619369979	0.356680390709	483	4599416.86855	4599.41686855	184
4610000	4610	0.000226254634541	0.32641643923	0.358093228686	484	4607709.8552	4607.7098552	185
4620000	4620	0.000226595477102	0.326908171103	0.357624845264	485	4615284.97032	4615.28497032	185
4630000	4630	0.000226389454772	0.326610943709	0.357624845264	485	4615284.97032	4615.28497032	185
4640000	4640	0.000226704529686	0.327065500726	0.356605574739	486	4630018.23338	4630.01823338	185
4650000	4650	0.000227267591747	0.327877827568	0.357444791211	487	4645659.25083	4645.65925083	186
4660000	4660	0.000226290221129	0.326467779825	0.358538913086	488	4657926.43746	4657.92643746	187
4670000	4670	0.000227137039056	0.327689479848	0.358538913086	488	4657926.43746	4657.92643746	187
4680000	4680	0.00022681627498	0.327226715107	0.359133193391	490	4678175.01543	4678.17501543	188
4690000	4690	0.000227538516379	0.328268689192	0.359133193391	490	4678175.01543	4678.17501543	188
4700000	4700	0.000227736789102	0.328554736266	0.358266890007	491	4691030.4557	4691.0304557	188
4710000	4710	0.000227315562418	0.327947034617	0.35732507455	492	4704939.13454	4704.93913454	188
4720000	4720	0.00022797267496	0.328895047623	0.358457782403	493	4716563.47853	4716.56347853	189
4730000	4730	0.000227359574275	0.328010530305	0.357602814699	494	4729385.05306	4729.38505306	189
4740000	4740	0.000228213523893	0.329242519184	0.359014971002	495	4737251.1823	4737.2511823	190
4750000	4750	0.000228864956008	0.330182337066	0.358402242912	496	4746893.56058	4746.89356058	190
4760000	4760	0.00022885495683	0.330167911301	0.359520120272	497	4758583.43795	4758.58343795	191
4770000	4770	0.000228633842135	0.329848910228	0.360830317642	498	4767671.35921	4767.67135921	192
4780000	4780	0.000228752295686	0.330019802578	0.360347496948	499	4775601.46137	4775.60146137	192
4790000	4790	0.000228845653097	0.330154488852	0.359953637888	500	4782367.50921	4782.36750921	192
4800000	4800	0.000228855238915	0.330168318264	0.360777748683	502	4799375.54972	4799.37554972	193
4810000	4810	0.00022878568644	0.330067975253	0.360379558283	503	4806216.04645	4806.21604645	193
4820000	4820	0.000228690462232	0.329930595761	0.359877041684	504	4814463.89891	4814.46389891	193
4830000	4830	0.000228372994294	0.329472586341	0.361259127671	505	4822430.61731	4822.43061731	194
4840000	4840	0.000228471909097	0.329615290237	0.360303854444	507	4838286.6691	4838.2866691	194
4850000	4850	0.000228983327379	0.330353110856	0.360303854444	507	4838286.6691	4838.2866691	194
4860000	4860	0.000228552626941	0.32973174147	0.359318084264	508	4853095.08651	4853.09508651	194
4870000	4870	0.000228982425509	0.330351809733	0.360609004785	509	4862182.41009	4862.18241009	195
4880000	4880	0.000228524048015	0.329690510795	0.359749700986	511	4876862.97994	4876.86297994	195
4890000	4890	0.000228542310492	0.32971685798	0.3591888023	512	4886009.77749	4886.00977749	195
4900000	4900	0.000228813794754	0.330108526979	0.360459142137	513	4895289.1931	4895.2891931	196
4910000	4910	0.0002289578033	0.330316287394	0.360459142137	513	4895289.1931	4895.2891931	196
4920000	4920	0.000229564323166	0.331191310597	0.359488843548	514	4910033.90876	4910.03390876	196
4930000	4930	0.000228314818917	0.329388657014	0.360381333257	515	4924396.11816	4924.39611816	197
4940000	4940	0.000228081709487	0.329052351194	0.359906467379	516	4932425.31107	4932.42531107	197
4950000	4950	0.000228727601597	0.329984176538	0.359281943821	517	4942530.68709	4942.53068709	197
4960000	4960	0.000228542329799	0.329716885835	0.360550050035	518	4951678.80518	4951.67880518	198
4970000	4970	0.00022975216626	0.331462310897	0.359984711167	519	4960985.5886	4960.9855886	198
4980000	4980	0.000228550872086	0.32972920975	0.359027276719	520	4975746.8104	4975.7468104	198
4990000	4990	0.000228933206258	0.330280801363	0.360174663884	521	4986477.26501	4986.47726501	199
5000000	5000	0.000228500646356	0.329656749338	0.360174663884	521	4986477.26501	4986.47726501	199
5010000	5010	0.000228724453695	0.329979635076	0.359284037598	522	5000370.47381	5000.37047381	199
5020000	5020	0.000228467318272	0.329608667076	0.360063815582	524	5017678.87281	5017.67887281	200
5030000	5030	0.000228304763084	0.329374149513	0.361249949506	525	5027740.2076	5027.7402076	201
5040000	5040	0.000228268531152	0.329321877884	0.360785615129	526	5035740.45267	5035.74045267	201
5050000	5050	0.000229321922489	0.330841600342	0.362214843811	527	5042353.12229	5042.35312229	202
5060000	5060	0.000229206579792	0.330675196006	0.361397113598	528	5055291.10048	5055.29110048	202
5070000	5070	0.000229208999676	0.33067868716	0.362548558824	529	5065710.81159	5065.71081159	203
5080000	5080	0.000229091989437	0.330509877068	0.36208737146	530	5073690.49666	5073.69049666	203
5090000	5090	0.000228907800186	0.330244148149	0.361591581586	531	5082173.94402	5082.17394402	203
5100000	5100	0.000228897679441	0.330229547001	0.36245871584	533	5098043.53073	5098.04353073	204
5110000	5110	0.000228482997053	0.329631286775	0.362063318685	534	5105134.58469	5105.13458469	204
5120000	5120	0.000228814338979	0.33010931213	0.361585327323	535	5113406.03965	5113.40603965	204
5130000	5130	0.000229108145686	0.330533185608	0.361165166242	536	5120876.45134	5120.87645134	204
5140000	5140	0.000228838435954	0.330144076716	0.361977130975	538	5137478.65595	5137.47865595	205
5150000	5150	0.000228854834126	0.330167734277	0.361439893322	539	5146634.43143	5146.63443143	205
5160000	5160	0.000229484666492	0.331076390308	0.36259806965	540	5156740.11944	5156.74011944	206
5170000	5170	0.000229017111723	0.330401851362	0.361815684973	541	5169410.67828	5169.41067828	206
5180000	5180	0.000228463959813	0.329603821844	0.363112677529	542	5177469.60627	5177.46960627	207
5190000	5190	0.00022888623359	0.330213034128	0.362449521246	543	5188461.36094	5188.46136094	207
5200000	5200	0.000229483958397	0.331075368743	0.362449521246	543	5188461.36094	5188.46136094	207
5210000	5210	0.000229257280642	0.33074834187	0.362910641026	545	5209941.97895	5209.94197895	208
5220000	5220	0.000230034286299	0.331869324078	0.362520524014	546	5217065.95911	5217.06595911	208
5230000	5230	0.000229907720155	0.331686727729	0.362520524014	546	5217065.95911	5217.06595911	208
5240000	5240	0.00022988765897	0.331657785557	0.362989583351	548	5238411.21771	5238.41121771	209
5250000	5250	0.000230137798468	0.33201866057	0.36257187911	549	5245962.35516	5245.96235516	209
5260000	5260	0.000229881382689	0.331648730798	0.361710137517	550	5259977.40903	5259.97740903	209
5270000	5270	0.000230000970203	0.331821259111	0.363079610942	551	5266725.88922	5266.72588922	210
5280000	5280	0.000230027572748	0.331859638472	0.362554593954	552	5275867.87707	5275.86787707	210
5290000	5290	0.000230204666706	0.332115131046	0.36202632924	553	5285081.0458	5285.0810458	210
5300000	5300	0.00023038327481	0.332372808073	0.363095910442	554	5296120.23086	5296.12023086	211
5310000	5310	0.000230304143596	0.332258645863	0.363095910442	554	5296120.23086	5296.12023086	211
5320000	5320	0.000230268944676	0.332207864554	0.36175152799	556	5318834.66267	5318.83466267	211
5330000	5330	0.00023005404985	0.331897836856	0.363085905566	557	5325916.19789	5325.91619789	212
5340000	5340	0.00023004066021	0.331878519688	0.362627187339	558	5334166.2888	5334.1662888	212
5350000	5350	0.000230208985015	0.33212136105	0.362226579115	559	5341577.50921	5341.57750921	212
5360000	5360	0.000230331957907	0.332298773431	0.361709530732	560	5350724.36624	5350.72436624	212
5370000	5370	0.00023116843922	0.333505560873	0.3628887606	561	5360004.89349	5360.00489349	213
5380000	5380	0.00023068965052	0.332814814789	0.361955820504	562	5375332.28087	5375.33228087	213
5390000	5390	0.000230307090044	0.332262896689	0.361138088984	563	5389016.46279	5389.01646279	213
5400000	5400	0.000231512581824	0.334002053701	0.361138088984	563	5389016.46279	5389.01646279	213
5410000	5410	0.000230595062802	0.332678353558	0.361950023829	564	5403685.20693	5403.68520693	214
5420000	5420	0.000229576467044	0.331208830509	0.361065054633	565	5418444.36386	5418.44436386	214
5430000	5430	0.000230525874702	0.332578536229	0.362163642176	566	5428765.59999	5428.76559999	215
5440000	5440	0.000231106669221	0.333416445602	0.361750344836	567	5436481.50427	5436.48150427	215
5450000	5450	0.000231018149737	0.333288738981	0.36305562393	568	5443643.47374	5443.64347374	216
5460000	5460	0.000230951575591	0.333192692791	0.362195114198	570	5459600.73463	5459.60073463	216
5470000	5470	0.000230968101138	0.333216534115	0.362195114198	570	5459600.73463	5459.60073463	216
5480000	5480	0.000230280825069	0.332225004338	0.363033096259	571	5473727.61726	5473.72761726	217
5490000	5490	0.000230663585527	0.332777210954	0.362163873558	573	5489887.4888	5489.8874888	217
5500000	5500	0.000231111768491	0.333423802293	0.362163873558	573	5489887.4888	5489.8874888	217
5510000	5510	0.000231268404044	0.333649779628	0.362844873992	575	5507855.55768	5507.85555768	218
5520000	5520	0.000231393427689	0.333830150621	0.362520142111	576	5514296.77445	5514.29677445	218
5530000	5530	0.000231636013976	0.334180128654	0.3617533646	578	5528998.46833	5528.99846833	218
5540000	5540	0.000231151305813	0.333480842591	0.362986538031	579	5536995.64101	5536.99564101	219
5550000	5550	0.000231524398986	0.334019102262	0.362479573251	580	5546243.81364	5546.24381364	219
5560000	5560	0.000231869398681	0.334516831611	0.36176663617	581	5558678.33663	5558.67833663	219
5570000	5570	0.000231666558472	0.334224195047	0.363059022732	582	5565686.15272	5565.68615272	220
5580000	5580	0.000231975792284	0.334670325135	0.362629474143	583	5573781.50489	5573.78150489	220
5590000	5590	0.000231985383846	0.334684162834	0.361921784248	585	5587683.60237	5587.68360237	220
5600000	5600	0.000231498786471	0.333982151213	0.363176425663	586	5595190.43979	5595.19043979	221
5610000	5610	0.000231688698087	0.334256135761	0.362726912458	587	5603623.0546	5603.6230546	221
5620000	5620	0.000231130303744	0.33345054301	0.361902940524	588	5617880.81983	5617.88081983	221
5630000	5630	0.000231082158109	0.333381083542	0.361414665784	589	5626969.67665	5626.96967665	221
5640000	5640	0.000231114411338	0.333427615115	0.361002395988	590	5634893.96604	5634.89396604	221
5650000	5650	0.00023104306053	0.333324677659	0.362294976312	591	5641693.40653	5641.69340653	222
5660000	5660	0.000230948838281	0.333188743687	0.361397082878	593	5658704.22943	5658.70422943	222
5670000	5670	0.000231407375125	0.333850272518	0.361397082878	593	5658704.22943	5658.70422943	222
5680000	5680	0.000231261542243	0.333639880142	0.360634434217	594	5672167.29944	5672.16729944	222
5690000	5690	0.000231865941039	0.334511843288	0.361758333832	595	5681512.0321	5681.5120321	223
5700000	5700	0.000231226128561	0.333588788999	0.360946478437	596	5695787.88791	5695.78788791	223
5710000	5710	0.000231591938725	0.334116541509	0.361911330352	598	5709067.94494	5709.06794494	224
5720000	5720	0.000231323737055	0.333729608289	0.361911330352	598	5709067.94494	5709.06794494	224
5730000	5730	0.000230787299216	0.33295569208	0.3611073537	599	5723274.00705	5723.27400705	224
5740000	5740	0.000231554145936	0.33406201804	0.360619377148	600	5732513.33031	5732.51333031	224
5750000	5750	0.00023177344443	0.334378398889	0.359924625603	601	5745073.82209	5745.07382209	224
5760000	5760	0.000231833769925	0.334465430182	0.361033254783	602	5754496.01871	5754.49601871	225
5770000	5770	0.000231624595661	0.334163655509	0.360338235079	603	5767090.44689	5767.09044689	225
5780000	5780	0.000231651341641	0.334202241801	0.361468331991	604	5776106.19329	5776.10619329	226
5790000	5790	0.000231653186775	0.334204903767	0.361002092614	605	5785060.20823	5785.06020823	226
5800000	5800	0.000231393532435	0.333830301738	0.360318221242	606	5797534.50454	5797.53450454	226
5810000	5810	0.000231496116147	0.333978298751	0.361508052272	607	5805515.12236	5805.51512236	227
5820000	5820	0.000231386151265	0.333819652961	0.361062800872	608	5814167.34286	5814.16734286	227
5830000	5830	0.00023122883721	0.333592696753	0.360659691181	609	5822158.09587	5822.15809587	227
5840000	5840	0.000231425102389	0.333875847554	0.360186196577	610	5831303.56779	5831.30356779	227
5850000	5850	0.000231472229307	0.333943837325	0.361291775299	611	5840560.61662	5840.56061662	228
5860000	5860	0.000231781523837	0.334390055009	0.36052325867	612	5854502.80217	5854.50280217	228
5870000	5870	0.000231653677148	0.334205611226	0.361604858057	613	5864083.84771	5864.08384771	229
5880000	5880	0.000231467492159	0.333937003065	0.3612050904	614	5872064.86277	5872.06486277	229
5890000	5890	0.00023146759669	0.333937153872	0.360362586873	616	5888774.79273	5888.77479273	229
5900000	5900	0.00023132978494	0.333738333543	0.361453475281	617	5898128.75515	5898.12875515	230
5910000	5910	0.000231566775708	0.334080238948	0.361453475281	617	5898128.75515	5898.12875515	230
5920000	5920	0.000231342363009	0.333756479861	0.360370528006	619	5918833.04004	5918.83304004	230
5930000	5930	0.000231774167412	0.334379441931	0.360370528006	619	5918833.04004	5918.83304004	230
5940000	5940	0.000230746238639	0.332896454189	0.361124053521	620	5933652.76205	5933.65276205	231
5950000	5950	0.00023107895986	0.333376469445	0.361939815028	622	5948886.33212	5948.88633212	232
5960000	5960	0.000231958334789	0.334645139294	0.361939815028	622	5948886.33212	5948.88633212	232
5970000	5970	0.000231661492476	0.33421688636	0.361242243411	623	5961862.26053	5961.86226053	232
5980000	5980	0.000231617511825	0.334153435693	0.360450091104	624	5976453.79469	5976.45379469	232
5990000	5990	0.000231852936578	0.334493081817	0.361601088922	625	5984597.53228	5984.59753228	233
6000000	6000	0.000231682181365	0.334246734117	0.360843499496	626	5998651.47732	5998.65147732	233
6010000	6010	0.000231666266827	0.334223774292	0.36207941451	627	6005321.41553	6005.32141553	234
6020000	6020	0.000231749992277	0.334344564583	0.361617013491	628	6014488.18529	6014.48818529	234
6030000	6030	0.000232040944075	0.334764319301	0.360895725807	630	6029483.09081	6029.48309081	234
6040000	6040	0.000231906324057	0.334570103668	0.362023163296	631	6037877.75876	6037.87775876	235
6050000	6050	0.000231897017383	0.334556676975	0.362023163296	631	6037877.75876	6037.87775876	235
6060000	6060	0.000231620671538	0.334157994195	0.361254907835	632	6052204.21482	6052.20421482	235
6070000	6070	0.000231511345727	0.334000270389	0.36051759051	634	6067553.23364	6067.55323364	235
6080000	6080	0.000231571032481	0.334086380173	0.361634835494	635	6076031.40187	6076.03140187	236
6090000	6090	0.000231031620088	0.333308172589	0.361634835494	635	6076031.40187	6076.03140187	236
6100000	6100	0.000231186046545	0.333530962873	0.360410660563	637	6099640.04188	6099.64004188	236
6110000	6110	0.000231442504854	0.333900954004	0.360410660563	637	6099640.04188	6099.64004188	236
6120000	6120	0.000230551003071	0.332614788802	0.359651369569	638	6114002.51161	6114.00251161	236
6130000	6130	0.000230740170512	0.332887699731	0.360789085159	639	6122031.9115	6122.0319115	237
6140000	6140	0.000230703607276	0.332834950132	0.36028153011	640	6132140.48973	6132.14048973	237
6150000	6150	0.000230774285724	0.332936917579	0.359829699119	641	6141324.06235	6141.32406235	237
6160000	6160	0.000230894527887	0.333110390351	0.359325404548	642	6151426.42427	6151.42642427	237
6170000	6170	0.000230877612077	0.333085985995	0.359972495371	644	6169244.16601	6169.24416601	238
6180000	6180	0.000230031037352	0.331864636839	0.359592574126	645	6177243.7286	6177.2437286	238
6190000	6190	0.000230770413167	0.332931330661	0.360646092793	646	6186558.89903	6186.55889903	239
6200000	6200	0.000230760670795	0.332917275388	0.360646092793	646	6186558.89903	6186.55889903	239
6210000	6210	0.000231733291195	0.334320470016	0.359874965424	647	6201297.25318	6201.29725318	239
6220000	6220	0.000230776347885	0.332939892648	0.360609445167	648	6216043.50838	6216.04350838	240
6230000	6230	0.000230906823376	0.333128128992	0.360609445167	648	6216043.50838	6216.04350838	240
6240000	6240	0.000230444673441	0.332461387573	0.361090970845	650	6236587.164	6236.587164	241
6250000	6250	0.000230443296237	0.332459400687	0.360744665122	651	6244055.77538	6244.05577538	241
6260000	6260	0.000230807861927	0.332985357801	0.36034102911	652	6252531.0835	6252.5310835	241
6270000	6270	0.000229962537655	0.331765812666	0.359610471667	653	6266715.01612	6266.71501612	241
6280000	6280	0.000230126994664	0.332003073977	0.359158204369	654	6276087.68929	6276.08768929	241
6290000	6290	0.000229551379448	0.33117263676	0.35994231173	655	6289882.82721	6289.88282721	242
6300000	6300	0.000229694663858	0.331379352466	0.359629018362	656	6296843.32881	6296.84332881	242
6310000	6310	0.000229600717203	0.331243816094	0.359256717906	657	6304849.09732	6304.84909732	242
6320000	6320	0.000230803964235	0.33297973462	0.358964261688	658	6311465.0539	6311.4650539	242
6330000	6330	0.000230140836501	0.332023043526	0.359733364642	659	6325475.8797	6325.4758797	243
6340000	6340	0.000229591059952	0.331229883625	0.35901093488	660	6339685.16536	6339.68516536	243
6350000	6350	0.000230153780152	0.332041717268	0.360187523107	661	6346459.63549	6346.45963549	244
6360000	6360	0.000230117948921	0.331990023728	0.359800382544	662	6354767.36043	6354.76736043	244
6370000	6370	0.000230009737735	0.331833907987	0.360611910878	664	6369408.75051	6369.40875051	245
6380000	6380	0.000230283315916	0.332228597872	0.36015620531	665	6378944.87467	6378.94487467	245
6390000	6390	0.0002301116855	0.331980987522	0.36015620531	665	6378944.87467	6378.94487467	245
6400000	6400	0.000229721103076	0.331417496196	0.360901056477	666	6393240.02213	6393.24002213	246
6410000	6410	0.000229745735008	0.331453032562	0.360124149508	668	6409987.38658	6409.98738658	246
6420000	6420	0.000229682433185	0.331361707335	0.361133789316	669	6419526.72816	6419.52672816	247
6430000	6430	0.000230065960979	0.331915020982	0.360709179816	670	6428559.06983	6428.55906983	247
6440000	6440	0.000230274264797	0.332215539867	0.360709179816	670	6428559.06983	6428.55906983	247
6450000	6450	0.000230648455143	0.332755382423	0.36152023115	671	6441581.13567	6441.58113567	248
6460000	6460	0.000229947269982	0.331743786069	0.360812366448	672	6455695.3626	6455.6953626	248
6470000	6470	0.000229822157652	0.331563287131	0.360449604951	673	6463668.47477	6463.66847477	248
6480000	6480	0.000229592622018	0.33123213721	0.361247161875	675	6478354.50705	6478.35450705	249
6490000	6490	0.000229578122384	0.33121121866	0.360820838533	676	6487482.78827	6487.48278827	249
6500000	6500	0.000229687963683	0.331369686158	0.360397615896	677	6496574.5904	6496.5745904	249
6510000	6510	0.000229712017142	0.331404387964	0.361486952088	678	6504481.97979	6504.48197979	250
6520000	6520	0.000229503907266	0.331104148877	0.360824394077	680	6519370.01115	6519.37001115	250
6530000	6530	0.000229548615723	0.331168649547	0.360537154906	681	6526034.04388	6526.03404388	250
6540000	6540	0.000229518084674	0.331124602553	0.360119650139	682	6535069.61186	6535.06961186	250
6550000	6550	0.000229637670118	0.331297127881	0.361275223079	683	6541691.85393	6541.69185393	251
6560000	6560	0.000229434095381	0.331003431618	0.360523525276	685	6558268.29284	6558.26829284	251
6570000	6570	0.000229517681625	0.331124021077	0.361526920355	686	6567589.26485	6567.58926485	252
6580000	6580	0.000229896727257	0.33167086833	0.361526920355	686	6567589.26485	6567.58926485	252
6590000	6590	0.00023034800169	0.332321919716	0.360791960886	687	6582435.75868	6582.43575868	252
6600000	6600	0.000229343078321	0.330872121756	0.360087619288	688	6596779.75845	6596.77975845	252
6610000	6610	0.0002293231169	0.330843323512	0.361162997251	689	6604705.19363	6604.70519363	253
6620000	6620	0.000229275035499	0.330773956714	0.360872017194	690	6611497.65538	6611.49765538	253
6630000	6630	0.000229230265766	0.330709367642	0.360096579836	692	6628668.73847	6628.66873847	253
6640000	6640	0.000229461498295	0.331042965665	0.360096579836	692	6628668.73847	6628.66873847	253
6650000	6650	0.000228961866888	0.330322149912	0.360548721775	694	6649456.74679	6649.45674679	254
6660000	6660	0.000229107477375	0.33053222144	0.360285544084	695	6655778.47335	6655.77847335	254
6670000	6670	0.000229090801027	0.330508162555	0.361351065332	696	6663742.88734	6663.74288734	255
6680000	6680	0.000229360289801	0.330896952672	0.360941143928	697	6672774.2908	6672.7742908	255
6690000	6690	0.000228915466615	0.330255208468	0.360334144995	698	6685478.62073	6685.47862073	255
6700000	6700	0.00022870494053	0.32995148353	0.359961921169	699	6693854.99651	6693.85499651	255
6710000	6710	0.000228253951144	0.329300843379	0.360678740255	700	6708213.63888	6708.21363888	256
6720000	6720	0.000228542916115	0.329717731709	0.360327815481	701	6716210.01303	6716.21001303	256
6730000	6730	0.000229000380282	0.330377712994	0.360051751986	702	6722821.80283	6722.82180283	256
6740000	6740	0.000228884837256	0.330211019644	0.359470985316	703	6735145.82245	6735.14582245	256
6750000	6750	0.000228903385887	0.330237779662	0.360464094041	704	6744288.72717	6744.28872717	257
6760000	6760	0.000229188704289	0.330649407106	0.360049741005	705	6753511.92079	6753.51192079	257
6770000	6770	0.000229066734239	0.330473441519	0.359514284774	706	6765032.34206	6765.03234206	257
6780000	6780	0.000229210053373	0.330680207324	0.360557352391	707	6773169.69477	6773.16969477	258
6790000	6790	0.000229250098315	0.330737979962	0.359836445327	708	6788201.31657	6788.20131657	258
6800000	6800	0.000229517019125	0.331123065292	0.359836445327	708	6788201.31657	6788.20131657	258
6810000	6810	0.000229746240685	0.331453762099	0.35922325664	709	6801251.15423	6801.25115423	258
6820000	6820	0.000229203777565	0.330671153247	0.359934586459	710	6815582.5331	6815.5825331	259
6830000	6830	0.000229133287303	0.330569457295	0.35959557064	711	6823470.55829	6823.47055829	259
6840000	6840	0.000229029336274	0.33041948766	0.358916197355	713	6839310.70567	6839.31070567	259
6850000	6850	0.000229532212137	0.331144984175	0.358916197355	713	6839310.70567	6839.31070567	259
6860000	6860	0.000229428677234	0.330995614883	0.359477568948	715	6857918.44939	6857.91844939	260
6870000	6870	0.000229401614201	0.33095657118	0.359135022295	716	6865919.35905	6865.91935905	260
6880000	6880	0.000229664291608	0.331335534572	0.358721479229	717	6875293.96222	6875.29396222	260
6890000	6890	0.000229278424864	0.330778846534	0.358080124947	718	6889068.21946	6889.06821946	260
6900000	6900	0.000229169412322	0.33062157468	0.359166542845	719	6896105.35006	6896.10535006	261
6910000	6910	0.00022933280708	0.330857303487	0.35881812824	720	6904260.02247	6904.26002247	261
6920000	6920	0.000229119501545	0.33054956865	0.358294934028	722	6917257.06014	6917.25706014	261
6930000	6930	0.000229140156237	0.330579367071	0.359266732023	723	6926433.64796	6926.43364796	262
6940000	6940	0.000229165562572	0.330616020664	0.358838774655	724	6936150.15493	6936.15015493	262
6950000	6950	0.0002291972048	0.330661670751	0.358500513515	725	6944150.00423	6944.15000423	262
6960000	6960	0.000229151688919	0.330596005214	0.359461394623	726	6953475.96843	6953.47596843	263
6970000	6970	0.000229184846213	0.330643841079	0.358744643277	727	6968824.44249	6968.82444249	263
6980000	6980	0.000229385585694	0.330933446932	0.358744643277	727	6968824.44249	6968.82444249	263
6990000	6990	0.000229029869043	0.330420256284	0.359199377118	729	6989379.04984	6989.37904984	264
7000000	7000	0.000228921275818	0.330263589377	0.358801578008	730	6998583.21286	6998.58321286	264
7010000	7010	0.000229168763981	0.330620639321	0.358354313741	731	7008773.13046	7008.77313046	264
7020000	7020	0.000228379869033	0.329482504492	0.359377723503	732	7016741.13955	7016.74113955	265
7030000	7030	0.000228941248881	0.330292404415	0.359034515438	733	7024902.2849	7024.9022849	265
7040000	7040	0.000228894511513	0.330224976646	0.358513385866	735	7038019.26512	7038.01926512	265
7050000	7050	0.000228569958352	0.329756745411	0.358185728712	736	7045908.63357	7045.90863357	265
7060000	7060	0.000228803671895	0.330093922781	0.359244686242	737	7053099.55097	7053.09955097	266
7070000	7070	0.000229339609409	0.330867117174	0.358884789225	738	7061622.44738	7061.62244738	266
7080000	7080	0.000228953565392	0.330310173385	0.359573319702	740	7077496.32833	7077.49632833	267
7090000	7090	0.000229017673954	0.33040266249	0.359228520626	741	7085737.60817	7085.73760817	267
7100000	7100	0.000228830114797	0.330132071823	0.358927856529	742	7093120.46766	7093.12046766	267
7110000	7110	0.00022888560178	0.33021212262	0.359620442832	744	7108868.84306	7108.86884306	268
7120000	7120	0.000228750551293	0.33001728595	0.359268498101	745	7117278.32089	7117.27832089	268
7130000	7130	0.000228447034801	0.329579404213	0.359268498101	745	7117278.32089	7117.27832089	268
7140000	7140	0.000228338202278	0.329422392072	0.358620848711	746	7131577.92421	7131.57792421	268
7150000	7150	0.000228187232815	0.329204589177	0.357931595437	748	7148203.0306	7148.2030306	268
7160000	7160	0.000228050021336	0.329006634856	0.357548169107	749	7157313.31489	7157.31331489	268
7170000	7170	0.000228156516189	0.329160274453	0.358526962502	750	7165851.25799	7165.85125799	269
7180000	7180	0.000228104122919	0.329084686942	0.358200296376	751	7173829.87461	7173.82987461	269
7190000	7190	0.000227921295593	0.328820922866	0.357862409601	752	7182046.31766	7182.04631766	269
7200000	7200	0.000227954201934	0.328868396679	0.357193979913	754	7198372.07921	7198.37207921	269
7210000	7210	0.000227879025859	0.328759940529	0.358234662617	755	7205583.75446	7205.58375446	270
7220000	7220	0.000228451249142	0.329585484222	0.357966458009	756	7212422.83117	7212.42283117	270
7230000	7230	0.000227865060248	0.328739792411	0.357304019908	758	7228674.87181	7228.67487181	270
7240000	7240	0.000227892625539	0.32877956072	0.356969303901	759	7236891.55378	7236.89155378	270
7250000	7250	0.000227769231681	0.328601541014	0.358005256667	760	7244113.93844	7244.11393844	271
7260000	7260	0.000227832438963	0.328692729846	0.35767448841	761	7252250.44124	7252.25044124	271
7270000	7270	0.000228260966345	0.329310964175	0.356965481278	762	7268093.20196	7268.09320196	271
7280000	7280	0.000228018757673	0.328961530924	0.356965481278	762	7268093.20196	7268.09320196	271
7290000	7290	0.000228161301111	0.329167177635	0.356432187106	763	7280406.287	7280.406287	271
7300000	7300	0.000228255271042	0.329302747589	0.356983456631	765	7298864.6578	7298.8646578	272
7310000	7310	0.000228423684739	0.329545717194	0.357902617113	766	7308322.5263	7308.3225263	273
7320000	7320	0.000228428792021	0.329553085445	0.357621363372	767	7315507.02358	7315.50702358	273
7330000	7330	0.000228548763002	0.329726166985	0.357347071241	768	7322558.30057	7322.55830057	273
7340000	7340	0.000228400577345	0.329512380271	0.358090949962	770	7336984.66947	7336.98466947	274
7350000	7350	0.000228333852181	0.329416116209	0.35777420554	771	7344914.22519	7344.91422519	274
7360000	7360	0.000228182839332	0.329198250721	0.357427597358	772	7353470.31857	7353.47031857	274
7370000	7370	0.000227851286901	0.328719921672	0.358117151428	773	7367531.14326	7367.53114326	275
7380000	7380	0.000227801428952	0.328647991856	0.35769995728	774	7377558.00422	7377.55800422	275
7390000	7390	0.000228311053916	0.329383225264	0.357360629726	775	7385996.71588	7385.99671588	275
7400000	7400	0.000228085899192	0.329058395661	0.358278920761	776	7395288.39378	7395.28839378	276
7410000	7410	0.000227841802425	0.328706238465	0.357733709361	777	7407992.78417	7407.99278417	276
7420000	7420	0.000228331449764	0.329412650254	0.357401477142	778	7416312.0209	7416.3120209	276
7430000	7430	0.000228037746199	0.328988925576	0.357401477142	778	7416312.0209	7416.3120209	276
7440000	7440	0.000227984826612	0.328912578751	0.357746597393	780	7438870.18438	7438.87018438	277
7450000	7450	0.000228163549979	0.329170422066	0.357746597393	780	7438870.18438	7438.87018438	277
7460000	7460	0.000227835372663	0.328696962279	0.357148723629	781	7452756.60913	7452.75660913	277
7470000	7470	0.000227540784909	0.328271961989	0.357810365759	783	7468697.66219	7468.69766219	278
7480000	7480	0.000228371962544	0.32947109784	0.357810365759	783	7468697.66219	7468.69766219	278
7490000	7490	0.000227564240077	0.328305800643	0.357199456159	784	7482904.27261	7482.90427261	278
7500000	7500	0.000227882021248	0.328764261962	0.356827291809	785	7492141.54842	7492.14154842	278
7510000	7510	0.000227923097685	0.328823522734	0.356307313147	786	7504508.24601	7504.50824601	278
7520000	7520	0.000227857054907	0.328728243146	0.357034446824	787	7517597.68615	7517.59768615	279
7530000	7530	0.000227967239665	0.328887206149	0.357034446824	787	7517597.68615	7517.59768615	279
7540000	7540	0.000227761128601	0.32858985074	0.356420820251	788	7531974.29863	7531.97429863	279
7550000	7550	0.0002287865376	0.330069203218	0.35738470749	789	7540017.13204	7540.01713204	280
7560000	7560	0.00022767788552	0.32846975636	0.356689972864	791	7557570.13859	7557.57013859	280
7570000	7570	0.000228008858934	0.328947250063	0.357642860074	792	7565785.62671	7565.78562671	281
7580000	7580	0.000227876200654	0.32875586462	0.357369983891	793	7572994.02481	7572.99402481	281
7590000	7590	0.000228547788392	0.32972476092	0.357054911148	794	7581107.45963	7581.10745963	281
7600000	7600	0.000228180767946	0.329195262342	0.357751884873	795	7594695.74036	7594.69574036	282
7610000	7610	0.000228512127444	0.329673313047	0.357504514775	796	7601381.32719	7601.38132719	282
7620000	7620	0.000227953020783	0.32886669264	0.356921414176	797	7615230.74769	7615.23074769	282
7630000	7630	0.000227934275782	0.32883964932	0.357934395095	798	7622037.31838	7622.03731838	283
7640000	7640	0.00022792558488	0.328827110998	0.357276860117	800	7638925.45633	7638.92545633	283
7650000	7650	0.000228040356346	0.328992691222	0.356880558096	801	7648837.33352	7648.83733352	283
7660000	7660	0.000228075262686	0.329043050426	0.357898467468	802	7655462.2111	7655.4622111	284
7670000	7670	0.000228204574875	0.32922960848	0.35748950871	803	7665648.04742	7665.64804742	284
7680000	7680	0.000228104988327	0.329085935461	0.357226375649	804	7672722.02484	7672.72202484	284
7690000	7690	0.000228149615142	0.329150318346	0.357827596183	806	7689656.40851	7689.65640851	285
7700000	7700	0.000228093406028	0.329069225736	0.357546349864	807	7697130.9792	7697.1309792	285
7710000	7710	0.00022815716156	0.329161205526	0.357219523264	808	7705598.63983	7705.59863983	285
7720000	7720	0.000227694577876	0.328493838339	0.356628472013	809	7719795.37641	7719.79537641	285
7730000	7730	0.000227726934049	0.328540518429	0.357516029995	810	7729075.91305	7729.07591305	286
7740000	7740	0.000228466239446	0.329607110659	0.357516029995	810	7729075.91305	7729.07591305	286
7750000	7750	0.000228076366853	0.329044643403	0.356872178808	811	7744446.84098	7744.44684098	286
7760000	7760	0.000227634145648	0.328406653063	0.356309608239	812	7758101.40506	7758.10140506	286
7770000	7770	0.000227948691531	0.328860446848	0.356309608239	812	7758101.40506	7758.10140506	286
7780000	7780	0.000227245572976	0.327846061196	0.356722670651	814	7779068.21964	7779.06821964	287
7790000	7790	0.000227752873452	0.328577941077	0.356415566808	815	7787197.31114	7787.19731114	287
7800000	7800	0.000227927901366	0.328830452981	0.356187493394	816	7793609.05319	7793.60905319	287
7810000	7810	0.000227992961189	0.328924314465	0.355913076288	817	7801042.9117	7801.0429117	287
7820000	7820	0.00022744425299	0.328132695867	0.356637541016	818	7813747.30644	7813.74730644	288
7830000	7830	0.000228127603215	0.329118561848	0.356321857957	819	7822094.53209	7822.09453209	288
7840000	7840	0.000227497461222	0.32820945912	0.355731719373	820	7836496.20443	7836.49620443	288
7850000	7850	0.000227965812284	0.328885146874	0.356641174137	821	7845078.20156	7845.07820156	289
7860000	7860	0.000227549116991	0.328283982642	0.356237896102	822	7855383.90302	7855.38390302	289
7870000	7870	0.000228332967157	0.32941483939	0.357230383485	823	7862089.08806	7862.08908806	290
7880000	7880	0.000227615519864	0.328379781738	0.356674955924	824	7875756.64125	7875.75664125	290
7890000	7890	0.000227620291028	0.328386665072	0.356383279953	825	7883626.27455	7883.62627455	290
7900000	7900	0.000227854494453	0.328724549192	0.356066716468	826	7892058.65571	7892.05865571	290
7910000	7910	0.000227192936098	0.327770122234	0.356714437524	827	7906316.83891	7906.31683891	291
7920000	7920	0.000227214136024	0.327800707261	0.356369009021	828	7915404.07057	7915.40407057	291
7930000	7930	0.00022718020171	0.327751750395	0.356076091707	829	7923338.57435	7923.33857435	291
7940000	7940	0.000227144238346	0.327699866228	0.356712094882	831	7939236.72152	7939.23672152	292
7950000	7950	0.000227480186617	0.328184537134	0.356338945861	832	7948972.26531	7948.97226531	292
7960000	7960	0.000227894394794	0.328782113216	0.356338945861	832	7948972.26531	7948.97226531	292
7970000	7970	0.000227121300794	0.327666774335	0.355776780161	833	7962954.81354	7962.95481354	292
7980000	7980	0.000226928581201	0.327388738735	0.356378733869	835	7979573.46845	7979.57346845	293
7990000	7990	0.000227148534948	0.327706064915	0.357379733184	836	7985801.43145	7985.80143145	294
8000000	8000	0.000227169125554	0.32773577088	0.357089770046	837	7993706.00989	7993.70600989	294
8010000	8010	0.000227177176887	0.327747386499	0.356774467595	838	8002190.0411	8002.1900411	294
8020000	8020	0.000226768894311	0.32715835925	0.356206941338	839	8016359.61221	8016.35961221	294
8030000	8030	0.000227035593434	0.327543124752	0.355839640264	840	8026054.03961	8026.05403961	294
8040000	8040	0.000226692565084	0.327048239453	0.355839640264	840	8026054.03961	8026.05403961	294
8050000	8050	0.000226775248613	0.327167526571	0.355281200901	841	8040089.98475	8040.08998475	294
8060000	8060	0.000226834489772	0.327252993496	0.356103489706	842	8050228.73315	8050.22873315	295
8070000	8070	0.000226822850463	0.327236201524	0.356629249599	844	8068450.25497	8068.45025497	296
8080000	8080	0.000226839186103	0.327259768871	0.356418302799	845	8074644.33398	8074.64433398	296
8090000	8090	0.000226718355783	0.327085447566	0.35614897757	846	8082168.64798	8082.16864798	296
8100000	8100	0.000226794657376	0.327195527496	0.355840779623	847	8090586.40837	8090.58640837	296
8110000	8110	0.000226309647776	0.326495806551	0.355275792641	848	8104870.95996	8104.87095996	296
8120000	8120	0.000226135822134	0.32624502916	0.35614700128	849	8113777.03715	8113.77703715	297
8130000	8130	0.0002266842141	0.327036191531	0.355853953611	850	8121876.18794	8121.87618794	297
8140000	8140	0.000226505479353	0.326778331796	0.355367838661	851	8134403.95009	8134.40395009	297
8150000	8150	0.000226402155768	0.326629267372	0.356334760568	852	8141062.24777	8141.06224777	298
8160000	8160	0.000226449129196	0.326697035705	0.355760184823	854	8157044.03461	8157.04403461	298
8170000	8170	0.000226301164377	0.326483567593	0.355465997147	855	8165210.30143	8165.21030143	298
8180000	8180	0.000226334199593	0.326531227336	0.356203629449	857	8178474.40618	8178.47440618	299
8190000	8190	0.000226435051826	0.326676726353	0.355909190526	858	8186653.77286	8186.65377286	299
8200000	8200	0.000226274426965	0.326444993663	0.355701337705	859	8192850.21762	8192.85021762	299
8210000	8210	0.000226256518976	0.326419157896	0.356315876284	861	8208898.4042	8208.8984042	300
8220000	8220	0.000226104661506	0.326200073876	0.356315876284	861	8208898.4042	8208.8984042	300
8230000	8230	0.000225713150829	0.325635243364	0.355753782158	862	8223280.71954	8223.28071954	300
8240000	8240	0.000225581483855	0.325445288073	0.355236443243	864	8238080.03462	8238.08003462	300
8250000	8250	0.000225373602853	0.325145379184	0.356137087203	865	8246047.82429	8246.04782429	301
8260000	8260	0.000225755395414	0.325696189418	0.355845007165	866	8254226.21785	8254.22621785	301
8270000	8270	0.000225419327825	0.325211346374	0.355371070286	868	8268053.21717	8268.05321717	301
8280000	8280	0.000225361378566	0.325127743264	0.355072165383	869	8276421.55291	8276.42155291	301
8290000	8290	0.000224948757373	0.324532456716	0.355072165383	869	8276421.55291	8276.42155291	301
8300000	8300	0.000224824749536	0.324353551224	0.355408267813	871	8298883.27738	8298.88327738	302
8310000	8310	0.000225184189214	0.324872113065	0.355176496547	872	8305706.3031	8305.7063031	302
8320000	8320	0.000225808749867	0.325773163622	0.356039028872	873	8314427.98841	8314.42798841	303
8330000	8330	0.000224930101456	0.324505541918	0.355711247078	874	8323496.46962	8323.49646962	303
8340000	8340	0.000225594298352	0.325463775485	0.356578944163	875	8332052.03918	8332.05203918	304
8350000	8350	0.000225220054778	0.324923856137	0.356038200631	876	8346113.59357	8346.11359357	304
8360000	8360	0.000225240958217	0.324954013425	0.355671130414	877	8356134.04553	8356.13404553	304
8370000	8370	0.000225701170256	0.325617959051	0.356535815116	878	8364695.48939	8364.69548939	305
8380000	8380	0.000225562709279	0.325418202086	0.356188752977	879	8374252.0739	8374.2520739	305
8390000	8390	0.000225311185426	0.32505532987	0.357076944889	880	8382215.97663	8382.21597663	306
8400000	8400	0.000225598272569	0.325469509069	0.356750539907	881	8391290.59961	8391.29059961	306
8410000	8410	0.000225201521159	0.324897117776	0.356271815352	882	8403971.7253	8403.9717253	306
8420000	8420	0.000225441306674	0.325243055149	0.356944461611	884	8418357.5007	8418.3575007	307
8430000	8430	0.000225282959128	0.325014607931	0.356707979873	885	8425342.2928	8425.3422928	307
8440000	8440	0.000225447195674	0.325251551182	0.356426763091	886	8433393.10641	8433.39310641	307
8450000	8450	0.000225607012264	0.325482117782	0.356197899478	887	8440214.34366	8440.21434366	307
8460000	8460	0.000225097357199	0.324746840948	0.355653347176	888	8454540.62177	8454.54062177	307
8470000	8470	0.000224845801848	0.324383923291	0.356282847495	890	8469899.04561	8469.89904561	308
8480000	8480	0.000224793570149	0.324308568878	0.355985957366	891	8478364.60113	8478.36460113	308
8490000	8490	0.000224844384824	0.324381878957	0.355985957366	891	8478364.60113	8478.36460113	308
8500000	8500	0.000224804609615	0.32432449546	0.355449408496	892	8492564.89679	8492.56489679	308
8510000	8510	0.000225020619872	0.324636132387	0.355120688896	893	8501828.0682	8501.8280682	308
8520000	8520	0.000224845938225	0.324384120041	0.35458136216	894	8516162.09079	8516.16209079	308
8530000	8530	0.000225045018741	0.324671332514	0.355449452845	895	8524348.06761	8524.34806761	309
8540000	8540	0.000224855280934	0.324397598721	0.354972066418	897	8538615.33567	8538.61533567	309
8550000	8550	0.000224958917373	0.324547114498	0.354648699284	898	8547801.36302	8547.80136302	309
8560000	8560	0.000224743449957	0.324236260725	0.354648699284	898	8547801.36302	8547.80136302	309
8570000	8570	0.000224739682508	0.324230825445	0.355010487015	900	8569527.60708	8569.52760708	310
8580000	8580	0.000224785902432	0.324297506701	0.354688342351	901	8578711.10603	8578.71110603	310
8590000	8590	0.000224832633842	0.324364925873	0.354474021146	902	8585297.48772	8585.29748772	310
8600000	8600	0.00022491310743	0.32448102472	0.355373179918	903	8592598.51265	8592.59851265	311
8610000	8610	0.000225111445287	0.324767165763	0.355057572638	904	8601635.038	8601.635038	311
8620000	8620	0.000224820755552	0.324347789124	0.354591552466	905	8614338.63032	8614.33863032	311
8630000	8630	0.000225064426262	0.324699331648	0.355436887742	906	8622882.66804	8622.88266804	312
8640000	8640	0.000224677069143	0.324140493454	0.354915033852	907	8636960.49664	8636.96049664	312
8650000	8650	0.000224645743412	0.324095299978	0.354574067973	908	8646664.8437	8646.6648437	312
8660000	8660	0.000224725746759	0.324210720409	0.354303666474	909	8654662.29459	8654.66229459	312
8670000	8670	0.000224920045986	0.324491034941	0.355116896259	910	8663916.72291	8663.91672291	313
8680000	8680	0.000224880569085	0.324434081811	0.354644741784	911	8676849.82958	8676.84982958	313
8690000	8690	0.000224764522616	0.324266662146	0.35554718638	912	8683875.39749	8683.87539749	314
8700000	8700	0.000224898914524	0.324460548685	0.355067373019	914	8698404.99629	8698.40499629	314
8710000	8710	0.00022505796439	0.324690009137	0.354841874679	915	8705328.74344	8705.32874344	314
8720000	8720	0.000224709416789	0.324187161242	0.354323343879	916	8719464.98258	8719.46498258	314
8730000	8730	0.000224776433647	0.324283846131	0.355130898093	917	8728739.3538	8728.7393538	315
8740000	8740	0.000224824392045	0.324353035474	0.354919801488	918	8735326.53062	8735.32653062	315
8750000	8750	0.000224694640598	0.324165843705	0.354652968922	919	8743293.87565	8743.29387565	315
8760000	8760	0.000224768942248	0.324273038327	0.355264174791	921	8758750.08561	8758.75008561	316
8770000	8770	0.000224678691094	0.324142833434	0.354989503318	922	8766920.76832	8766.92076832	316
8780000	8780	0.000224732456483	0.324220400494	0.354989503318	922	8766920.76832	8766.92076832	316
8790000	8790	0.000225014458768	0.324627243792	0.354450066577	923	8781657.37351	8781.65737351	316
8800000	8800	0.00022506728503	0.324703455979	0.355104912784	924	8794596.56484	8794.59656484	317
8810000	8810	0.000225071138881	0.32470901591	0.354720989289	925	8805509.74816	8805.50974816	317
8820000	8820	0.000225002328905	0.324609744099	0.355576885299	926	8813419.19412	8813.41919412	318
8830000	8830	0.000224975201369	0.324570607338	0.355032242449	928	8829727.50538	8829.72750538	318
8840000	8840	0.000224651782213	0.324104012125	0.355032242449	928	8829727.50538	8829.72750538	318
8850000	8850	0.000224558317296	0.323969170754	0.354515959889	929	8843980.00883	8843.98000883	318
8860000	8860	0.000224479303932	0.323855178564	0.354207001003	930	8853087.67819	8853.08767819	318
8870000	8870	0.000224516423861	0.323908731302	0.354779492467	932	8869383.50991	8869.38350991	319
8880000	8880	0.000224508258132	0.323896950646	0.354509977944	933	8877518.57269	8877.51857269	319
8890000	8890	0.000224571537561	0.323988243564	0.354311244663	934	8883889.42033	8883.88942033	319
8900000	8900	0.000225195490595	0.324888417512	0.354100638383	935	8890564.01973	8890.56401973	319
8910000	8910	0.000224403326706	0.323745566598	0.353596721081	936	8904625.40467	8904.62540467	319
8920000	8920	0.000224669776512	0.324129972412	0.354496688403	937	8911252.99443	8911.25299443	320
8930000	8930	0.000224343894883	0.323659824601	0.353986646881	938	8925483.89563	8925.48389563	320
8940000	8940	0.000224748648482	0.324243760612	0.353762995811	939	8932517.16167	8932.51716167	320
8950000	8950	0.000224387034165	0.323722061429	0.354369107552	940	8946496.3855	8946.4963855	321
8960000	8960	0.000224512832351	0.323903549849	0.354028253688	941	8956500.81584	8956.50081584	321
8970000	8970	0.000224573117663	0.32399052317	0.353813561746	942	8963325.79077	8963.32579077	321
8980000	8980	0.000224259947575	0.323538714236	0.354404615269	943	8977644.64191	8977.64464191	322
8990000	8990	0.000224246859675	0.323519832388	0.35414749119	944	8985553.02821	8985.55302821	322
9000000	9000	0.000224217537037	0.323477528764	0.353892320339	945	8993421.79594	8993.42179594	322
9010000	9010	0.00022422054563	0.323481869245	0.353615445919	946	9001852.9138	9001.8529138	322
9020000	9020	0.000223853992086	0.322953044265	0.353110582258	947	9016113.35978	9016.11335978	322
9030000	9030	0.000223867882414	0.322973083773	0.353905410869	948	9025191.39662	9025.19139662	323
9040000	9040	0.000223901695903	0.323021866326	0.353441927199	950	9039805.10027	9039.80510027	323
9050000	9050	0.000224053286912	0.323240565923	0.353441927199	950	9039805.10027	9039.80510027	323
9060000	9060	0.000224239647474	0.323509427382	0.352979365306	951	9053040.22998	9053.04022998	323
9070000	9070	0.000223878594827	0.322988538519	0.353572184707	952	9067231.79587	9067.23179587	324
9080000	9080	0.000223963509891	0.32311104506	0.353263554034	953	9076542.60467	9076.54260467	324
9090000	9090	0.000223952989948	0.32309586799	0.353263554034	953	9076542.60467	9076.54260467	324
9100000	9100	0.000224572965581	0.323990303762	0.352744834581	954	9091279.62583	9091.27962583	324
9110000	9110	0.000224038009329	0.323218525029	0.353388221719	955	9104126.29007	9104.12629007	325
9120000	9120	0.000224766013132	0.324268812507	0.353113702808	956	9112593.7255	9112.5937255	325
9130000	9130	0.000223908955849	0.323032340214	0.35370310803	957	9126790.84248	9126.79084248	326
9140000	9140	0.000224005294081	0.323171326903	0.35339765258	958	9136069.40549	9136.06940549	326
9150000	9150	0.00022410871603	0.323320533236	0.35339765258	958	9136069.40549	9136.06940549	326
9160000	9160	0.000224744671884	0.324238023593	0.352884433001	959	9150746.99152	9150.74699152	326
9170000	9170	0.000224206312215	0.323461334768	0.353422720537	960	9166227.96587	9166.22796587	327
9180000	9180	0.000223951649202	0.323093933702	0.352988460591	961	9178896.05107	9178.89605107	327
9190000	9190	0.000224021016363	0.323194009362	0.352733503795	962	9186921.5811	9186.9215811	327
9200000	9200	0.000224037832582	0.323218270037	0.35360966846	963	9193573.76784	9193.57376784	328
9210000	9210	0.000224612421645	0.32404722683	0.353061063914	964	9209250.28164	9209.25028164	328
9220000	9220	0.00022425856361	0.323536717596	0.353061063914	964	9209250.28164	9209.25028164	328
9230000	9230	0.000224064909046	0.323257333118	0.353672382912	965	9222752.08944	9222.75208944	329
9240000	9240	0.000223984240123	0.323140952463	0.353187731377	966	9236799.65587	9236.79965587	329
9250000	9250	0.000224177920757	0.323420374553	0.354060888234	967	9243417.9967	9243.4179967	330
9260000	9260	0.000224028197719	0.323204369869	0.353565258765	968	9257767.23577	9257.76723577	330
9270000	9270	0.000224309238673	0.323609826259	0.353173004063	969	9269441.33504	9269.44133504	330
9280000	9280	0.000224544276818	0.323948914626	0.353910953388	970	9279535.76665	9279.53576665	331
9290000	9290	0.000224441609184	0.323800796539	0.353910953388	970	9279535.76665	9279.53576665	331
9300000	9300	0.00022431951055	0.323624645445	0.353482525218	971	9292174.75644	9292.17475644	331
9310000	9310	0.000224382338447	0.323715286941	0.353230294249	972	9300201.57438	9300.20157438	331
9320000	9320	0.000224375937395	0.323706052175	0.353714335148	974	9318316.94646	9318.31694646	332
9330000	9330	0.000224519044029	0.323912511406	0.353499613109	975	9325367.46696	9325.36746696	332
9340000	9340	0.000224218186144	0.323478465227	0.354087190832	976	9339325.50804	9339.32550804	333
9350000	9350	0.00022435229027	0.323671936584	0.353756823927	977	9349438.05661	9349.43805661	333
9360000	9360	0.000224177593362	0.323419902222	0.353508171727	978	9357404.58825	9357.40458825	333
9370000	9370	0.000224326442909	0.323634646726	0.353246510982	979	9365725.79958	9365.72579958	333
9380000	9380	0.00022478048917	0.324289697014	0.354059242381	980	9373677.26742	9373.67726742	334
9390000	9390	0.000224683789667	0.324150189121	0.353691123969	981	9384822.77337	9384.82277337	334
9400000	9400	0.000224502076724	0.323888032759	0.354469126381	982	9393650.36044	9393.65036044	335
9410000	9410	0.000224797811195	0.324314687413	0.354218380844	983	9401688.69891	9401.68869891	335
9420000	9420	0.000224959266465	0.32454761813	0.353876272716	984	9412166.38721	9412.16638721	335
9430000	9430	0.000224530317163	0.3239287751	0.354448101329	985	9426421.63604	9426.42163604	336
9440000	9440	0.000224540289536	0.323943162193	0.354158454645	986	9435519.85051	9435.51985051	336
9450000	9450	0.000224485783217	0.323864526197	0.353914848532	987	9443402.90349	9443.40290349	336
9460000	9460	0.000224549354306	0.323956239893	0.354470958049	989	9459425.44907	9459.42544907	337
9470000	9470	0.00022436862757	0.323695506326	0.354470958049	989	9459425.44907	9459.42544907	337
9480000	9480	0.000224268263977	0.323550712269	0.353999723931	990	9473405.54876	9473.40554876	337
9490000	9490	0.000224457769929	0.323824111566	0.353677345911	991	9483428.43859	9483.42843859	337
9500000	9500	0.000225003480261	0.324611405155	0.35449648784	992	9490977.9598	9490.9779598	338
9510000	9510	0.000224078459472	0.32327688225	0.354077839867	993	9503587.31856	9503.58731856	338
9520000	9520	0.000224248722713	0.323522520183	0.353801057438	994	9512409.35914	9512.40935914	338
9530000	9530	0.000224363121888	0.323687563307	0.354599955194	995	9520445.00028	9520.44500028	339
9540000	9540	0.0002245669177	0.323981578514	0.35427075497	996	9530678.46443	9530.67846443	339
9550000	9550	0.000224325554264	0.323633364681	0.353772146187	997	9545498.37459	9545.49837459	339
9560000	9560	0.000224437821356	0.323795331858	0.354568179903	998	9553549.45484	9553.54945484	340
9570000	9570	0.000224593791721	0.32402034953	0.354366445174	999	9560374.41237	9560.37441237	340
9580000	9580	0.000224157908446	0.323391502891	0.353887748941	1000	9574693.29447	9574.69329447	340
9590000	9590	0.000223965582359	0.323114034999	0.354687004382	1001	9582601.31403	9582.60131403	341
9600000	9600	0.000224109389104	0.323321504277	0.354187118502	1003	9598898.24078	9598.89824078	341
9610000	9610	0.000223376691073	0.322264444461	0.354187118502	1003	9598898.24078	9598.89824078	341
9620000	9620	0.000223592610232	0.322575949962	0.353712602836	1004	9613161.43286	9613.16143286	341
9630000	9630	0.000223980513182	0.323135575623	0.35343023976	1005	9622227.31523	9622.22731523	341
9640000	9640	0.000223878869055	0.322988934145	0.352991788953	1007	9636949.82022	9636.94982022	341
9650000	9650	0.000223900887407	0.323020699913	0.353805372605	1008	9644369.4699	9644.3694699	342
9660000	9660	0.000224114504863	0.323328884757	0.353517608744	1009	9653603.92978	9653.60392978	342
9670000	9670	0.000224051404892	0.323237850742	0.35312269784	1010	9665784.03606	9665.78403606	342
9680000	9680	0.000224214458078	0.323473086765	0.353908624179	1011	9673902.6511	9673.9026511	343
9690000	9690	0.000223816501079	0.322898956176	0.353434999658	1012	9688250.45464	9688.25045464	343
9700000	9700	0.000224351592852	0.323670930423	0.353083538198	1013	9699278.38846	9699.27838846	343
9710000	9710	0.00022454452575	0.323949273758	0.353083538198	1013	9699278.38846	9699.27838846	343
9720000	9720	0.000224502650037	0.323888859875	0.353645065952	1014	9713495.13129	9713.49513129	344
9730000	9730	0.000224872575139	0.324422548985	0.353447328872	1015	9720313.43712	9720.31343712	344
9740000	9740	0.000224217884051	0.3234780294	0.352977160054	1016	9734645.52698	9734.64552698	344
9750000	9750	0.000224071544515	0.323266906077	0.353556117495	1018	9749725.3373	9749.7253373	345
9760000	9760	0.000224127654184	0.323347855217	0.353297451085	1019	9758246.81266	9758.24681266	345
9770000	9770	0.000224343218131	0.323658848254	0.35302777056	1020	9767084.13123	9767.08413123	345
9780000	9780	0.000223930701793	0.323063712979	0.353854391846	1021	9773894.33026	9773.89433026	346
9790000	9790	0.00022420341786	0.323457159097	0.353585953777	1022	9782696.57903	9782.69657903	346
9800000	9800	0.000224290301305	0.323582505412	0.353345925003	1023	9790723.6051	9790.7236051	346
9810000	9810	0.000224285451329	0.323575508376	0.35381428081	1025	9808786.22398	9808.78622398	347
9820000	9820	0.00022435935431	0.32368212784	0.353625632108	1026	9815399.38078	9815.39938078	347
9830000	9830	0.000224518582143	0.323911845046	0.353217973994	1027	9828108.29969	9828.10829969	347
9840000	9840	0.000224788750896	0.324301616165	0.3540389285	1028	9834956.16675	9834.95616675	348
9850000	9850	0.000224656482245	0.324110792838	0.353800249273	1029	9842970.70461	9842.97070461	348
9860000	9860	0.000224617581021	0.324054670235	0.354341721296	1031	9858929.89028	9858.92989028	349
9870000	9870	0.000224652370146	0.324104860334	0.354341721296	1031	9858929.89028	9858.92989028	349
9880000	9880	0.000224332072615	0.323642768673	0.353884380516	1032	9873050.36477	9873.05036477	349
9890000	9890	0.000224404782116	0.32374766631	0.354433158041	1034	9888767.69877	9888.76769877	350
9900000	9900	0.00022483127718	0.324362968624	0.354433158041	1034	9888767.69877	9888.76769877	350
9910000	9910	0.000224120933876	0.323338159862	0.35395217126	1035	9903584.58843	9903.58458843	350
9920000	9920	0.000224529758212	0.323927968704	0.354499027209	1037	9919317.10066	9919.31710066	351
9930000	9930	0.000224794379537	0.324309736578	0.354170313516	1038	9929901.55143	9929.90155143	351
9940000	9940	0.000224667224527	0.324126290675	0.354170313516	1038	9929901.55143	9929.90155143	351
9950000	9950	0.00022451571199	0.32390770429	0.353718025657	1039	9943977.1327	9943.9771327	351
9960000	9960	0.000224385979781	0.323720540276	0.35442634883	1040	9953756.20867	9953.75620867	352
9970000	9970	0.000224530217957	0.323928631977	0.354190142295	1041	9961772.25458	9961.77225458	352
9980000	9980	0.000224423713113	0.323774977966	0.354732777228	1043	9977546.48686	9977.54648686	353
9990000	9990	0.00022439095377	0.323727716224	0.354466250283	1044	9986425.54535	9986.42554535	353
10000000	10000	0.000224516898049	0.323909415412	0.354228756499	1045	9994497.41492	9994.49741492	353
